####
#
# OBJ File Generated by Meshlab
#
####
# Object 112544.obj
#
# Vertices: 4557
# Faces: 9110
#
####
v 63.8793716 143.0270538 179.4935760
v 63.8793716 144.9835205 179.4935760
v 63.9662819 141.0747986 179.5880585
v 63.9662819 146.9357758 179.5880585
v 64.1397247 139.1351624 179.7766571
v 64.1397247 148.8753967 179.7766571
v 64.3989563 137.2165375 180.0585022
v 64.3989563 150.7940369 180.0585022
v 64.7428665 135.3271790 180.4324341
v 64.7428665 152.6833954 180.4324341
v 64.8942413 143.0762787 180.5970154
v 64.8942413 144.9342804 180.5970154
v 64.9420013 134.4138489 180.6489563
v 64.9420013 153.5966949 180.6489563
v 64.9560623 134.3584442 180.6617126
v 64.9767761 141.2223206 180.6867676
v 64.9767761 146.7882538 180.6867676
v 64.9861603 153.7467804 180.6782837
v 64.9918518 153.7601776 180.6793976
v 64.9928818 134.2504883 180.6784515
v 65.0063019 134.2111511 180.6845703
v 65.0143356 134.1918335 180.6863251
v 65.0472946 153.8906403 180.6902466
v 65.0567627 153.9094543 180.6905365
v 65.0632782 134.0924988 180.6887970
v 65.0835953 134.0512695 180.6898193
v 65.1371689 154.0465088 180.6828461
v 65.1414948 139.3803253 180.8658600
v 65.1414948 148.6302490 180.8658600
v 65.1521149 154.0663757 180.6788788
v 65.1524048 133.9442139 180.6786194
v 65.1692886 133.9179535 180.6758575
v 65.1817398 133.9011230 180.6726837
v 65.2301865 154.1701355 180.6581421
v 65.2437134 154.1858673 180.6535339
v 65.2578812 154.2001953 180.6477203
v 65.2583008 133.8106689 180.6472168
v 65.2807083 133.7842102 180.6397400
v 65.3511276 154.2945862 180.6094360
v 65.3769836 133.6949768 180.5964355
v 65.3770752 154.3149719 180.5960541
v 65.3876724 137.5582733 181.1335297
v 65.3876724 150.4523010 181.1335297
v 65.3914948 133.6815186 180.5899048
v 65.4064026 134.6729584 181.1539001
v 65.4064026 153.3376007 181.1539001
v 65.4068756 133.6692200 180.5820923
v 65.4588776 134.5111237 181.1886749
v 65.4588776 153.4994354 181.1886749
v 65.4653397 154.3842926 180.5505524
v 65.4811630 154.3948975 180.5415497
v 65.5053635 154.4084473 180.5264893
v 65.5054398 133.6017456 180.5266113
v 65.5241547 133.5889282 180.5160828
v 65.5319672 134.3541565 181.2019958
v 65.5319672 153.6564026 181.2019958
v 65.6032104 154.4632263 180.4656830
v 65.6234665 134.2068176 181.1934509
v 65.6234665 153.8037567 181.1934509
v 65.6391983 154.4767151 180.4401550
v 65.6472855 133.5282593 180.4356232
v 65.6637268 133.5218811 180.4240570
v 65.7142639 135.7640228 181.4886322
v 65.7142639 152.2465515 181.4886322
v 65.7254791 154.5090179 180.3789215
v 65.7306137 134.0735321 181.1632996
v 65.7306137 153.9370422 181.1632996
v 65.7418060 154.5134430 180.3665314
v 65.7742920 154.5188904 180.3402405
v 65.7745361 133.4903717 180.3406677
v 65.7858658 133.4871368 180.3321381
v 65.8501816 133.9583130 181.1124573
v 65.8501816 154.0522614 181.1124573
v 65.8630524 154.5337219 180.2684326
v 65.8924866 134.9441681 181.6824036
v 65.8924866 153.0663910 181.6824036
v 65.9034271 143.0270538 177.7119141
v 65.9034271 144.9835205 177.7119141
v 65.9064484 153.1217499 181.6950531
v 65.9072571 133.4752350 180.2299042
v 65.9072571 154.5353394 180.2299042
v 65.9364777 134.7939911 181.7115326
v 65.9421539 134.7806091 181.7126465
v 65.9431915 153.2298431 181.7117157
v 65.9565353 153.2691345 181.7177734
v 65.9645386 153.2884674 181.7195129
v 65.9785614 133.8646545 181.0424347
v 65.9785614 154.1459045 181.0424347
v 65.9861298 141.0747986 177.8101196
v 65.9861298 146.9357758 177.8101196
v 65.9974747 134.6500854 181.7233582
v 66.0069275 134.6312561 181.7236481
v 66.0134277 153.3879242 181.7219086
v 66.0336685 153.4290924 181.7229156
v 66.0872345 134.4941711 181.7158661
v 66.1021576 134.4743042 181.7118835
v 66.1024475 153.5362396 181.7116241
v 66.1118851 133.7953644 180.9553833
v 66.1118851 154.2151947 180.9553833
v 66.1192703 153.5624542 181.7088623
v 66.1317139 153.5792999 181.7056885
v 66.1511765 139.1351624 178.0061035
v 66.1511765 148.8753967 178.0061035
v 66.1801758 134.3704834 181.6911011
v 66.1937027 134.3547668 181.6864624
v 66.2078400 134.3404541 181.6806488
v 66.2082672 153.6698151 181.6801453
v 66.2306137 153.6962433 181.6726990
v 66.2461319 133.7525330 180.8538666
v 66.2461319 154.2580261 180.8538666
v 66.3010788 134.2460175 181.6423340
v 66.3268967 153.7855225 181.6293640
v 66.3269882 134.2256622 181.6289673
v 66.3413620 153.7989502 181.6228333
v 66.3567429 153.8112640 181.6150055
v 66.3772507 133.7374725 180.7410278
v 66.3772507 154.2730865 180.7410278
v 66.3978729 137.2165375 178.2989960
v 66.3978729 150.7940369 178.2989960
v 66.4152679 134.1563110 181.5834503
v 66.4310913 134.1457062 181.5744324
v 66.4552536 134.1321716 181.5594330
v 66.4553299 153.8787689 181.5595551
v 66.4740219 153.8915710 181.5490265
v 66.5531464 134.0773773 181.4985962
v 66.5890884 134.0639191 181.4730988
v 66.5971603 153.9522400 181.4686127
v 66.6136017 153.9586029 181.4570465
v 66.6754227 134.0315857 181.4118652
v 66.6917572 134.0271606 181.3994751
v 66.7241974 134.0217285 181.3732605
v 66.7244415 153.9901428 181.3736725
v 66.7251434 135.3271790 178.6875610
v 66.7251434 152.6833954 178.6875610
v 66.7357559 153.9933624 181.3651428
v 66.8130264 134.0068970 181.3014374
v 66.8571854 134.0052795 181.2629547
v 66.8571854 154.0052948 181.2629547
v 66.8692017 143.0762787 178.8585968
v 66.8692017 144.9342804 178.8585968
v 66.9477386 141.2223206 178.9518433
v 66.9477386 146.7882538 178.9518433
v 67.1044922 139.3803253 179.1379547
v 67.1044922 148.6302490 179.1379547
v 67.1315689 133.4752350 179.1701202
v 67.1315689 154.5353394 179.1701202
v 67.3387604 137.5582733 179.4161072
v 67.3387604 150.4523010 179.4161072
v 67.6495514 135.7640228 179.7851105
v 67.6495514 152.2465515 179.7851105
v 68.0032654 143.0270538 176.0202637
v 68.0032654 144.9835205 176.0202637
v 68.0355225 134.0052795 180.2433929
v 68.0355225 154.0052948 180.2433929
v 68.0816116 141.0747986 176.1219635
v 68.0816116 146.9357758 176.1219635
v 68.2379608 139.1351624 176.3249512
v 68.2379608 148.8753967 176.3249512
v 68.4716415 137.2165375 176.6283417
v 68.4716415 150.7940369 176.6283417
v 68.4761429 133.4752350 178.0869141
v 68.4761429 154.5353394 178.0869141
v 68.7816467 135.3271790 177.0308075
v 68.7816467 152.6833954 177.0308075
v 68.9180984 143.0762787 177.2079620
v 68.9180984 144.9342804 177.2079620
v 68.9925003 141.2223206 177.3045654
v 68.9925003 146.7882538 177.3045654
v 69.1409760 139.3803253 177.4973297
v 69.1409760 148.6302490 177.4973297
v 69.1666412 133.4752350 177.5306244
v 69.1666412 154.5353394 177.5306244
v 69.3485870 134.0052795 179.1855469
v 69.3485870 154.0052948 179.1855469
v 69.3628998 137.5582733 177.7854309
v 69.3628998 150.4523010 177.7854309
v 69.6572952 135.7640228 178.1676483
v 69.6572952 152.2465515 178.1676483
v 69.7992020 148.0743408 164.5301361
v 69.8361435 150.8958130 164.5938721
v 69.8867645 145.2573090 164.6811676
v 69.9973221 153.6999054 164.8718567
v 70.0229111 134.0052795 178.6423035
v 70.0229111 154.0052948 178.6423035
v 70.0981598 142.4665070 165.0457611
v 70.1748962 143.0270538 174.4217987
v 70.1748962 144.9835205 174.4217987
v 70.1796951 141.8918152 165.1863861
v 70.2487335 141.0747986 174.5268250
v 70.2487335 146.9357758 174.5268250
v 70.2814789 156.4649048 165.3619385
v 70.3070755 141.3512726 165.4060822
v 70.3960724 139.1351624 174.7364349
v 70.3960724 148.8753967 174.7364349
v 70.4769058 140.8592834 165.6989899
v 70.6163025 137.2165375 175.0497284
v 70.6163025 150.7940369 175.0497284
v 70.6846466 140.4290009 166.0572815
v 70.6864090 159.1694336 166.0603333
v 70.8814468 159.7236023 178.2738953
v 70.8818207 159.6403656 178.2046356
v 70.8819962 159.6031647 178.1736755
v 70.8829575 159.7402039 178.2864532
v 70.8895798 159.7769165 178.3115540
v 70.8992233 159.5145264 178.0862885
v 70.9038010 159.4909973 178.0630951
v 70.9061432 159.8686829 178.3743286
v 70.9083176 159.4769287 178.0477905
v 70.9084549 135.3271790 175.4653320
v 70.9084549 152.6833954 175.4653320
v 70.9208755 159.9201660 178.4052124
v 70.9247665 140.0718842 166.4714203
v 70.9422302 159.4038544 177.9596863
v 70.9527817 159.3811188 177.9322662
v 71.0082779 159.3109589 177.8287354
v 71.0172501 159.2996063 177.8119965
v 71.0272827 159.2900085 177.7958069
v 71.0370560 143.0762787 175.6482849
v 71.0370560 144.9342804 175.6482849
v 71.0860825 160.4228668 178.7036438
v 71.0965500 159.2398224 177.6971741
v 71.0968628 148.0743408 163.7777557
v 71.1071701 141.2223206 175.7480164
v 71.1071701 146.7882538 175.7480164
v 71.1103668 159.2298126 177.6774750
v 71.1338043 150.8958130 163.8414917
v 71.1844177 145.2573090 163.9287720
v 71.1908417 139.7974854 166.9303131
v 71.2089920 161.7925415 166.9616241
v 71.2099304 159.1884308 177.5605927
v 71.2173996 143.9994202 171.7452698
v 71.2241135 159.1844940 177.5455322
v 71.2446823 143.9994202 172.3647766
v 71.2471008 139.3803253 175.9470825
v 71.2471008 148.6302490 175.9470825
v 71.2637329 133.4752350 175.9870300
v 71.2637329 154.5353394 175.9870300
v 71.2712784 133.4752350 175.9814758
v 71.2712784 154.5353394 175.9814758
v 71.2720871 144.6410980 171.7474365
v 71.2741165 143.3579102 171.7475128
v 71.2934036 143.9994202 171.1298370
v 71.2949753 153.6999054 164.1194611
v 71.2989655 144.6410980 172.3578186
v 71.3009796 143.3579102 172.3575592
v 71.3051605 159.2726135 178.6859283
v 71.3094711 159.4126129 178.7890625
v 71.3255463 159.1445312 178.5700378
v 71.3255615 159.1686707 177.4476013
v 71.3361816 159.1670227 177.4373474
v 71.3383408 159.5602722 178.8763123
v 71.3469772 144.6410980 171.1410522
v 71.3489609 143.3579102 171.1414795
v 71.3700180 159.0322571 178.4448547
v 71.3744812 143.9994202 172.9711456
v 71.3958130 142.4665070 164.2933807
v 71.4268646 144.6410980 172.9552612
v 71.4288025 143.3579102 172.9546814
v 71.4365463 145.2637329 171.7539062
v 71.4372253 158.9391632 178.3141785
v 71.4405365 142.7357941 171.7540741
v 71.4562378 137.5582733 176.2445984
v 71.4562378 150.4523010 176.2445984
v 71.4594040 159.1706848 177.3367004
v 71.4622192 145.2637329 172.3368988
v 71.4661789 142.7357941 172.3363953
v 71.4705887 143.9994202 170.5355988
v 71.4757767 139.6131287 167.4217529
v 71.4773483 141.8918152 164.4340057
v 71.5080719 145.2637329 171.1747742
v 71.5119781 142.7357941 171.1755981
v 71.5215530 144.6410980 170.5555420
v 71.5234375 143.3579102 170.5562897
v 71.5251236 158.8681030 178.1819916
v 71.5600967 143.9466400 173.4566803
v 71.5622711 143.9992828 173.4556122
v 71.5717773 161.7006378 179.5463409
v 71.5790024 144.4051666 173.4473114
v 71.5791397 156.4649048 164.6095581
v 71.5843735 145.2637329 172.9075165
v 71.5881882 142.7357941 172.9063568
v 71.5915222 143.4923859 173.4411011
v 71.6047287 141.3512726 164.6536865
v 71.6115570 144.6406097 173.4311371
v 71.6138153 143.3585663 173.4300079
v 71.6251297 144.7388153 173.4243927
v 71.6310730 158.8211975 178.0522614
v 71.6470413 143.1591339 173.4134827
v 71.6748123 145.2637329 170.6155548
v 71.6785202 142.7357941 170.6170197
v 71.6824646 143.0270691 173.3957977
v 71.6833420 144.9835052 173.3953705
v 71.7058411 145.8486481 171.7645569
v 71.7116776 142.1517334 171.7647705
v 71.7295303 145.8486481 172.3026428
v 71.7298737 145.1790924 173.3721619
v 71.7336884 135.7640228 176.6392822
v 71.7336884 152.2465515 176.6392822
v 71.7353210 142.1517334 172.3019104
v 71.7432861 158.9192505 179.2018280
v 71.7434769 158.9031830 179.1882629
v 71.7440186 143.9994202 169.9790192
v 71.7518539 158.7998505 177.9289246
v 71.7527924 159.0314941 179.2878571
v 71.7537994 159.0433502 179.2969360
v 71.7570572 158.7870789 179.0805817
v 71.7597580 145.2620697 173.3571777
v 71.7628098 158.7697144 179.0614929
v 71.7649536 142.7195892 173.3546143
v 71.7718582 145.8486481 171.2299957
v 71.7719650 139.5236969 167.9326019
v 71.7745590 140.8592834 164.9465942
v 71.7775726 142.1517334 171.2311859
v 71.7856750 159.1746368 179.3811035
v 71.7909622 144.6410980 170.0071716
v 71.7911072 158.6843414 178.9674988
v 71.7927017 143.3579102 170.0082092
v 71.7973251 158.6713104 178.9515991
v 71.8054199 158.6589050 178.9347229
v 71.8422928 145.8486481 172.8293304
v 71.8451767 164.3139496 168.0588531
v 71.8478699 142.1517334 172.8276520
v 71.8545761 158.5836182 178.8320618
v 71.8724213 158.5669556 178.8036041
v 71.8831482 145.6047974 173.2952576
v 71.8838196 158.8047485 177.8157196
v 71.9069748 159.5428467 179.6000824
v 71.9257584 145.8486481 170.7138062
v 71.9287720 142.3027039 173.2722473
v 71.9290771 158.5140533 178.7132111
v 71.9311905 142.1517334 170.7159424
v 71.9321136 145.2637329 170.0918121
v 71.9355392 142.7357941 170.0938568
v 71.9403458 158.5060730 178.6973114
v 71.9603882 158.4956360 178.6721039
v 71.9822998 140.4290009 165.3049011
v 71.9840698 159.1694336 165.3079376
v 71.9986877 145.8476105 173.2368774
v 72.0051346 142.1536560 173.2335663
v 72.0238647 145.9005280 173.2241516
v 72.0344543 158.4570007 178.5788574
v 72.0675278 158.4482117 178.5440674
v 72.0708847 134.0052795 177.1348724
v 72.0708847 154.0052948 177.1348724
v 72.0715103 139.5316315 168.4492188
v 72.0718994 146.3783112 171.7789917
v 72.0782471 134.0052795 177.1294403
v 72.0782471 154.0052948 177.1294403
v 72.0794067 141.6232147 171.7792969
v 72.0796432 142.0082245 173.1958313
v 72.0929108 146.3783112 172.2560883
v 72.1003571 141.6232147 172.2551270
v 72.1061020 143.9994202 169.4756165
v 72.1259155 162.8974762 180.4624329
v 72.1304321 146.3783112 171.3050232
v 72.1377792 141.6232147 171.3065796
v 72.1406708 158.4287872 178.4671326
v 72.1477203 144.6410980 169.5111694
v 72.1492538 143.3579102 169.5124817
v 72.1556015 158.4266052 178.4528656
v 72.1632614 145.8486481 170.2303925
v 72.1682663 142.1517334 170.2333832
v 72.1897812 158.4252625 178.4231262
v 72.1928787 146.3783112 172.7230530
v 72.2000580 141.6232147 172.7208862
v 72.2224197 140.0718842 165.7190247
v 72.2516479 146.2772980 173.1080170
v 72.2668839 146.3783112 170.8473816
v 72.2728500 145.2637329 169.6180725
v 72.2738724 141.6232147 170.8501282
v 72.2742157 158.4219208 178.3496246
v 72.2758942 142.7357941 169.6206665
v 72.3186111 141.6389923 173.0736237
v 72.3232269 158.4258881 178.3116760
v 72.3273544 146.3745575 173.0689392
v 72.3308487 141.6238251 173.0673065
v 72.3409500 160.6944580 180.3547516
v 72.3664017 139.6366882 168.9578247
v 72.4583130 144.0613556 169.1163483
v 72.4605179 143.9997406 169.1201477
v 72.4644547 146.5506744 172.9981842
v 72.4644699 141.4581146 172.9982147
v 72.4697952 159.2723083 176.5993042
v 72.4774628 146.3783112 170.4187622
v 72.4777679 145.8486481 169.7931213
v 72.4807358 143.4335327 169.1550293
v 72.4822083 142.1517334 169.7969208
v 72.4833679 141.0747986 173.0277405
v 72.4833679 146.9357758 173.0277405
v 72.4838943 141.6232147 170.4226227
v 72.4880142 144.6407318 169.1675873
v 72.4884949 139.7974854 166.1779327
v 72.4900131 143.3592377 169.1710358
v 72.4904175 144.6875000 169.1717224
v 72.5066452 161.7925415 166.2092285
v 72.5201950 146.6222839 172.9694366
v 72.5237579 146.8368683 171.7968140
v 72.5270309 141.3805389 172.9658813
v 72.5327072 141.1661072 171.7971649
v 72.5414505 146.8368683 172.1986084
v 72.5503235 141.1661072 172.1974640
v 72.5570221 142.8227539 169.2865906
v 72.5718231 145.2630615 169.3121185
v 72.5730591 146.8368683 171.3976746
v 72.5757675 142.7384033 169.3189240
v 72.5760956 145.2932892 169.3194885
v 72.5818100 141.1661072 171.3995056
v 72.5900345 166.7141571 169.3435364
v 72.6214294 139.1351624 173.2435760
v 72.6214294 148.8753967 173.2435760
v 72.6256409 146.8368683 172.5918579
v 72.6342087 141.1661072 172.5892792
v 72.6487885 139.8360748 169.4448547
v 72.6848907 142.2472839 169.5071259
v 72.6879654 146.8368683 171.0122681
v 72.6962967 141.1661072 171.0155334
v 72.7127838 145.8606567 169.5552521
v 72.7156219 142.1557770 169.5601349
v 72.7370148 141.1705780 172.8559723
v 72.7372437 146.8480072 172.8561096
v 72.7449112 164.0056610 181.4460449
v 72.7563095 146.3783112 170.0310822
v 72.7620163 141.6232147 170.0359650
v 72.7734375 139.6131287 166.6693726
v 72.8277817 137.2165375 173.5661621
v 72.8277817 150.7940369 173.5661621
v 72.8308105 141.0767975 172.8068848
v 72.8333969 141.0747986 172.8055115
v 72.8348846 161.7757568 181.1738281
v 72.8417587 146.9357605 172.8008270
v 72.8605347 141.7242584 169.8100586
v 72.8653107 146.8368683 170.6513062
v 72.8729782 141.1661072 170.6558990
v 72.8905792 160.6235352 177.3581848
v 72.8964157 146.3726501 169.8719635
v 72.8990936 146.3778992 169.8765717
v 72.9063187 141.6287842 169.8890381
v 72.9111099 140.1244507 169.8973083
v 72.9340363 163.9908752 181.6851959
v 72.9402924 151.5369873 169.9476318
v 72.9708862 149.2113037 170.0003967
v 73.0239563 153.8574982 170.0919189
v 73.0478668 147.2105560 171.8174896
v 73.0579834 140.7940674 171.8179016
v 73.0600739 147.1190643 172.6853485
v 73.0617218 147.2105560 172.1319427
v 73.0696259 139.5236969 167.1802063
v 73.0717621 140.7940674 172.1306458
v 73.0786972 141.2693176 170.1863403
v 73.0864487 147.2105560 171.5051270
v 73.0963593 140.7940674 171.5072021
v 73.1001358 146.8368683 170.3247986
v 73.1015244 135.3271790 173.9941254
v 73.1015244 152.6833954 173.9941254
v 73.1069412 141.1661072 170.3306274
v 73.1154404 146.9027405 170.2497101
v 73.1182709 164.0236816 181.9263763
v 73.1215057 146.8140106 170.2601624
v 73.1276016 147.2105560 172.4397125
v 73.1372910 140.7940674 172.4367523
v 73.1428299 164.3139496 167.3064728
v 73.1442337 141.1730499 170.2993622
v 73.1463852 140.4941559 170.3030701
v 73.1616821 140.8194580 172.6310577
v 73.1763763 147.2105560 171.2035065
v 73.1858063 140.7940674 171.2071991
v 73.1934967 147.2048645 172.6136169
v 73.2003632 140.7957153 172.6102142
v 73.2038803 141.0854645 170.4022217
v 73.2210541 156.1505432 170.4318695
v 73.2220230 143.0762787 174.1825104
v 73.2220230 144.9342804 174.1825104
v 73.2305603 146.8368378 170.1933289
v 73.2643585 158.5201569 177.6254272
v 73.2877274 141.2223206 174.2852173
v 73.2877274 146.7882538 174.2852173
v 73.2930756 164.1033020 182.1636200
v 73.3151627 147.2105560 170.9210052
v 73.3238449 140.7940674 170.9262238
v 73.3328857 140.8959961 170.6247253
v 73.3691711 139.5316315 167.6968384
v 73.3769455 161.9013824 178.2003632
v 73.3857727 162.7801514 182.0523529
v 73.3959045 140.8856812 170.5785980
v 73.4111252 147.3448029 172.4966278
v 73.4168167 146.8758087 170.0792084
v 73.4188385 139.3803253 174.4901886
v 73.4188385 148.6302490 174.4901886
v 73.4216614 140.6599426 172.4909210
v 73.4378204 168.9745636 170.8057098
v 73.4390717 146.8804779 170.0655670
v 73.4414902 133.4752350 174.5256042
v 73.4414902 154.5353394 174.5256042
v 73.4541473 164.2277527 182.3911285
v 73.4989395 147.2105560 170.6654968
v 73.5066452 140.7940674 170.6720886
v 73.5297241 158.3941803 170.9642334
v 73.5446777 140.8613434 170.4696960
v 73.5975266 164.3939819 182.6032410
v 73.6148071 137.5582733 174.7965393
v 73.6148071 150.4523010 174.7965393
v 73.6285248 147.4881592 171.8404083
v 73.6381149 147.4881592 172.0580750
v 73.6395187 140.5182953 171.8408508
v 73.6417923 159.7357483 178.3065643
v 73.6490173 140.5182953 172.0566711
v 73.6552353 147.4881592 171.6241760
v 73.6640625 139.6366882 168.2054443
v 73.6660004 140.5182953 171.6264343
v 73.6726379 140.8509674 170.3856506
v 73.6795349 147.4771423 172.3502045
v 73.6837158 147.4881592 172.2711182
v 73.6889267 165.6828461 179.6140747
v 73.6942444 140.5182953 172.2679291
v 73.6954193 165.9446106 179.6570892
v 73.7059708 147.4865723 172.3355560
v 73.7090149 165.4183502 179.6076813
v 73.7168579 140.5223846 172.3293762
v 73.7174835 147.4881592 171.4153900
v 73.7196732 164.5978851 182.7947693
v 73.7226181 147.2105560 170.4440765
v 73.7277298 140.5182953 171.4194031
v 73.7283249 166.1959534 179.7354889
v 73.7291107 140.7940674 170.4518280
v 73.7550125 146.9020996 169.8789673
v 73.7551117 165.1588287 179.6380920
v 73.7559738 144.0613556 168.3639526
v 73.7581711 143.9997406 168.3677521
v 73.7642746 146.9027405 169.8735199
v 73.7783890 143.4335327 168.4026489
v 73.7856750 144.6407318 168.4152069
v 73.7866592 166.4295654 179.8469543
v 73.7876740 143.3592377 168.4186401
v 73.7880783 144.6875000 168.4193268
v 73.7931747 140.4868164 172.2876282
v 73.8135605 147.4881592 171.2198181
v 73.8175888 164.8344574 182.9609985
v 73.8229904 140.5182953 171.2254944
v 73.8235092 140.8387299 170.2865295
v 73.8258743 164.9118500 179.7044220
v 73.8546753 142.8227539 168.5342102
v 73.8687363 166.6386261 179.9882507
v 73.8694763 145.2630615 168.5597229
v 73.8734207 142.7384033 168.5665436
v 73.8737488 145.2932892 168.5671082
v 73.8747711 135.7640228 175.2029572
v 73.8747711 152.2465515 175.2029572
v 73.8876877 166.7141571 168.5911407
v 73.8888550 165.0978699 183.0978241
v 73.9192123 164.6846313 179.8047485
v 73.9257736 163.0976410 179.1204224
v 73.9317169 165.3816071 183.2018890
v 73.9345322 159.3668671 175.6090698
v 73.9407730 147.4881592 171.0429535
v 73.9451294 165.6787415 183.2706146
v 73.9464417 139.8360748 168.6924744
v 73.9469986 160.5668488 171.6839142
v 73.9482193 140.4386749 172.2012482
v 73.9491348 140.5182953 171.0500946
v 73.9513779 140.8408966 170.2144775
v 73.9657135 147.5791016 172.1916199
v 73.9721527 166.8170319 180.1552277
v 73.9799576 147.2105560 170.2628632
v 73.9825516 142.2472839 168.7547455
v 73.9850769 140.7940674 170.2716064
v 73.9902573 163.7015228 182.9849701
v 74.0104370 145.8606567 168.8028564
v 74.0132751 142.1557770 168.8077393
v 74.0324249 164.4838104 179.9361267
v 74.0588226 147.6122742 172.1400299
v 74.0765915 160.8874664 179.0606079
v 74.0925064 146.8804779 169.6867065
v 74.0938873 166.9595337 180.3430481
v 74.0956039 147.4881592 170.8896790
v 74.0958862 146.8797913 169.6848602
v 74.1026688 140.5182953 170.8981171
v 74.1581879 141.7242584 169.0576630
v 74.1622009 164.3152466 180.0947266
v 74.1662827 167.7159271 175.9407501
v 74.1682129 167.7182007 175.8623505
v 74.1759567 140.3679504 172.0743561
v 74.1766434 167.7134399 176.0184937
v 74.1815643 167.1386719 175.9671173
v 74.1823807 167.7202454 175.7852173
v 74.1826782 133.4752350 174.0739594
v 74.1826782 154.5353394 174.0739594
v 74.1837997 167.1293640 175.8892365
v 74.1915894 167.1487579 176.0442657
v 74.1940765 146.3726501 169.1195679
v 74.1967468 146.3778992 169.1241913
v 74.1976166 134.0052795 175.7076874
v 74.1976166 154.0052948 175.7076874
v 74.1982422 167.1210480 175.8125763
v 74.1990433 167.7108307 176.0936432
v 74.2012939 168.2897339 176.0011444
v 74.2039337 168.3035431 175.9239655
v 74.2039719 141.6287842 169.1366425
v 74.2084503 167.7219696 175.7112274
v 74.2087631 140.1244507 169.1449127
v 74.2090836 143.9994202 168.2433014
v 74.2108994 168.2747650 176.0775604
v 74.2136459 167.1593781 176.1188202
v 74.2185745 140.8454437 170.0639191
v 74.2187271 168.3158569 175.8479004
v 74.2197647 144.6410980 168.2969971
v 74.2201614 143.3579102 168.2989807
v 74.2245560 167.1139526 175.7389832
v 74.2303772 167.0620270 180.5461884
v 74.2324982 168.2590027 176.1513214
v 74.2329254 167.7081604 176.1643372
v 74.2368317 140.8477020 170.0554199
v 74.2379532 151.5369873 169.1952362
v 74.2453308 168.3263855 175.7748413
v 74.2457733 167.7233734 175.6422424
v 74.2466812 166.5753937 176.0794220
v 74.2471771 167.1702728 176.1889191
v 74.2483215 147.6614075 171.8648682
v 74.2502289 166.5547638 176.0038147
v 74.2518616 145.2637329 168.4584198
v 74.2526321 142.7357941 168.4623413
v 74.2533569 147.6614075 171.9792328
v 74.2552948 166.5977325 176.1541443
v 74.2598648 140.3470001 171.8653107
v 74.2620621 167.1082458 175.6703186
v 74.2623596 147.6614075 171.7512512
v 74.2638321 147.2105560 170.1269226
v 74.2648087 140.3470001 171.9777679
v 74.2655563 168.2428741 176.2206268
v 74.2658463 166.5363770 175.9291534
v 74.2674332 140.7940674 170.1363983
v 74.2685394 149.2113037 169.2480011
v 74.2690887 147.6559296 172.0213623
v 74.2736511 140.3470001 171.7536163
v 74.2737503 147.4881592 170.7642365
v 74.2758560 166.6212616 176.2261047
v 74.2762070 140.3496094 172.0176086
v 74.2793121 140.5182953 170.7737274
v 74.2830887 168.3348389 175.7065735
v 74.2855530 168.8428345 176.1464691
v 74.2898788 168.8677521 176.0721893
v 74.2931442 166.5206604 175.8572845
v 74.2933197 168.8158264 176.2197113
v 74.2934341 167.7243958 175.5799103
v 74.2950668 147.6614075 171.6415405
v 74.3044205 145.8486481 168.7227478
v 74.3047409 164.1838837 180.2759094
v 74.3055573 142.1517334 168.7284698
v 74.3058167 140.3470001 171.6457520
v 74.3061905 168.8899841 175.9987335
v 74.3069763 146.8368378 169.5692139
v 74.3078537 166.6453705 176.2935638
v 74.3098526 167.1040802 175.6082306
v 74.3129883 168.7873993 176.2901611
v 74.3216019 153.8574982 169.3395233
v 74.3262100 147.6678009 171.9891205
v 74.3310623 168.3410339 175.6448212
v 74.3314514 166.5080261 175.7899933
v 74.3323746 159.3925323 175.3401184
v 74.3340836 168.9089661 175.9279022
v 74.3382645 140.3382416 171.9824677
v 74.3440704 168.7582703 176.3560333
v 74.3455429 147.6614075 171.5387878
v 74.3502502 167.7250214 175.5258179
v 74.3554459 140.3470001 171.5447235
v 74.3596802 166.0430450 176.2743073
v 74.3654938 166.0117340 176.2026062
v 74.3658295 166.0769806 176.3447876
v 74.3667526 167.1015320 175.5542755
v 74.3728714 168.9242401 175.8614349
v 74.3758621 146.3783112 169.0820618
v 74.3763504 141.2693176 169.4339447
v 74.3773193 141.6232147 169.0894165
v 74.3776627 167.1214905 180.7587585
v 74.3798370 166.4987640 175.7289276
v 74.3819580 171.0777130 172.4340820
v 74.3831329 165.9837952 176.1314392
v 74.3838043 166.1127014 176.4122772
v 74.3880692 168.3448181 175.5910339
v 74.4121628 165.9599457 176.0625763
v 74.4123917 147.6614075 171.4458466
v 74.4131012 146.9027405 169.4973297
v 74.4131393 166.1493225 176.4751740
v 74.4148331 167.7252350 175.4812622
v 74.4165192 169.3585510 176.3723297
v 74.4191589 146.8140106 169.5077667
v 74.4200439 167.5285492 175.4902344
v 74.4211655 140.3470001 171.4533539
v 74.4214249 169.3203278 176.4406738
v 74.4216080 168.9354248 175.8009796
v 74.4234695 169.3938446 176.3025970
v 74.4313660 167.1006622 175.5097809
v 74.4370956 166.4931183 175.6755981
v 74.4380951 169.2800903 176.5059357
v 74.4408264 168.1513519 175.5260925
v 74.4418945 141.1730499 169.5469818
v 74.4421234 169.4253082 176.2331848
v 74.4440460 140.4941559 169.5506897
v 74.4508896 147.6936798 171.9187622
v 74.4518661 165.9407501 175.9976807
v 74.4527130 168.3460846 175.5466003
v 74.4536438 166.9079895 175.5482025
v 74.4640503 146.8368683 169.5255737
v 74.4654617 140.3149567 171.9104614
v 74.4661102 169.2388306 176.5665131
v 74.4668427 141.1747894 169.5439453
v 74.4688644 162.6477356 172.5839691
v 74.4697418 141.1321411 169.5950165
v 74.4702606 147.4881592 170.6701355
v 74.4720230 169.4521790 176.1658173
v 74.4741745 140.5182953 170.6804199
v 74.4790802 168.9422455 175.7480011
v 74.4836807 164.1679230 180.5227051
v 74.4937439 147.6614075 171.3653107
v 74.4954834 147.6973572 171.8931732
v 74.5011597 140.3470001 171.3741608
v 74.5012589 165.9266968 175.9383698
v 74.5018311 166.4912262 175.6313019
v 74.5094604 140.3108215 171.8852692
v 74.5124283 169.4738007 176.1021271
v 74.5153961 168.7575684 175.6547089
v 74.5171432 165.5576782 176.5458832
v 74.5187149 156.1505432 169.6794739
v 74.5198746 165.6021729 176.6104584
v 74.5261230 165.5166168 176.4796600
v 74.5314102 167.1361847 180.9745178
v 74.5335007 164.2045746 180.1124420
v 74.5342407 165.6490173 176.6717377
v 74.5406265 166.3084106 175.6982269
v 74.5431976 140.8852844 169.9129486
v 74.5438766 168.9445343 175.7038269
v 74.5465851 165.4799805 176.4133453
v 74.5591431 165.9181061 175.8860931
v 74.5598755 165.6970367 176.7282410
v 74.5623398 169.4896393 176.0437012
v 74.5661316 161.9682770 179.8829956
v 74.5663452 147.2105560 170.0400238
v 74.5683136 140.7940674 170.0499725
v 74.5734787 147.7037964 171.8484497
v 74.5780182 165.4487000 176.3486328
v 74.5873489 147.6614075 171.2993927
v 74.5902328 169.8213654 176.6719513
v 74.5913696 169.7730560 176.7337646
v 74.5931854 140.3470001 171.3093719
v 74.5992126 140.3023682 171.8338623
v 74.6006851 169.8659363 176.6082306
v 74.6040573 169.7222137 176.7921600
v 74.6196594 165.4235229 176.2870636
v 74.6205368 169.4992981 175.9919739
v 74.6224442 169.9056854 176.5441895
v 74.6240845 165.9152374 175.8421478
v 74.6279831 169.6701050 176.8457031
v 74.6305389 140.8959961 169.8723450
v 74.6414795 169.3289032 175.8721619
v 74.6446457 164.5342407 183.9659882
v 74.6470261 147.7098694 171.8062592
v 74.6550064 169.9396515 176.4813995
v 74.6589508 164.1997070 180.7705994
v 74.6639938 140.2962952 171.7967529
v 74.6704788 165.4050903 176.2302094
v 74.6728058 158.6110687 176.6732483
v 74.6783676 165.7479095 175.9357910
v 74.6796646 147.4881592 170.6099854
v 74.6818085 140.5182953 170.6207733
v 74.6855774 169.5025482 175.9482117
v 74.6871643 167.1056824 181.1871490
v 74.6906052 147.6614075 171.2499542
v 74.6947021 140.3470001 171.2607422
v 74.6975479 169.9669647 176.4214020
v 74.7112427 140.2952271 171.7694397
v 74.7120743 147.7152557 171.7689514
v 74.7127762 165.1876221 176.9431458
v 74.7143402 165.1339111 176.8859863
v 74.7198563 166.5129852 184.4057007
v 74.7226181 165.2441711 176.9966431
v 74.7272720 165.0843201 176.8265839
v 74.7292252 165.3938599 176.1794434
v 74.7354736 168.9745636 170.0533142
v 74.7417755 147.7177124 171.7519226
v 74.7436295 165.3021393 177.0451660
v 74.7490234 169.9869843 176.3656769
v 74.7505493 140.2943268 171.7467194
v 74.7512665 165.0401001 176.7663879
v 74.7565002 147.7176361 171.7433777
v 74.7600403 160.7442017 176.0943298
v 74.7857208 165.0023346 176.7068481
v 74.7886505 140.2934570 171.7246857
v 74.7895279 147.7174683 171.7242126
v 74.7944565 165.3900757 176.1360016
v 74.7980194 170.1603851 177.0901642
v 74.8006363 147.6614075 171.2183533
v 74.8014755 170.2173004 177.0362854
v 74.8028793 140.3470001 171.2296753
v 74.8058624 170.1004791 177.1402283
v 74.8081741 169.9991760 176.3155975
v 74.8152771 169.8480835 176.1719208
v 74.8161697 170.2698517 176.9798889
v 74.8243179 147.7172852 171.7040253
v 74.8243484 140.2926636 171.7040558
v 74.8248291 170.0390625 177.1852112
v 74.8252487 143.9994202 168.1734924
v 74.8252869 147.7172699 171.7034607
v 74.8253098 140.2926483 171.7035065
v 74.8262405 164.2784576 181.0134888
v 74.8268585 144.6410980 168.2281952
v 74.8269119 143.3579102 168.2302246
v 74.8273849 158.3941803 170.2118530
v 74.8297958 164.9719543 176.6494904
v 74.8316956 145.2637329 168.3927155
v 74.8318024 142.7357941 168.3966980
v 74.8396149 145.8486481 168.6620941
v 74.8397827 142.1517334 168.6679230
v 74.8403473 167.0308838 181.3904877
v 74.8417206 170.3166962 176.9223785
v 74.8503799 146.3783112 169.0282898
v 74.8505936 141.6232147 169.0357971
v 74.8599091 147.7170868 171.6833649
v 74.8612823 140.2918243 171.6826935
v 74.8627014 165.2434235 176.2537079
v 74.8636627 146.8368683 169.4803009
v 74.8639297 141.1661072 169.4892426
v 74.8735352 170.0032806 176.2723999
v 74.8775101 170.3567047 176.8651581
v 74.8790817 147.2105560 170.0045929
v 74.8793793 140.7940674 170.0147095
v 74.8823853 164.9497070 176.5956879
v 74.8943176 140.2934418 171.6634369
v 74.8953018 147.7169037 171.6628418
v 74.8961563 147.4881592 170.5854492
v 74.8964844 140.5182953 170.5964508
v 74.9097824 139.1351624 171.8492126
v 74.9097824 148.8753967 171.8492126
v 74.9143906 147.6614075 171.2054596
v 74.9147263 140.3470001 171.2169952
v 74.9214478 134.0052795 175.2666168
v 74.9214478 154.0052948 175.2666168
v 74.9226532 170.3888855 176.8096313
v 74.9378128 147.7166901 171.6381683
v 74.9387207 164.8458252 177.3328552
v 74.9390717 140.2956085 171.6373138
v 74.9422226 164.9361267 176.5467987
v 74.9432755 164.9103699 177.3772278
v 74.9453125 164.7844849 177.2843628
v 74.9588623 164.9765472 177.4163818
v 74.9628906 164.7278900 177.2329559
v 74.9760361 170.4124603 176.7572021
v 74.9814301 164.4022522 181.2454071
v 74.9830246 147.7132263 171.6117096
v 74.9864960 166.9139557 181.5785828
v 74.9881363 140.2979889 171.6086884
v 74.9910278 164.6774139 177.1798859
v 75.0078201 164.9315643 176.5039825
v 75.0271149 140.3470001 171.2230682
v 75.0287018 147.6614075 171.2116394
v 75.0290146 164.6343079 177.1264648
v 75.0315399 170.2994385 176.5449066
v 75.0351410 170.4706421 177.4991455
v 75.0363464 170.4268646 176.7091370
v 75.0374374 170.4034729 177.5396118
v 75.0393448 140.3004608 171.5788116
v 75.0438766 170.5344543 177.4543610
v 75.0506287 147.7080536 171.5721130
v 75.0507126 170.3345947 177.5747833
v 75.0553513 158.6357727 176.4146271
v 75.0571518 140.3013306 171.5684204
v 75.0634384 170.5933685 177.4063721
v 75.0759277 164.5996094 177.0740051
v 75.0880661 164.8101654 176.6423950
v 75.0903168 164.6168823 173.6558075
v 75.0933380 170.6459045 177.3563538
v 75.1018677 137.2165375 172.1804962
v 75.1018677 150.7940369 172.1804962
v 75.1020966 170.4316864 176.6665802
v 75.1074142 162.9716034 180.7686615
v 75.1122055 140.5182953 170.6081238
v 75.1137161 147.4881592 170.5972290
v 75.1206894 164.5680084 181.4606018
v 75.1213455 166.7583466 181.7459106
v 75.1306076 164.5742035 177.0238037
v 75.1328354 170.6907654 177.3055267
v 75.1332397 147.7017365 171.5237274
v 75.1369400 140.3470001 171.2477570
v 75.1403961 147.6614075 171.2367401
v 75.1601334 140.3174744 171.5075073
v 75.1809540 170.7268677 177.2551575
v 75.1895599 164.6576691 177.8020020
v 75.1909180 164.5870667 177.7678070
v 75.1917038 164.5587158 176.9770813
v 75.1919708 140.7940674 170.0316162
v 75.1933594 147.2105560 170.0215912
v 75.1990967 164.7300568 177.8307037
v 75.2031174 164.5199585 177.7290039
v 75.2258835 164.4580536 177.6865234
v 75.2365265 170.7532959 177.2064819
v 75.2406006 164.7716675 181.6538239
v 75.2409439 166.5685577 181.8876343
v 75.2411346 140.3470001 171.2903137
v 75.2446518 160.5668488 170.9315186
v 75.2463760 147.6614075 171.2800293
v 75.2471085 162.0220947 176.9360352
v 75.2577286 164.5535126 176.9350128
v 75.2586288 164.4028473 177.6414185
v 75.2640305 141.1661072 169.5108948
v 75.2652512 146.8368683 169.5020294
v 75.2837372 170.6693268 176.9798584
v 75.2918015 170.6220703 177.9783325
v 75.2956085 170.6944733 177.9483795
v 75.2981720 170.7694244 177.1606903
v 75.2988205 170.5478058 178.0027161
v 75.3005600 164.3556824 177.5948029
v 75.3101425 170.7632904 177.9135895
v 75.3229980 140.5182953 170.6554565
v 75.3262024 141.6232147 169.0615234
v 75.3262939 147.4881592 170.6449738
v 75.3267746 147.6658020 171.4088287
v 75.3272324 146.3783112 169.0540924
v 75.3312225 140.3442841 171.4062958
v 75.3350449 170.8267822 177.8748169
v 75.3368149 140.3470001 171.3495941
v 75.3382034 165.0081940 181.8202667
v 75.3418274 166.3501587 181.9995575
v 75.3436890 147.6614075 171.3403168
v 75.3449783 165.2732849 184.9894409
v 75.3476486 164.4612579 177.0900879
v 75.3506470 164.3177490 177.5478058
v 75.3566818 135.3271790 172.6199799
v 75.3566818 152.6833954 172.6199799
v 75.3643723 170.7748413 177.1189423
v 75.3672485 140.3499146 171.3849945
v 75.3697128 170.8834229 177.8330231
v 75.3764114 147.6565704 171.3793793
v 75.3766479 142.1517334 168.6969910
v 75.3774490 145.8486481 168.6912079
v 75.4076538 164.2899475 177.5016174
v 75.4110947 165.2717896 181.9558868
v 75.4132843 170.9317780 177.7892303
v 75.4138412 142.7357941 168.4281769
v 75.4143829 145.2637329 168.4242401
v 75.4151382 173.0072937 174.2160339
v 75.4210205 166.1095123 182.0784607
v 75.4366684 143.3579102 168.2632141
v 75.4369431 144.6410980 168.2612000
v 75.4390564 159.8517761 177.0915070
v 75.4444427 143.9994202 168.2069855
v 75.4445801 140.3620300 171.3392487
v 75.4540558 164.4936829 178.2581787
v 75.4570923 164.5701141 178.2756805
v 75.4574814 165.5559387 182.0573120
v 75.4617538 164.4191437 178.2349396
v 75.4646912 170.9706879 177.7445068
v 75.4688568 143.0762787 172.8134308
v 75.4688568 144.9342804 172.8134308
v 75.4701691 164.2729950 177.4573517
v 75.4762268 165.8536682 182.1220398
v 75.4799805 164.3483124 178.2065125
v 75.4974213 140.7940674 170.1002197
v 75.5004501 147.2105560 170.0905762
v 75.5083008 164.2829437 178.1736298
v 75.5090179 165.6110840 178.3652344
v 75.5102234 165.8128510 178.3673096
v 75.5104828 165.8545227 178.3677521
v 75.5122147 165.8885193 178.3707428
v 75.5136795 165.5478973 178.3732758
v 75.5216064 147.6296234 171.2931824
v 75.5226593 170.9991913 177.6999664
v 75.5229950 140.5182953 170.7371674
v 75.5270767 165.3664093 178.3963928
v 75.5279846 147.4881592 170.7273560
v 75.5300064 141.2223206 172.9189148
v 75.5300064 146.7882538 172.9189148
v 75.5303802 166.0747528 178.4020844
v 75.5310669 165.3334808 178.4032593
v 75.5349350 140.3844604 171.2852020
v 75.5358505 166.1307983 178.4115143
v 75.5366669 164.2673035 177.4161072
v 75.5388412 165.2875671 178.4166870
v 75.5428391 167.2350311 185.5829773
v 75.5460129 164.2246552 178.1370850
v 75.5613022 170.7496643 178.4431305
v 75.5616913 170.6722870 178.4560852
v 75.5642395 170.9465942 177.4636536
v 75.5702667 165.1023102 178.4708710
v 75.5715637 170.8251343 178.4243317
v 75.5717010 166.3265076 178.4733582
v 75.5776672 166.3590546 178.4836426
v 75.5848923 166.3897247 178.4961090
v 75.5857697 171.0165710 177.6567230
v 75.5866699 165.0400848 178.4991608
v 75.5921860 164.1748657 178.0977631
v 75.5922394 170.8968506 178.4001312
v 75.6228104 170.9630280 178.3711243
v 75.6281204 164.8829041 178.5706635
v 75.6335983 164.2071991 177.5832977
v 75.6348419 166.5595856 178.5822449
v 75.6381302 147.5925446 171.2229156
v 75.6456757 164.1348114 178.0566559
v 75.6462097 140.4227600 171.2178955
v 75.6474457 166.6024475 178.6039734
v 75.6520538 139.3803253 173.1294098
v 75.6520538 148.6302490 173.1294098
v 75.6524658 171.0224152 177.6157990
v 75.6549377 164.8125763 178.6168976
v 75.6549683 141.1661072 169.5986938
v 75.6576538 146.8368683 169.5901642
v 75.6625290 171.0220642 178.3380432
v 75.6731491 133.4752350 173.1657867
v 75.6731491 154.5353394 173.1657867
v 75.6796112 171.0777130 171.6816864
v 75.6971359 163.8913269 181.7122803
v 75.7036667 165.8703003 181.9653625
v 75.7051773 164.1054688 178.0147705
v 75.7066422 140.5182953 170.8509521
v 75.7096939 164.6689758 178.7113342
v 75.7104263 171.0724640 178.3016968
v 75.7118149 167.5279388 174.7277069
v 75.7131958 147.4881592 170.8421173
v 75.7161789 166.7690430 178.7225342
v 75.7248306 166.7900238 178.7374573
v 75.7250748 164.5014954 178.7378693
v 75.7287979 164.4233398 178.7320099
v 75.7326584 168.1527710 174.7636566
v 75.7365112 166.8136749 178.7575989
v 75.7409668 164.6103058 178.7652740
v 75.7430801 164.3471069 178.7201385
v 75.7455521 166.9053650 174.7858887
v 75.7652969 171.1130219 178.2629700
v 75.7665176 162.6477356 171.8315735
v 75.7675705 164.2746887 178.7025146
v 75.7692261 164.0876007 177.9731140
v 75.7872238 140.7940674 170.2186127
v 75.7904205 163.2179871 177.8598328
v 75.7909317 141.6232147 169.1658936
v 75.7918243 147.2105560 170.2095947
v 75.7931747 146.3783112 169.1587372
v 75.8002930 164.4989929 178.8676147
v 75.8013611 147.5406189 171.1244812
v 75.8016663 164.2078400 178.6795807
v 75.8054123 166.4553680 174.8891296
v 75.8074417 168.7609558 174.8926392
v 75.8150024 166.9462585 178.8929749
v 75.8258133 171.1427307 178.2228241
v 75.8309250 166.9731445 178.9204254
v 75.8313980 170.7042542 178.9212494
v 75.8344727 137.5582733 173.4440155
v 75.8344727 150.4523010 173.4440155
v 75.8362274 164.0815735 177.9327545
v 75.8377991 170.7824402 178.9200134
v 75.8445282 164.1482239 178.6519318
v 75.8483047 164.4391632 178.9369965
v 75.8546982 170.8587036 178.9126587
v 75.8601608 164.4243774 178.9541321
v 75.8646011 171.1228638 177.9816742
v 75.8688354 140.5182953 170.9936523
v 75.8747253 161.0035248 177.8449860
v 75.8767700 147.4881592 170.9860382
v 75.8816757 170.9311829 178.8993225
v 75.8824539 164.3965912 178.9863586
v 75.8904648 171.1608582 178.1822510
v 75.8950958 164.0973206 178.6202087
v 75.9012222 142.1517334 168.8147888
v 75.9029770 145.8486481 168.8092346
v 75.9105835 140.5137482 171.0580139
v 75.9180603 170.9980316 178.8803406
v 75.9208679 140.5189819 171.0516968
v 75.9269485 167.0891418 179.0860443
v 75.9279404 147.4825134 171.0469971
v 75.9337997 164.3556366 179.0436859
v 75.9339218 169.3341522 175.1107788
v 75.9352036 167.0991211 179.1002960
v 75.9373016 164.0556946 178.1070862
v 75.9497757 167.1133423 179.1254120
v 75.9521255 164.0563660 178.5852051
v 75.9576874 171.1669464 178.1422272
v 75.9629669 171.0576935 178.8562012
v 75.9825516 142.7357941 168.5559235
v 75.9833221 164.2202759 179.0032349
v 75.9837494 145.2637329 168.5521088
v 75.9883347 164.1500397 178.9029541
v 75.9887543 164.1485291 178.9005890
v 75.9934464 164.2876434 179.0899048
v 75.9960709 164.1219940 178.8591309
v 75.9961853 164.3058624 179.1133270
v 76.0089722 164.0964661 178.8152618
v 76.0142212 164.0263672 178.5477905
v 76.0152817 171.1086121 178.8274994
v 76.0179443 164.0787048 178.7847900
v 76.0258942 141.1661072 169.7502289
v 76.0299530 146.8368683 169.7422638
v 76.0324707 143.3579102 168.3970184
v 76.0330734 144.6410980 168.3950958
v 76.0458450 164.0475616 178.7229919
v 76.0494766 143.9994202 168.3428802
v 76.0500107 167.1898804 179.2982941
v 76.0533371 140.7940674 170.3834991
v 76.0593719 147.2105560 170.3753662
v 76.0655365 167.2017212 179.3250732
v 76.0737228 171.1495972 178.7949066
v 76.0764618 135.7640228 173.8613892
v 76.0764618 152.2465515 173.8613892
v 76.0788727 164.0250854 178.6694489
v 76.0798492 164.0080719 178.5088654
v 76.0823517 164.0236664 178.6651306
v 76.0869675 165.9141083 186.0490875
v 76.0998154 170.6427765 179.3841858
v 76.1082611 169.8550415 175.4114685
v 76.1129837 170.7194214 179.3946381
v 76.1166687 164.0098267 178.6224365
v 76.1229935 164.0080566 178.6156158
v 76.1351929 164.0058746 178.6041565
v 76.1364746 170.7941589 179.3986359
v 76.1368408 171.1796112 178.7592621
v 76.1473846 164.0019073 178.4694214
v 76.1620636 147.3750763 170.9037018
v 76.1636810 164.0008087 178.5773926
v 76.1697235 170.8651886 179.3961029
v 76.1757202 171.1927948 178.5182800
v 76.1796494 167.2496185 179.5218811
v 76.1850967 167.2519073 179.5312805
v 76.1957779 163.9992523 178.5528717
v 76.2007675 163.9992676 178.5494995
v 76.2008820 167.2556763 179.5585022
v 76.2030945 171.1979218 178.7214355
v 76.2118988 170.9307251 179.3871155
v 76.2318573 141.6232147 169.3460236
v 76.2352753 146.3783112 169.3393402
v 76.2533646 159.4326630 174.1664886
v 76.2619629 170.9891815 179.3718719
v 76.2655716 140.6946869 170.8396454
v 76.2708511 171.2040710 178.6823425
v 76.2883682 140.7940674 170.5903015
v 76.2956696 147.2105560 170.5832825
v 76.3126907 167.2621155 179.7513428
v 76.3186798 171.0391235 179.3507690
v 76.3250732 167.2628326 179.7727051
v 76.3252106 170.3078918 175.7856293
v 76.3317261 164.7218628 182.7080688
v 76.3588562 170.4896851 179.8309479
v 76.3596954 162.0840454 178.6704407
v 76.3665009 141.1661072 169.9612579
v 76.3718338 146.8368683 169.9540710
v 76.3769989 134.0052795 174.3796997
v 76.3769989 154.0052948 174.3796997
v 76.3785477 170.5624542 179.8526459
v 76.3806686 171.0792847 179.3242950
v 76.3879776 164.6168823 172.9034119
v 76.3989487 142.1517334 169.0181122
v 76.4015884 145.8486481 169.0129242
v 76.4084167 170.6334534 179.8676605
v 76.4087524 167.8401794 186.7948303
v 76.4187241 140.7970581 170.7441254
v 76.4267349 147.2062988 170.7390289
v 76.4450150 167.2317657 179.9795685
v 76.4463806 171.1087036 179.2931366
v 76.4465179 167.2313843 179.9821625
v 76.4477081 170.7008972 179.8755646
v 76.4485321 166.7052155 183.1167755
v 76.4619370 167.2245636 180.0087433
v 76.4882278 171.1542816 179.0572662
v 76.4954681 170.7631531 179.8761902
v 76.5037842 147.1571808 170.6910858
v 76.5112228 140.8588867 170.6864319
v 76.5142212 171.1266479 179.2580414
v 76.5221405 142.7357941 168.7763519
v 76.5239487 145.2637329 168.7727966
v 76.5293808 174.7484131 176.1377716
v 76.5505142 170.8186493 179.8695526
v 76.5726013 167.1544952 180.1996155
v 76.5782013 170.6790161 176.2219696
v 76.5805740 167.1494446 180.2133636
v 76.5825043 171.1326904 179.2198792
v 76.5977554 143.3579102 168.6279602
v 76.5986710 144.6410980 168.6261597
v 76.6007080 170.2496033 180.2480927
v 76.6114883 170.8660736 179.8557739
v 76.6235275 143.9994202 168.5773926
v 76.6265030 170.3163300 180.2803192
v 76.6367493 141.6232147 169.5968933
v 76.6412201 146.3783112 169.5908661
v 76.6623154 170.3814087 180.3055573
v 76.6673126 141.1661072 170.2259521
v 76.6737595 146.8368683 170.2197418
v 76.6768951 170.9042206 179.8352203
v 76.6770554 159.4240570 173.9336700
v 76.6881409 160.7844696 174.9163513
v 76.6901855 167.0395966 180.4024048
v 76.6922073 167.0370941 180.4058990
v 76.7037430 167.0228729 180.4257965
v 76.7072601 170.4432526 180.3232117
v 76.7127914 173.0072937 173.4636383
v 76.7404175 146.9641876 170.5419006
v 76.7451248 170.9321442 179.8083649
v 76.7508011 168.0402679 187.2667694
v 76.7602310 170.5003204 180.3328400
v 76.7654724 141.0748138 170.5257721
v 76.7682419 146.9357605 170.5241394
v 76.7926636 171.0084686 179.5823364
v 76.7996063 166.8793030 180.5911407
v 76.8033524 166.8737030 180.5975800
v 76.8144913 170.9491882 179.7759094
v 76.8181000 169.9297485 180.6230316
v 76.8199234 170.5512085 180.3342133
v 76.8259125 141.1261292 170.4875793
v 76.8493729 169.9884033 180.6646881
v 76.8496094 168.0902252 187.3811035
v 76.8559723 142.1517334 169.3013000
v 76.8594284 168.0944519 187.3892365
v 76.8594513 145.8486481 169.2966003
v 76.8596039 170.9572296 176.7073059
v 76.8645401 141.1685028 170.4628448
v 76.8661041 166.4528198 187.1385040
v 76.8701019 146.8316956 170.4591370
v 76.8832855 170.9549255 179.7386322
v 76.8843765 164.0004883 178.0887909
v 76.8848724 170.5946960 180.3272858
v 76.8886261 166.6978149 180.7446594
v 76.8905258 170.0456238 180.6991577
v 76.8910294 163.0867310 179.5628510
v 76.8924408 166.6884003 180.7512512
v 76.8989029 166.6724548 180.7623749
v 76.9025269 158.6743469 175.2861023
v 76.9277115 167.3446655 187.3721008
v 76.9405518 170.1000061 180.7255707
v 76.9534683 170.6296692 180.3122253
v 76.9641647 168.1396637 187.4759521
v 76.9673691 166.4683533 180.8804626
v 76.9680786 166.4662018 180.8817139
v 76.9806747 168.1462555 187.4871979
v 76.9943314 141.6232147 169.9115295
v 76.9982147 170.1501770 180.7432861
v 76.9997406 146.3783112 169.9063263
v 77.0044785 169.5397797 180.9444733
v 77.0073166 165.4581299 183.7499695
v 77.0094681 167.5279388 173.9753113
v 77.0176239 142.7357941 169.0833588
v 77.0193176 166.2442780 180.9700775
v 77.0199966 145.2637329 169.0801544
v 77.0225220 166.2263336 180.9756012
v 77.0240402 170.6552734 180.2894135
v 77.0249557 166.2127075 180.9797974
v 77.0303192 168.1527710 174.0112610
v 77.0308685 146.6674042 170.3565216
v 77.0375977 167.3914337 187.4964294
v 77.0404510 169.5886078 180.9942474
v 77.0432053 166.9053650 174.0334930
v 77.0562134 165.9691772 181.0337219
v 77.0620880 170.1949310 180.7518616
v 77.0798569 170.7597961 180.0776520
v 77.0861816 169.6362457 181.0366058
v 77.0948334 170.6708984 180.2594147
v 77.1030731 166.4553680 174.1367493
v 77.1050949 168.7609558 174.1402435
v 77.1073303 141.4348755 170.3073273
v 77.1131592 168.1952972 187.5601044
v 77.1168365 143.3579102 168.9495697
v 77.1171036 166.6000519 187.4848785
v 77.1180496 144.6410980 168.9479523
v 77.1217957 146.5480499 170.2977753
v 77.1218567 141.4546509 170.2979279
v 77.1306000 170.2331390 180.7510986
v 77.1327896 168.2017059 187.5670166
v 77.1380615 141.0747986 170.3289185
v 77.1380615 146.9357758 170.3289185
v 77.1405563 169.6815033 181.0705261
v 77.1445923 166.6150665 187.5207672
v 77.1468811 166.0864868 181.1900787
v 77.1506500 143.9994202 168.9039917
v 77.1542206 169.0914154 181.2027283
v 77.1609192 171.1340790 177.2269897
v 77.1641159 170.6761627 180.2229767
v 77.1674805 167.4399872 187.5988464
v 77.1759262 162.0623932 175.7576294
v 77.1827774 166.1305847 181.2488861
v 77.1939621 169.1289520 181.2590027
v 77.2018051 133.4752350 172.3234711
v 77.2018051 154.5353394 172.3234711
v 77.2020721 170.2638855 180.7409973
v 77.2022324 169.7232666 181.0951691
v 77.2204056 166.1691589 181.2970123
v 77.2263641 166.6548920 187.6065369
v 77.2315750 169.3341522 174.3583832
v 77.2390213 167.4236450 184.3182678
v 77.2407227 166.4845276 181.3519135
v 77.2433777 169.1655731 181.3077240
v 77.2469559 141.6250153 170.2169189
v 77.2474365 166.6651306 187.6286621
v 77.2528458 146.3760071 170.2130737
v 77.2543182 168.2414246 187.6096954
v 77.2567825 139.1351624 170.5559692
v 77.2567825 148.8753967 170.5559692
v 77.2596130 142.1517334 169.6564484
v 77.2623749 166.6717987 187.6416168
v 77.2628174 168.5982056 181.3900299
v 77.2638245 145.8486481 169.6524200
v 77.2696915 169.7605286 181.1099396
v 77.2742233 168.2475128 187.6147003
v 77.2747421 170.2864227 180.7218170
v 77.2826462 166.4563751 181.4119720
v 77.2894516 146.3279572 170.1894073
v 77.2916641 141.6859131 170.1879730
v 77.2926941 159.8904877 175.9590302
v 77.2970886 166.2478027 181.3951263
v 77.3012543 169.2003632 181.3476868
v 77.3053055 168.6233063 181.4510345
v 77.3099365 158.6660614 175.0622406
v 77.3135147 167.4888611 187.6763153
v 77.3157883 167.0019836 181.4813843
v 77.3202972 166.2715912 181.4248199
v 77.3269958 168.0749817 181.5007324
v 77.3341904 166.4288940 181.4643402
v 77.3411102 170.4157257 180.5282440
v 77.3412628 169.7923431 181.1144409
v 77.3448334 167.5375061 181.5314941
v 77.3468170 170.3001556 180.6940308
v 77.3544846 166.7095795 187.7075958
v 77.3573914 168.6477966 181.5043488
v 77.3596039 166.9868469 181.5446930
v 77.3661575 169.2324524 181.3778839
v 77.3711014 168.0868988 181.5645294
v 77.3778000 166.3177948 181.4751282
v 77.3831940 166.7213745 187.7281647
v 77.3893814 167.5358734 181.5960541
v 77.3940811 166.4027863 181.5077820
v 77.4059143 169.8550415 174.6590729
v 77.4129944 166.9721069 181.6002502
v 77.4152069 169.8179321 181.1085815
v 77.4165268 170.3047638 180.6583099
v 77.4178009 168.6710510 181.5486908
v 77.4247665 168.0985260 181.6205750
v 77.4254761 168.2906342 187.6379242
v 77.4291763 166.3590698 181.5201111
v 77.4342346 137.2165375 170.8953247
v 77.4342346 150.7940369 170.8953247
v 77.4364929 169.2610931 181.3976135
v 77.4434891 167.5342865 181.6528625
v 77.4543381 168.2978973 187.6376648
v 77.4552231 142.7357941 169.4683838
v 77.4568787 146.0532837 170.0801544
v 77.4580994 145.2637329 169.4656372
v 77.4606628 166.3797913 181.5390472
v 77.4615707 166.3804016 181.5395966
v 77.4654770 164.0054779 180.5167999
v 77.4713516 167.5366211 187.7265320
v 77.4730377 171.2042847 177.7653046
v 77.4746399 166.9580841 181.6467133
v 77.4850388 168.6925354 181.5829315
v 77.4866714 168.1095734 181.6674805
v 77.4896774 169.8366852 181.0925140
v 77.4987717 166.7628937 187.7847595
v 77.5058136 167.5327759 181.7004852
v 77.5105286 169.2855530 181.4063568
v 77.5122986 142.0614166 170.0438080
v 77.5190887 166.7701874 187.7947083
v 77.5313721 166.4263611 181.5816193
v 77.5381012 166.7765350 187.8018951
v 77.5430222 166.9451447 181.6829224
v 77.5474930 166.4351349 181.5877533
v 77.5534363 142.1540527 170.0166931
v 77.5553055 168.1197510 181.7041168
v 77.5569000 145.8451843 170.0143585
v 77.5574646 168.7116699 181.6062469
v 77.5628510 169.8481140 181.0666199
v 77.5685349 169.9866943 180.9205017
v 77.5748291 167.5313873 181.7377777
v 77.5752792 143.3579102 169.3529663
v 77.5767441 144.6410980 169.3515625
v 77.5773315 168.3289032 187.6365967
v 77.5864410 169.3052216 181.4039154
v 77.5977249 168.3336639 187.6345825
v 77.6161957 143.9994202 169.3136292
v 77.6164703 166.9335938 181.7080078
v 77.6213455 168.3387756 187.6300659
v 77.6228638 170.3078918 175.0332489
v 77.6234970 166.4765320 181.6167755
v 77.6289597 168.1288452 181.7295685
v 77.6329269 169.8519592 181.0315552
v 77.6332855 168.7280426 181.6180725
v 77.6363068 167.5818329 187.7480164
v 77.6465759 145.6586304 169.9553528
v 77.6488266 167.5301361 181.7638245
v 77.6557007 166.8132172 187.8342438
v 77.6623611 169.3196259 181.3903503
v 77.6696396 135.3271790 171.3455048
v 77.6696396 152.6833954 171.3455048
v 77.6826401 166.8216248 187.8416595
v 77.6908646 142.4635010 169.9260559
v 77.6931534 166.9237518 181.7213287
v 77.7026749 166.5123444 181.6324768
v 77.7058334 168.1366119 181.7432098
v 77.7106323 168.7411957 181.6181030
v 77.7135468 163.2581635 176.6848907
v 77.7160645 176.2875824 178.1844635
v 77.7197495 166.5188141 181.6333160
v 77.7197800 166.0956726 184.8316345
v 77.7259903 167.5290833 181.7779694
v 77.7292480 161.0422668 176.7119598
v 77.7364197 169.3284149 181.3659821
v 77.7505798 168.3666992 187.6053925
v 77.7552795 169.4856262 181.2425690
v 77.7616425 166.5346680 181.6353912
v 77.7712021 166.9158173 181.7225800
v 77.7732620 143.0762787 171.5436707
v 77.7732620 144.9342804 171.5436707
v 77.7823029 142.7364044 169.8653870
v 77.7840347 168.1428528 181.7446899
v 77.7856064 145.2630768 169.8631897
v 77.7857819 168.3731842 187.5927429
v 77.7865448 171.1656799 178.3060150
v 77.7875977 168.7508392 181.6063538
v 77.7951508 145.2359009 169.8568573
v 77.7953110 142.7752228 169.8567505
v 77.8025818 166.5472870 181.6315460
v 77.8034821 167.6231537 187.7401123
v 77.8044205 167.5282288 181.7798767
v 77.8068008 169.3313751 181.3314209
v 77.8270416 174.7484131 175.3853912
v 77.8290787 166.5554504 181.6290741
v 77.8297577 141.2223206 171.6517029
v 77.8297577 146.7882538 171.6517029
v 77.8350372 166.8636780 187.8578644
v 77.8460922 166.5598450 181.6257172
v 77.8486862 166.9100037 181.7117004
v 77.8545227 143.0270691 169.8172760
v 77.8556824 166.8689880 187.8581543
v 77.8582077 144.9835052 169.8148346
v 77.8616257 168.1474304 181.7340088
v 77.8623047 168.7567139 181.5830841
v 77.8698425 134.0052795 173.5571289
v 77.8698425 154.0052948 173.5571289
v 77.8758545 170.6790161 175.4695740
v 77.8763199 144.9110107 169.8027649
v 77.8812027 166.5672760 181.6154327
v 77.8821945 167.5276031 181.7694855
v 77.8956833 168.9276733 181.4847260
v 77.8959122 168.3934479 187.5531616
v 77.8991547 143.2169189 169.7875061
v 77.9015198 166.5715790 181.6094666
v 77.9146118 168.3965302 187.5445404
v 77.9172592 143.3588104 169.7753906
v 77.9184418 144.6398773 169.7746124
v 77.9193726 164.0017395 177.4471588
v 77.9236984 166.9064789 181.6889801
v 77.9328918 168.7586975 181.5489044
v 77.9366989 168.1502228 181.7114105
v 77.9425049 139.3803253 171.8673401
v 77.9425049 148.6302490 171.8673401
v 77.9429626 168.4006195 187.5283508
v 77.9458847 144.4631958 169.7562561
v 77.9540558 166.5785522 181.5854034
v 77.9566116 143.6672516 169.7490692
v 77.9573746 167.5272064 181.7470703
v 77.9619904 133.4752350 171.9045868
v 77.9619904 154.5353394 171.9045868
v 77.9678955 167.6593628 187.7030945
v 77.9693909 144.0050659 169.7404938
v 77.9855270 168.3296661 181.6396790
v 77.9869995 166.9003143 187.8481445
v 77.9943924 166.9052887 181.6549683
v 78.0042267 167.0864563 181.6719208
v 78.0074234 168.1511536 181.6774292
v 78.0075989 166.9052429 187.8465881
v 78.0197144 166.5827332 181.5487213
v 78.0220718 167.7096863 181.7026978
v 78.0281296 167.5270844 181.7131500
v 78.0500412 168.4160767 187.4672394
v 78.0671539 168.0245972 185.5582886
v 78.0795364 164.8346710 181.5264587
v 78.0892258 168.4207306 187.4393616
v 78.0919571 171.0194550 178.8327637
v 78.0975952 164.0016174 177.3473206
v 78.1110229 137.5582733 172.1896057
v 78.1110229 150.4523010 172.1896057
v 78.1246796 167.6893616 187.6380157
v 78.1572647 170.9572296 175.9549255
v 78.1592636 166.9365845 187.8104553
v 78.1789169 166.9403076 187.8038788
v 78.2095184 162.1226807 177.5402832
v 78.2262726 159.3925323 173.0823975
v 78.2394333 166.8208313 181.9060364
v 78.2691650 167.7123108 187.5468140
v 78.3062439 170.8454742 179.2023468
v 78.3078003 167.7252350 173.2240906
v 78.3089600 166.9622955 187.7473450
v 78.3130112 167.5285492 173.2330627
v 78.3209686 166.9643250 187.7421112
v 78.3243332 167.1006622 173.2526093
v 78.3338013 168.1513519 173.2689362
v 78.3345871 135.7640228 172.6171265
v 78.3345871 152.2465515 172.6171265
v 78.3456879 168.3460846 173.2894287
v 78.3466110 166.9079895 173.2910309
v 78.3785477 167.7250214 173.1901703
v 78.3947906 166.4912262 173.3741302
v 78.3950577 167.1015320 173.2186584
v 78.4083710 168.7575684 173.3975372
v 78.4163666 168.3448181 173.2554016
v 78.4335938 166.3084106 173.4410553
v 78.4368439 168.9445343 173.4466553
v 78.4537354 167.7243958 173.1677551
v 78.4546585 166.9819946 187.6576080
v 78.4585724 171.1340790 176.4745941
v 78.4647827 166.6306000 185.9464874
v 78.4653931 166.4931183 173.3399658
v 78.4701538 167.1040802 173.1960602
v 78.4913635 168.3410339 173.2326508
v 78.5073776 168.9422455 173.4123688
v 78.5170517 165.9152374 173.5849762
v 78.5314865 167.7233734 173.1573486
v 78.5344467 169.3289032 173.6149902
v 78.5401382 166.4987640 173.3167572
v 78.5477753 167.1082458 173.1854401
v 78.5688019 168.3348389 173.2216949
v 78.5713348 165.7479095 173.6786194
v 78.5785446 169.5025482 173.6910553
v 78.5819092 168.9354248 173.3888092
v 78.5874405 165.9181061 173.5504608
v 78.6099167 167.7219696 173.1592255
v 78.6122131 134.0052795 173.1480713
v 78.6122131 154.0052948 173.1480713
v 78.6171722 166.5080261 173.3051147
v 78.6260147 167.1139526 173.1869965
v 78.6467972 168.3263855 173.2228394
v 78.6488342 169.4992981 173.6563263
v 78.6585846 168.9242401 173.3765411
v 78.6615601 165.9266968 173.5261993
v 78.6683578 160.7442017 173.8282623
v 78.6870728 167.7202454 173.1733704
v 78.6874237 165.3900757 173.8788300
v 78.6946030 166.5206604 173.3052979
v 78.7029343 167.1210480 173.2007294
v 78.7082443 169.8480835 173.9147491
v 78.7226410 169.4896393 173.6315308
v 78.7234192 168.3158569 173.2360382
v 78.7294846 165.5693054 182.5856934
v 78.7305832 163.1251373 178.4389801
v 78.7355423 168.9089661 173.3759003
v 78.7375793 165.9407501 173.5127869
v 78.7556686 165.2434235 173.9965363
v 78.7575302 165.3938599 173.8437958
v 78.7610626 167.7182007 173.1993866
v 78.7665024 170.0032806 174.0152283
v 78.7705307 166.5363770 173.3172913
v 78.7706909 171.2042847 177.0129242
v 78.7766495 167.1293640 173.2262878
v 78.7967834 168.3035431 173.2609863
v 78.7981415 169.4738007 173.6172485
v 78.7996216 158.6357727 174.2436676
v 78.8108749 168.8899841 173.3868866
v 78.8136215 165.9599457 173.5105591
v 78.8300629 167.7159271 173.2366638
v 78.8307800 165.4050903 173.8180542
v 78.8364716 169.9991760 173.9799500
v 78.8430786 166.5547638 173.3408356
v 78.8453445 167.1386719 173.2630310
v 78.8650742 168.2897339 173.2970428
v 78.8734818 169.4521790 173.6138153
v 78.8827286 168.8677521 173.4092255
v 78.8878174 165.9837952 173.5195923
v 78.8923721 167.7134399 173.2842712
v 78.9007874 164.9315643 174.2468109
v 78.9053726 165.4235229 173.8021851
v 78.9073257 167.1487579 173.3100586
v 78.9093246 169.9869843 173.9535065
v 78.9104614 166.5753937 173.3753357
v 78.9245071 170.2994385 174.2877350
v 78.9266281 168.2747650 173.3433380
v 78.9275665 168.5041962 186.8288422
v 78.9464645 167.7108307 173.3410492
v 78.9468155 169.4253082 173.6213379
v 78.9493332 168.8428345 173.4423828
v 78.9583511 166.0117340 173.5396423
v 78.9610672 167.1593781 173.3662262
v 78.9660034 177.6128693 180.3402405
v 78.9705200 164.9361267 174.2111664
v 78.9710312 166.5977325 173.4199219
v 78.9794846 165.4487000 173.7966309
v 78.9799194 168.2590027 173.3987427
v 78.9810333 164.8101654 174.3852234
v 78.9832611 169.9669647 173.9365234
v 78.9888229 164.0010681 176.8480377
v 78.9910049 167.7081604 173.4055939
v 78.9950638 170.4316864 174.4094238
v 78.9962692 167.5370789 183.1302795
v 79.0052414 167.1702728 173.4301453
v 79.0090485 168.8158264 173.4855042
v 79.0137253 176.2875824 177.4320679
v 79.0163193 169.3938446 173.6396332
v 79.0232773 166.6212616 173.4735260
v 79.0234604 166.0430450 173.5702209
v 79.0236282 168.2428741 173.4618683
v 79.0426865 164.9497070 174.1835327
v 79.0433350 166.6480713 180.9767609
v 79.0512695 165.4799805 173.8014984
v 79.0564651 169.9396515 173.9294128
v 79.0604019 168.7873993 173.5375671
v 79.0646439 170.4268646 174.3734894
v 79.0659256 166.6453705 173.5348053
v 79.0802917 169.3585510 173.6682281
v 79.0815659 166.0769806 173.6105652
v 79.0841980 171.1656799 177.5536194
v 79.1021423 168.7582703 173.5972748
v 79.1155090 164.9719543 174.1646118
v 79.1189728 165.5166168 173.8166809
v 79.1271362 169.9056854 173.9323425
v 79.1312256 166.1127014 173.6597137
v 79.1363373 170.4124603 174.3450317
v 79.1371613 169.3203278 173.7064514
v 79.1506958 164.5535126 174.6778564
v 79.1568604 162.0220947 174.6691284
v 79.1712189 166.1493225 173.7164154
v 79.1767044 170.6693268 174.7226868
v 79.1809235 165.5576782 173.8417969
v 79.1855164 169.2800903 173.7533569
v 79.1871872 165.0023346 174.1548615
v 79.1935349 169.8659363 173.9452667
v 79.1964340 159.8517761 174.9129639
v 79.2083664 170.3888855 174.3247528
v 79.2200012 164.5587158 174.6414490
v 79.2241745 169.2388306 173.8077545
v 79.2355957 165.6021729 173.8762360
v 79.2377930 167.0596466 187.0877380
v 79.2406158 164.4612579 174.8329315
v 79.2540131 169.8213654 173.9678497
v 79.2559509 165.0401001 174.1545258
v 79.2573395 170.7748413 174.8617706
v 79.2734451 171.9869385 180.8704987
v 79.2789688 170.3567047 174.3131561
v 79.2816467 165.6490173 173.9191589
v 79.2892685 164.0435638 179.4025421
v 79.2909012 164.5742035 174.6116333
v 79.3070984 169.7730560 173.9995422
v 79.3179474 165.6970367 173.9694824
v 79.3201218 165.0843201 174.1636047
v 79.3264694 170.7694244 174.8250732
v 79.3464050 170.3166962 174.3105164
v 79.3514786 169.7222137 174.0395660
v 79.3616409 164.5996094 174.5891113
v 79.3781204 165.1339111 174.1819153
v 79.3860550 169.6701050 174.0869446
v 79.3896103 171.0194550 178.0803833
v 79.3968277 170.7532959 174.7943115
v 79.4090195 170.2698517 174.3169250
v 79.4113617 166.2048645 183.6880341
v 79.4285049 165.1876221 174.2089386
v 79.4296341 164.2673035 175.1589355
v 79.4304733 164.6343079 174.5744629
v 79.4572067 170.9465942 175.2064819
v 79.4652557 170.2173004 174.3321991
v 79.4666672 170.7268677 174.7702637
v 79.4700394 165.2441711 174.2440643
v 79.4947739 143.0270538 169.0180817
v 79.4947739 144.9835205 169.0180817
v 79.4957123 164.6774139 174.5680389
v 79.4984665 164.2729950 175.1217041
v 79.5017014 165.3021393 174.2863922
v 79.5137405 170.1603851 174.3559570
v 79.5243683 159.3152161 172.4450531
v 79.5265732 164.2071991 175.3261261
v 79.5342941 170.6907654 174.7535095
v 79.5454330 171.0224152 175.3586426
v 79.5492477 141.0747986 169.1343384
v 79.5492477 146.9357758 169.1343384
v 79.5532837 170.1004791 174.3876343
v 79.5557404 164.7278900 174.5699921
v 79.5679474 164.2899475 175.0894470
v 79.5829010 170.0390625 174.4264526
v 79.5980225 170.6459045 174.7444916
v 79.6038971 170.8454742 178.4499512
v 79.6090927 164.7844849 174.5802765
v 79.6140671 171.0165710 175.3210907
v 79.6338882 161.0035248 175.6653900
v 79.6363678 164.3177490 175.0629272
v 79.6544571 164.8458252 174.5986481
v 79.6562881 170.5933685 174.7433929
v 79.6579590 139.1351624 169.3663483
v 79.6579590 148.8753967 169.3663483
v 79.6829605 170.9991913 175.2878113
v 79.6886597 163.2179871 175.5995941
v 79.6906967 164.9103699 174.6246338
v 79.7020187 164.3556824 175.0428009
v 79.7076569 170.5344543 174.7502747
v 79.7169342 164.9765472 174.6576080
v 79.7292023 164.0815735 175.6755829
v 79.7504044 170.9706879 175.2596130
v 79.7508698 170.4706421 174.7649384
v 79.7575607 171.1228638 175.7245026
v 79.7633133 164.4028473 175.0295715
v 79.7848587 170.4034729 174.7870483
v 79.7852554 168.1355133 184.3967590
v 79.7975235 164.0876007 175.6374817
v 79.8087769 170.3345947 174.8160248
v 79.8147507 170.9317780 175.2372284
v 79.8187256 164.4580536 175.0235596
v 79.8204422 137.2165375 169.7131042
v 79.8204422 150.7940369 169.7131042
v 79.8302689 164.0556946 175.8499146
v 79.8506546 171.1669464 175.8850708
v 79.8654785 164.1054688 175.6026001
v 79.8668976 164.5199585 175.0249176
v 79.8744049 170.8834229 175.2211761
v 79.8821640 164.8723145 180.4251404
v 79.9066467 164.5870667 175.0335999
v 79.9122696 166.6609650 180.4770050
v 79.9187698 171.1608582 175.8466034
v 79.9279022 170.8267822 175.2118530
v 79.9313965 164.1348114 175.5717621
v 79.9369812 164.6576691 175.0494080
v 79.9571686 164.7300568 175.0719604
v 79.9739227 170.7632904 175.2094879
v 79.9861069 171.1427307 175.8106537
v 79.9936447 164.1748657 175.5457611
v 80.0113373 170.6944733 175.2141724
v 80.0359879 135.3271790 170.1731415
v 80.0359879 152.6833954 170.1731415
v 80.0392227 170.6220703 175.2257538
v 80.0403519 164.0019073 176.2122498
v 80.0478210 158.5614014 173.6308289
v 80.0506973 164.2246552 175.5252380
v 80.0510101 171.1130219 175.7780762
v 80.0568924 170.5478058 175.2439423
v 80.0686951 171.1927948 176.2611084
v 80.0833664 163.9992676 176.2984161
v 80.0865097 166.8594055 180.7775574
v 80.0887451 163.9992523 176.2957001
v 80.1011581 164.2829437 175.5106659
v 80.1081467 164.0080719 176.1732178
v 80.1093369 162.0840454 176.4963684
v 80.1118851 171.0724640 175.7496948
v 80.1210098 166.7375183 184.8267975
v 80.1221466 166.6640778 180.3563080
v 80.1308594 143.0762787 170.3756256
v 80.1308594 144.9342804 170.3756256
v 80.1427994 164.0024719 176.2741394
v 80.1437683 164.3483124 175.5024261
v 80.1633759 164.0059967 176.2687378
v 80.1638107 171.2040710 176.4251709
v 80.1672211 171.0220642 175.7261963
v 80.1745224 164.0263672 176.1356201
v 80.1774826 164.4191437 175.5007172
v 80.1825867 141.2223206 170.4860382
v 80.1825867 146.7882538 170.4860382
v 80.1991348 164.0121155 176.2593384
v 80.2014771 164.4936829 175.5056000
v 80.2151642 164.5701141 175.5169220
v 80.2156601 170.9630280 175.7081604
v 80.2163239 164.0162048 176.2562408
v 80.2313919 171.1979218 176.3857880
v 80.2378464 164.0563660 176.1003113
v 80.2426910 164.0243835 176.2538147
v 80.2444305 159.2723083 172.0915222
v 80.2560196 170.8968506 175.6960297
v 80.2636566 177.6128693 179.5878601
v 80.2670898 165.6110840 175.6064758
v 80.2683029 165.8128510 175.6085663
v 80.2685471 165.8545227 175.6089935
v 80.2695236 178.7140656 182.5884399
v 80.2702866 165.8885193 175.6119843
v 80.2717514 165.5478973 175.6145172
v 80.2839508 164.0371552 176.2500305
v 80.2851486 165.3664093 175.6376343
v 80.2858353 139.3803253 170.7063751
v 80.2858353 148.6302490 170.7063751
v 80.2872925 170.8251343 175.6901093
v 80.2884445 166.0747528 175.6433258
v 80.2891312 165.3334808 175.6444855
v 80.2903061 172.9416504 182.6242828
v 80.2939148 166.1307983 175.6527405
v 80.2965546 164.0973206 176.0682068
v 80.2969208 165.2875671 175.6579285
v 80.2971420 171.1796112 176.3470917
v 80.3022461 168.5929260 185.8994751
v 80.3036652 133.4752350 170.7444305
v 80.3036652 154.5353394 170.7444305
v 80.3087234 170.7496643 175.6905518
v 80.3122406 133.4752350 170.7406464
v 80.3122406 154.5353394 170.7406464
v 80.3197632 170.6722870 175.6973267
v 80.3251572 164.0541229 176.2514191
v 80.3283310 165.1023102 175.7121124
v 80.3297729 166.3265076 175.7145844
v 80.3357391 166.3590546 175.7248840
v 80.3422852 164.0611725 176.2520142
v 80.3429718 166.3897247 175.7373505
v 80.3447342 165.0400848 175.7404022
v 80.3492126 164.1482239 176.0400848
v 80.3594360 171.1495972 176.3100128
v 80.3811951 171.1542816 176.8000946
v 80.3862000 164.8829041 175.8119049
v 80.3929214 166.5595856 175.8235016
v 80.3945160 164.2078400 176.0166321
v 80.4055176 166.6024475 175.8452148
v 80.4130096 164.8125763 175.8581390
v 80.4167480 171.1086121 176.2754974
v 80.4200974 164.1015625 176.2651062
v 80.4313507 164.2746887 175.9984131
v 80.4401245 137.5582733 171.0356750
v 80.4401245 150.4523010 171.0356750
v 80.4588013 164.3471069 175.9859161
v 80.4676590 171.0576935 176.2443542
v 80.4677582 164.6689758 175.9525909
v 80.4742508 166.7690430 175.9637604
v 80.4754715 171.1326904 176.9627075
v 80.4762192 164.4233398 175.9794312
v 80.4829025 166.7900238 175.9786835
v 80.4831390 164.5014954 175.9791107
v 80.4933167 164.1494141 176.2899475
v 80.4945755 166.8136749 175.9988251
v 80.4990311 164.6103058 176.0065155
v 80.5056839 165.6063995 181.5005188
v 80.5095215 164.1600037 176.2954407
v 80.5109177 170.9980316 176.2173767
v 80.5225449 183.0052948 187.6212769
v 80.5304031 172.0052795 187.3242950
v 80.5351486 172.0052795 187.6210938
v 80.5398941 172.0052795 187.9178619
v 80.5425186 171.1266479 176.9224091
v 80.5426865 171.8488464 187.3251495
v 80.5454559 170.9311829 176.1952209
v 80.5521469 171.8488464 187.9166260
v 80.5583649 164.4989929 176.1088409
v 80.5634155 183.0052948 187.0290527
v 80.5653152 167.1453400 186.1902618
v 80.5692368 164.4815216 176.1282196
v 80.5704269 170.8587036 176.1784363
v 80.5711060 171.9869385 180.1181183
v 80.5730743 166.9462585 176.1342163
v 80.5755539 164.2144775 176.3324738
v 80.5758820 172.0052795 187.0309906
v 80.5792313 171.6962585 187.3276672
v 80.5823364 183.0052948 188.2118988
v 80.5852203 170.7824402 176.1674347
v 80.5885849 171.6962585 187.9129333
v 80.5889969 166.9731445 176.1616669
v 80.5894623 170.7042542 176.1624756
v 80.5947342 172.0052795 188.2095795
v 80.5949554 164.4389343 176.1846619
v 80.6012955 168.6122437 185.6972961
v 80.6036835 164.4244843 176.2038116
v 80.6066818 171.1087036 176.8809662
v 80.6146851 164.2467651 176.3544159
v 80.6198578 163.0867310 177.4008484
v 80.6213608 172.0052795 186.7376709
v 80.6256104 164.3881531 176.2519379
v 80.6333237 171.8488464 186.7405701
v 80.6391373 171.5512848 187.3318024
v 80.6448212 135.7640228 171.4725494
v 80.6448212 152.2465515 171.4725494
v 80.6450958 164.3552094 176.3115845
v 80.6483307 171.5512848 187.9068909
v 80.6495590 172.0052795 188.5012817
v 80.6554413 164.2871704 176.3862000
v 80.6614304 171.8488464 188.4979858
v 80.6663818 171.0792847 176.8394318
v 80.6689148 171.6962585 186.7492371
v 80.6743011 164.3058624 176.4009247
v 80.6850204 167.0891418 176.3272858
v 80.6856384 171.0084686 177.3251801
v 80.6883698 179.3052826 188.6312866
v 80.6883698 183.0052948 188.6312866
v 80.6885071 179.2891235 188.6316986
v 80.6897659 179.2584534 188.6356354
v 80.6903915 179.2433929 188.6375732
v 80.6909790 179.2350006 188.6394196
v 80.6932526 179.2128601 188.6464081
v 80.6932831 167.0991211 176.3415375
v 80.6939774 160.6235352 172.8337250
v 80.6954880 179.1910095 188.6532898
v 80.6967239 171.6962585 188.4882050
v 80.6989899 179.1695099 188.6638641
v 80.7023163 179.1490021 188.6739655
v 80.7036514 179.1424561 188.6779327
v 80.7038040 183.0052948 186.4522400
v 80.7069092 179.1294556 188.6875305
v 80.7078476 167.1133423 176.3666534
v 80.7130127 179.1051178 188.7054596
v 80.7157516 172.0052795 186.4562531
v 80.7170181 179.0937805 188.7169189
v 80.7201462 171.0391235 176.7987823
v 80.7209320 171.4175110 187.3374481
v 80.7246628 179.0721588 188.7387543
v 80.7255173 183.0052948 187.4754333
v 80.7263260 179.0683136 188.7433929
v 80.7272644 171.5512848 186.7634430
v 80.7290878 179.0630798 188.7509918
v 80.7299118 171.4175110 187.8986206
v 80.7401276 179.0422363 188.7813110
v 80.7402115 158.5201569 173.2908936
v 80.7411041 179.0410156 188.7839203
v 80.7430878 179.0385284 188.7891693
v 80.7529068 172.0052795 188.7795258
v 80.7545853 171.5512848 188.4721375
v 80.7558899 179.0225220 188.8230591
v 80.7576828 183.0052948 188.0334015
v 80.7581100 179.0204315 188.8287964
v 80.7586517 179.0200806 188.8301849
v 80.7666473 170.9891815 176.7600403
v 80.7724380 183.0089722 187.4766998
v 80.7752380 179.0091553 188.8721924
v 80.7756577 179.0090637 188.8732147
v 80.7762527 170.9549255 177.4814606
v 80.7880478 183.0052948 186.9200134
v 80.7936401 179.0052795 188.9170227
v 80.8041382 183.0089722 188.0267487
v 80.8047485 170.9307251 176.7241516
v 80.8069229 171.4175110 186.7828217
v 80.8080902 167.1898804 176.5395355
v 80.8086319 167.5749207 182.0230255
v 80.8101501 172.0052795 186.1748352
v 80.8181915 183.0199585 187.4779510
v 80.8214493 171.8488464 186.1797333
v 80.8226013 171.2981720 187.3444672
v 80.8236084 167.2017212 176.5663147
v 80.8312988 171.2981720 187.8883514
v 80.8335037 170.8651886 176.6920166
v 80.8335953 171.4175110 188.4502106
v 80.8340683 183.0089722 186.9292145
v 80.8427887 170.9491882 177.4402771
v 80.8494568 183.0199585 188.0202484
v 80.8522110 170.7941589 176.6644287
v 80.8541107 167.1639862 185.9950256
v 80.8550644 171.6962585 186.1942902
v 80.8562546 172.0052795 189.0577850
v 80.8578796 170.6427765 176.6254272
v 80.8603973 170.7194214 176.6420441
v 80.8616714 183.0379791 187.4791412
v 80.8673935 171.8488464 189.0525360
v 80.8677216 183.0052948 188.5272827
v 80.8789597 183.0199585 186.9381714
v 80.8910522 183.0064392 188.5137634
v 80.8925018 183.0379791 188.0140686
v 80.8990402 134.0052795 172.0151062
v 80.8990402 154.0052948 172.0151062
v 80.9005280 171.6962585 189.0369110
v 80.9017944 183.0625763 187.4802246
v 80.9054260 170.9321442 177.3961945
v 80.9059448 171.2981720 186.8069305
v 80.9074020 134.0052795 172.0113831
v 80.9074020 154.0052948 172.0113831
v 80.9092941 183.0099182 188.5031891
v 80.9101715 171.5512848 186.2181396
v 80.9216156 183.0379791 186.9466705
v 80.9317932 171.2981720 188.4229584
v 80.9322357 183.0625763 188.0083618
v 80.9336090 183.0145874 188.4890900
v 80.9375763 183.0931396 187.4812164
v 80.9396439 183.0052948 185.9074554
v 80.9416428 171.1962738 187.3526917
v 80.9431686 167.2519073 176.7725220
v 80.9434662 183.0052948 186.3831635
v 80.9498444 183.0209656 188.4796753
v 80.9500122 171.1962738 187.8763428
v 80.9507446 172.0052795 185.9134216
v 80.9548416 171.5512848 189.0113068
v 80.9589462 167.2556763 176.7997437
v 80.9609756 183.0625763 186.9545288
v 80.9626160 170.9042206 177.3503265
v 80.9676743 183.0931396 188.0032806
v 80.9681396 183.1289520 187.4820251
v 80.9728241 170.7597961 177.8204956
v 80.9772339 183.0317230 188.4637909
v 80.9854126 171.4175110 186.2507172
v 80.9872742 183.0089722 186.3999786
v 80.9885101 183.0387115 188.4572449
v 80.9927292 183.1690826 187.4826965
v 80.9942322 179.0052795 189.3208923
v 80.9960785 183.0931396 186.9615326
v 80.9979401 183.1289520 187.9989471
v 81.0051422 172.0052795 189.3145599
v 81.0107346 183.2125854 187.4831848
v 81.0129471 170.8660736 177.3037720
v 81.0152664 183.0552826 188.4417419
v 81.0217209 183.2583618 187.4835052
v 81.0218811 171.1962738 186.8351440
v 81.0222855 183.1690826 187.9954681
v 81.0241776 183.0632019 188.4365845
v 81.0254135 183.3052826 187.4835968
v 81.0260620 183.1289520 186.9675140
v 81.0290070 171.4175110 188.9763489
v 81.0291519 186.0052795 187.3947906
v 81.0300140 183.0199585 186.4163818
v 81.0353317 183.3052826 187.3954773
v 81.0401154 183.2125854 187.9929047
v 81.0417099 186.0052795 187.8879395
v 81.0467682 171.1962738 188.3910522
v 81.0486984 183.3052826 187.8875275
v 81.0501785 183.1690826 186.9723206
v 81.0505600 183.0866547 188.4212799
v 81.0509949 183.2583618 187.9913483
v 81.0546494 183.3052826 187.9908142
v 81.0551987 170.8186493 177.2577057
v 81.0561371 183.0935516 188.4180450
v 81.0570755 170.6761627 177.9658051
v 81.0678558 183.2125854 186.9758453
v 81.0706100 183.0379791 186.4319763
v 81.0707550 167.2621155 176.9925842
v 81.0751190 171.1142883 187.3618927
v 81.0786285 183.2583618 186.9779968
v 81.0789413 171.2981720 186.2911987
v 81.0793228 183.1222382 188.4046021
v 81.0822449 183.3052826 186.9787292
v 81.0831299 171.1142883 187.8628540
v 81.0831451 167.2628326 177.0139313
v 81.0833664 183.1292725 188.4022675
v 81.0883179 170.7631531 177.2132416
v 81.0913391 172.0052795 185.6520233
v 81.0976410 186.0052795 186.9062653
v 81.1016464 171.8488464 185.6587524
v 81.1027908 183.3052826 186.9077606
v 81.1038971 183.1650543 188.3903656
v 81.1054993 183.1692200 188.3894196
v 81.1080780 183.0625763 186.4463654
v 81.1114883 170.7008972 177.1714630
v 81.1169205 170.4896851 177.0722046
v 81.1205750 183.2082672 188.3806915
v 81.1211853 171.2981720 188.9328766
v 81.1223984 183.2144775 188.3796234
v 81.1231308 170.6708984 177.9237823
v 81.1241455 170.6334534 177.1334381
v 81.1259689 170.5624542 177.1000824
v 81.1316299 183.2583771 188.3742828
v 81.1317673 183.2590027 188.3742065
v 81.1323242 171.6962585 185.6787872
v 81.1349640 183.3052826 188.3723450
v 81.1349640 186.0052795 188.3723450
v 81.1415024 183.0931396 186.4591980
v 81.1438293 159.7357483 173.9568481
v 81.1518784 171.1142883 186.8667755
v 81.1540222 172.0052795 189.5713501
v 81.1560059 166.2413025 182.6221466
v 81.1623459 164.0054779 178.3733063
v 81.1641159 171.8488464 189.5642853
v 81.1700363 183.1289520 186.4701691
v 81.1756821 171.1142883 188.3552704
v 81.1826096 171.5512848 185.7116089
v 81.1832352 161.9013824 173.6742249
v 81.1843338 170.6552734 177.8772583
v 81.1858521 166.6280365 179.7280884
v 81.1873093 183.0052948 185.8802490
v 81.1884384 171.1962738 186.3386078
v 81.1930008 183.1690826 186.4789734
v 81.1941223 171.6962585 189.5432892
v 81.2045898 167.2313843 177.2234039
v 81.2098160 183.2125854 186.4854431
v 81.2197495 171.0542297 187.3718872
v 81.2200012 167.2245636 177.2499847
v 81.2200775 183.2583618 186.4893799
v 81.2235260 183.3052826 186.4906921
v 81.2272034 173.2855682 185.4585114
v 81.2272034 180.0508423 185.4585114
v 81.2273636 171.0542297 187.8482513
v 81.2276535 183.0089722 185.9042358
v 81.2291107 171.1962738 188.8820038
v 81.2296753 180.0470276 185.4552307
v 81.2299957 173.2887115 185.4548035
v 81.2340775 170.4157257 178.2710724
v 81.2391891 170.6296692 177.8273468
v 81.2433395 171.5512848 189.5088654
v 81.2450790 179.0052795 189.6956177
v 81.2453079 186.0052795 186.4355927
v 81.2493057 183.3052826 186.4375305
v 81.2512665 171.4175110 185.7564240
v 81.2595139 179.0061951 189.7142944
v 81.2641525 183.0052948 185.4103699
v 81.2654419 173.2781830 185.4114075
v 81.2661896 180.0442352 185.4120789
v 81.2669983 183.0199585 185.9276123
v 81.2740936 172.0052795 185.4181213
v 81.2741394 179.0099182 189.7328339
v 81.2800903 179.9582672 185.3713074
v 81.2832565 173.3559723 185.3704529
v 81.2863312 170.5946960 177.7752991
v 81.2888947 179.0136566 189.7515564
v 81.2924347 179.0150604 189.7559814
v 81.2927399 171.0542297 186.9010620
v 81.2937698 173.6676941 184.3549805
v 81.2937698 179.3981018 184.3549805
v 81.3029480 179.0207977 189.7688904
v 81.3043900 183.0379791 185.9498444
v 81.3094940 170.3047638 178.4011383
v 81.3105240 171.4175110 189.4618835
v 81.3112183 171.1142883 186.3917542
v 81.3132401 173.3938141 185.3229675
v 81.3136139 179.8992615 185.3155212
v 81.3153839 171.0542297 188.3165131
v 81.3158188 173.3980408 185.3168945
v 81.3211060 179.0307007 189.7912140
v 81.3246155 170.5512085 177.7223663
v 81.3264465 173.6892700 184.4161377
v 81.3306732 167.1544952 177.4408569
v 81.3308105 179.0387573 189.8028564
v 81.3320770 173.4246979 185.2784729
v 81.3333206 179.8645630 185.2827148
v 81.3345337 179.0418549 189.8073120
v 81.3365936 171.2981720 185.8121338
v 81.3386459 167.1494446 177.4546051
v 81.3388901 183.0625763 185.9703522
v 81.3441544 172.0052795 189.7992706
v 81.3487091 179.0536194 189.8242950
v 81.3501358 171.1142883 188.8249512
v 81.3514938 179.8263550 185.2417755
v 81.3530807 170.5003204 177.6698761
v 81.3569336 179.0633240 189.8339233
v 81.3581543 173.7072296 184.4877319
v 81.3587799 170.2496033 177.4893188
v 81.3600540 173.4705200 185.2124023
v 81.3610840 173.7079773 184.4960632
v 81.3643265 179.4465179 184.5036621
v 81.3646622 173.7088928 184.5062714
v 81.3650360 179.4472504 184.5061340
v 81.3686905 179.7832336 185.1897583
v 81.3696594 183.0931396 185.9886322
v 81.3710403 170.4432526 177.6191101
v 81.3719635 171.0175934 187.3823853
v 81.3729858 173.4916992 185.1818695
v 81.3739243 170.3163300 177.5277252
v 81.3751144 170.3001556 178.3583984
v 81.3753662 173.4190063 185.2325592
v 81.3756638 179.0854034 189.8558197
v 81.3778915 179.7601776 185.1619110
v 81.3780441 170.3814087 177.5713348
v 81.3791656 171.0175934 187.8328857
v 81.3792114 173.5019073 185.1671448
v 81.3802490 173.5044250 185.1627350
v 81.3807144 179.0936127 189.8616028
v 81.3849792 173.7140350 184.5642242
v 81.3859329 173.2548676 185.2630005
v 81.3859558 173.3381042 185.2522583
v 81.3862534 179.7392273 185.1366272
v 81.3892670 173.7141113 184.5786591
v 81.3940353 171.2981720 189.4034729
v 81.3959427 183.1289520 186.0042725
v 81.3974457 179.1208038 189.8807373
v 81.3992920 179.7065125 185.0971527
v 81.3993378 173.5507355 185.0811920
v 81.3997955 179.7045135 185.0941315
v 81.4011993 179.1293335 189.8849640
v 81.4062881 179.7762909 185.1519928
v 81.4090042 179.4919739 184.6592407
v 81.4102936 173.7071228 184.6670227
v 81.4104767 179.4940948 184.6669769
v 81.4114990 173.7067261 184.6720276
v 81.4121857 173.7057953 184.6767578
v 81.4128723 179.4975739 184.6795654
v 81.4132996 173.7043304 184.6842651
v 81.4154892 179.6421967 184.9995270
v 81.4159393 179.6404114 184.9968262
v 81.4165115 179.1640625 189.9021759
v 81.4170837 183.1690826 186.0168304
v 81.4176254 179.5053558 184.7083740
v 81.4180527 179.1692352 189.9038849
v 81.4183044 173.5967712 185.0001831
v 81.4183197 173.5968475 184.9999847
v 81.4198761 173.6058502 184.9793243
v 81.4209824 179.5123444 184.7328033
v 81.4228745 173.6915741 184.7490692
v 81.4242096 173.6834717 184.7753601
v 81.4249878 179.6044464 184.9422302
v 81.4261246 179.5383759 184.8029022
v 81.4263535 179.5828400 184.8993530
v 81.4271317 173.6656342 184.8332062
v 81.4272461 179.5685883 184.8711090
v 81.4283447 179.5496063 184.8331604
v 81.4284134 179.5499878 184.8341827
v 81.4286499 173.6564026 184.8630829
v 81.4294739 179.2075195 189.9165497
v 81.4306259 179.2125854 189.9178314
v 81.4308929 179.2137146 189.9181213
v 81.4325638 183.2125854 186.0260315
v 81.4341965 179.8509674 185.1696625
v 81.4350433 170.2864227 178.3096466
v 81.4365158 171.1962738 185.8773651
v 81.4381943 179.2583618 189.9261322
v 81.4382324 179.2586212 189.9261780
v 81.4407654 179.3052826 189.9289398
v 81.4407654 183.0052948 189.9289398
v 81.4410019 171.0175934 186.9371338
v 81.4416962 179.5797119 184.8857880
v 81.4420166 183.2583618 186.0316620
v 81.4442596 171.0542297 186.4493561
v 81.4451904 183.3052826 186.0335388
v 81.4482498 167.0395966 177.6436462
v 81.4531174 179.9299316 185.1784363
v 81.4568481 172.0052795 185.1842346
v 81.4615021 169.9866943 178.6633301
v 81.4618149 167.0228729 177.6670380
v 81.4624023 171.0175934 188.2756958
v 81.4625244 180.0110321 185.1781311
v 81.4626007 173.6813202 184.7401886
v 81.4658737 171.8488464 185.1926117
v 81.4681778 186.0052795 185.9954987
v 81.4709702 183.3052826 185.9974976
v 81.4812698 171.0542297 188.7631378
v 81.4877548 179.6304474 184.9294586
v 81.4877930 170.2638855 178.2561035
v 81.4918137 171.1962738 189.3350830
v 81.4927139 171.6962585 185.2175446
v 81.5117874 173.6430969 184.7973785
v 81.5125809 183.0052948 185.4257507
v 81.5259018 169.8519592 178.7743835
v 81.5280228 179.6907501 184.9661102
v 81.5280304 171.0052795 187.3931580
v 81.5320587 170.2331390 178.1990967
v 81.5342941 172.0052795 190.0271912
v 81.5348129 171.0052795 187.8171387
v 81.5367279 171.5512848 185.2583923
v 81.5430527 171.8488464 190.0185394
v 81.5482864 183.0089722 185.4561920
v 81.5485458 171.1142883 185.9505005
v 81.5552750 173.5927429 184.8495789
v 81.5572510 168.1725159 183.3141632
v 81.5576859 166.8793030 177.8323822
v 81.5614166 166.8737030 177.8388214
v 81.5614395 179.7590332 184.9947968
v 81.5667725 170.1949310 178.1400146
v 81.5671844 178.7140656 181.8360596
v 81.5690918 171.6962585 189.9927673
v 81.5735779 173.6742706 184.2170410
v 81.5761719 169.9297485 177.8642731
v 81.5822220 160.8874664 174.7088013
v 81.5831223 183.0199585 185.4858856
v 81.5842896 171.0175934 186.5099640
v 81.5871277 179.8334961 185.0147552
v 81.5879517 172.9416504 181.8718872
v 81.5910645 170.1501770 178.0803223
v 81.5911484 169.8481140 178.7309875
v 81.5918121 173.5317078 184.8952942
v 81.5930023 171.0052795 186.9741364
v 81.5967941 169.9884033 177.9120941
v 81.5968246 171.4175110 185.3141632
v 81.6014481 171.1142883 189.2583923
v 81.6043320 170.1000061 178.0214691
v 81.6044006 179.9121857 185.0254211
v 81.6062622 170.0456238 177.9649353
v 81.6117706 171.5512848 189.9505310
v 81.6128006 179.9929962 185.0265350
v 81.6131439 171.0052795 188.2338715
v 81.6162186 183.0379791 185.5141144
v 81.6192856 171.0175934 188.6980743
v 81.6201096 183.0052948 189.8249359
v 81.6203690 173.4617157 184.9332123
v 81.6233215 173.6924133 184.2834625
v 81.6401062 173.3847809 184.9622650
v 81.6466980 166.6978149 177.9859009
v 81.6467590 183.0625763 185.5401459
v 81.6482468 169.4856262 178.9853973
v 81.6499710 169.8366852 178.6803436
v 81.6504822 173.3031311 184.9815979
v 81.6511917 173.2190552 184.9906769
v 81.6569672 166.6724548 178.0036316
v 81.6618118 183.0091400 189.8007660
v 81.6635056 183.0092773 189.7997894
v 81.6680145 183.0052948 184.9752655
v 81.6687546 173.2177277 184.9761810
v 81.6699448 171.0542297 186.0297546
v 81.6700439 171.4175110 189.8928528
v 81.6701584 179.9886017 184.9777985
v 81.6710281 179.4901276 184.4999084
v 81.6715164 171.2981720 185.3834991
v 81.6737976 173.6962585 184.3516846
v 81.6740036 183.0931396 185.5633698
v 81.6764984 172.0052795 184.9846039
v 81.6972733 183.1289520 185.5832062
v 81.6997681 169.3313751 179.0742645
v 81.7009201 169.8179321 178.6236877
v 81.7051468 183.0209351 189.7756500
v 81.7090607 163.0976410 174.6076202
v 81.7104416 183.0230103 189.7725830
v 81.7159882 183.1690826 185.5991669
v 81.7175980 179.5184174 184.5595245
v 81.7202454 171.0542297 189.1753082
v 81.7235336 173.6856995 184.4197540
v 81.7254333 166.4683533 178.1217041
v 81.7261581 166.4662018 178.1229401
v 81.7278442 171.0052795 186.5721130
v 81.7296982 183.2125854 185.6108398
v 81.7335205 164.8346710 179.4078522
v 81.7380524 183.2583618 185.6179810
v 81.7408600 183.3052826 185.6203766
v 81.7410049 183.0385895 189.7548523
v 81.7424850 171.2981720 189.8211670
v 81.7427368 169.7923431 178.5624390
v 81.7497559 183.0430603 189.7497711
v 81.7520370 183.0052948 190.2293091
v 81.7589722 171.1962738 185.4646759
v 81.7602005 186.0052795 185.5979309
v 81.7602234 172.0052795 190.2197113
v 81.7607803 171.0052795 188.6313782
v 81.7611465 179.5585175 184.6144714
v 81.7618637 183.3052826 185.5996094
v 81.7625427 169.5397797 178.1856995
v 81.7647171 169.3284149 179.0303497
v 81.7710953 173.6610260 184.4856720
v 81.7743759 169.7605286 178.4980774
v 81.7773895 166.2442780 178.2113037
v 81.7805939 166.2263336 178.2168427
v 81.7826538 166.5833588 179.3671570
v 81.7830276 166.2127075 178.2210388
v 81.7851028 183.0694427 189.7292938
v 81.7878723 169.5886078 178.2416534
v 81.7886505 168.9276733 179.2275543
v 81.7905884 183.0744171 189.7261047
v 81.7950821 169.7232666 178.4322052
v 81.7977066 171.0175934 186.1131592
v 81.8005371 179.6093445 184.6633148
v 81.8019104 169.6362457 178.3023987
v 81.8043365 169.6815033 178.3664398
v 81.8083572 183.0937958 189.7158051
v 81.8142853 165.9691772 178.2749481
v 81.8151169 173.6229553 184.5475769
v 81.8209763 183.1075897 189.7084808
v 81.8226624 169.3196259 178.9781799
v 81.8258591 168.7586975 179.2917328
v 81.8273010 171.1962738 189.7372437
v 81.8291931 166.7731781 183.7831879
v 81.8347397 179.6696167 184.7047729
v 81.8355713 183.1294708 189.7000275
v 81.8452835 171.0175934 189.0878601
v 81.8459015 183.1449738 189.6940308
v 81.8470230 166.5785522 179.3282318
v 81.8503723 183.1531982 189.6914368
v 81.8543167 173.5725708 184.6036530
v 81.8570328 171.1142883 185.5556946
v 81.8574677 183.1694641 189.6873322
v 81.8628769 179.7377472 184.7377930
v 81.8686447 183.1951294 189.6808472
v 81.8721542 169.3052216 178.9190369
v 81.8735199 183.2128296 189.6780090
v 81.8784943 168.3296661 179.3825073
v 81.8807220 183.2389069 189.6738434
v 81.8824463 183.2481232 189.6728363
v 81.8830414 166.5737152 179.3033905
v 81.8835220 183.2584229 189.6722107
v 81.8842010 179.8119354 184.7614594
v 81.8871460 183.2934723 189.6701202
v 81.8873596 183.3052826 189.6699982
v 81.8873596 186.0052795 189.6699982
v 81.8873672 166.9052887 179.3978119
v 81.8875656 173.5113525 184.6522675
v 81.8906021 168.7567139 179.2474518
v 81.8961487 172.0052795 184.7849579
v 81.8971939 167.0864563 179.4147491
v 81.8981552 179.8902893 184.7752380
v 81.9003906 168.1511536 179.4202576
v 81.9036179 171.8488464 184.7947388
v 81.9043808 179.9707336 184.7786865
v 81.9049454 166.0864868 178.4313202
v 81.9093399 166.5673065 179.2799530
v 81.9099274 183.0052948 185.0326843
v 81.9119873 169.2855530 178.8543549
v 81.9122849 169.0914154 178.4439697
v 81.9139023 173.4410553 184.6920471
v 81.9150391 167.7096863 179.4455414
v 81.9210968 167.5270844 179.4559784
v 81.9220886 180.5052795 187.5661621
v 81.9220886 181.0052795 187.5661621
v 81.9220886 186.0052795 187.5661621
v 81.9224014 171.1142883 189.6431274
v 81.9243393 180.5052795 187.5403137
v 81.9243393 181.0052795 187.5403137
v 81.9244766 166.5636292 179.2664642
v 81.9258728 171.6962585 184.8238373
v 81.9287033 171.0052795 186.1986847
v 81.9325714 173.3637085 184.7218323
v 81.9399338 173.6665649 183.9761200
v 81.9399796 183.0089722 185.0687256
v 81.9411774 169.2610931 178.7857666
v 81.9413834 169.1289520 178.5064240
v 81.9430389 173.2815552 184.7407532
v 81.9449921 173.1969604 184.7482758
v 81.9478989 168.7508392 179.1941833
v 81.9489975 180.5052795 187.9003601
v 81.9489975 181.0052795 187.9003601
v 81.9489975 186.0052795 187.9003601
v 81.9519958 166.9064789 179.3533478
v 81.9537659 180.5052795 187.2019958
v 81.9537659 181.0052795 187.2019958
v 81.9537659 186.0052795 187.2019958
v 81.9590073 169.2324524 178.7149353
v 81.9591141 169.1655731 178.5735168
v 81.9593430 180.5052795 187.1810913
v 81.9593430 181.0052795 187.1810913
v 81.9608994 143.0270538 167.9275360
v 81.9608994 144.9835205 167.9275360
v 81.9623489 171.5512848 184.8715363
v 81.9625626 166.1698608 178.5487976
v 81.9632874 171.0542297 185.6543274
v 81.9649963 168.1502228 179.3757629
v 81.9650345 169.2003632 178.6435852
v 81.9667130 166.5462036 179.2157898
v 81.9692993 183.0199585 185.1038818
v 81.9734726 171.0052795 188.9981995
v 81.9816208 173.6849823 184.0479736
v 81.9834976 166.8208313 179.7351837
v 81.9856720 167.5272064 179.4114227
v 81.9861450 172.0052795 190.4122162
v 81.9909286 166.2109222 178.6066284
v 81.9933014 171.8488464 190.4022064
v 81.9940720 183.0052948 190.1658020
v 81.9963455 168.7411957 179.1332245
v 81.9971542 183.0379791 185.1372833
v 81.9987869 166.4845276 178.5931549
v 81.9994583 166.5245819 179.1617126
v 82.0048904 173.6667786 183.9392548
v 82.0056229 166.5192413 179.1492157
v 82.0058746 166.5190125 179.1486816
v 82.0082779 166.2477875 178.6634674
v 82.0089874 166.9100037 179.2995300
v 82.0102539 141.0747986 168.0460358
v 82.0102539 146.9357758 168.0460358
v 82.0121536 171.4175110 184.9366760
v 82.0146103 171.6962585 190.3724060
v 82.0208893 168.5982056 178.6312714
v 82.0219193 168.1474304 179.3218384
v 82.0228653 183.0625763 185.1681061
v 82.0229340 183.0089722 190.1287994
v 82.0242767 173.6890717 184.1214905
v 82.0254440 171.0542297 189.5411682
v 82.0300674 166.4563751 178.6593781
v 82.0327835 166.4866638 179.0778656
v 82.0347443 168.7280426 179.0660706
v 82.0388184 166.3126678 178.7634583
v 82.0406418 166.3194122 178.7746124
v 82.0424881 167.5276031 179.3573151
v 82.0428314 179.4814606 184.2494965
v 82.0451279 173.6851959 184.0119171
v 82.0457916 183.0931396 185.1956024
v 82.0481033 180.5052795 186.8488159
v 82.0481033 181.0052795 186.8488159
v 82.0481033 186.0052795 186.8488159
v 82.0495377 171.5512848 190.3235626
v 82.0498047 166.4465942 178.9977417
v 82.0499191 166.4288940 178.7301331
v 82.0504303 166.3554688 178.8341675
v 82.0510864 183.0199585 190.0927124
v 82.0517197 166.4355621 178.9769897
v 82.0519562 166.3798065 178.8769989
v 82.0519943 166.3804321 178.8781128
v 82.0527115 161.9682770 175.5422058
v 82.0527115 168.6233063 178.6984558
v 82.0544662 166.4197235 178.9472809
v 82.0554047 180.5052795 186.8331299
v 82.0554047 181.0052795 186.8331299
v 82.0569153 166.9158173 179.2376862
v 82.0578613 166.4027863 178.8036957
v 82.0621567 168.7116699 178.9944000
v 82.0653763 183.1289520 185.2190857
v 82.0666580 173.6786652 184.1945343
v 82.0697479 168.1428528 179.2598114
v 82.0731125 168.6477966 178.7701416
v 82.0738525 167.0019836 178.7226257
v 82.0740509 171.2981720 185.0176239
v 82.0751190 171.0175934 185.7581329
v 82.0778275 183.0379791 190.0584106
v 82.0778885 168.6925354 178.9199677
v 82.0811234 183.1690826 185.2379761
v 82.0815125 179.5099182 184.3141785
v 82.0815811 168.6710510 178.8445892
v 82.0850754 168.0749817 178.7419739
v 82.0863876 173.6892700 184.0862274
v 82.0901413 167.5282288 179.2949829
v 82.0926666 183.2125854 185.2518005
v 82.0946198 166.9237518 179.1693420
v 82.0972366 171.4175110 190.2568817
v 82.0997086 183.2583618 185.2602386
v 82.1020660 183.3052826 185.2630768
v 82.1025162 183.0625763 190.0267639
v 82.1029053 167.5375061 178.7727356
v 82.1070251 166.9868469 178.7920990
v 82.1072998 168.1366119 179.1912079
v 82.1075287 173.6541138 184.2649994
v 82.1087341 139.1351624 168.2825775
v 82.1087341 148.8753967 168.2825775
v 82.1134644 186.0052795 185.2536163
v 82.1141663 183.3052826 185.2546234
v 82.1173935 179.5501251 184.3740692
v 82.1180649 165.4283447 174.7171631
v 82.1185150 168.0868988 178.8119354
v 82.1211472 166.9335938 179.0961609
v 82.1221619 165.1687622 174.7719879
v 82.1245270 183.0931396 189.9985352
v 82.1274338 173.6788788 184.1600342
v 82.1274490 167.5290833 179.2259827
v 82.1287155 166.9721069 178.8660431
v 82.1330872 165.6929016 174.7031250
v 82.1336517 168.1288452 179.1177063
v 82.1339035 171.0175934 189.4338379
v 82.1358719 166.9451447 179.0199738
v 82.1368027 167.5358734 178.8434753
v 82.1384201 166.9580841 178.9426270
v 82.1395950 183.0052948 184.6146851
v 82.1404953 168.0985260 178.8863525
v 82.1420212 179.9643097 184.6182861
v 82.1423264 173.1923218 184.6188507
v 82.1433258 183.1289520 189.9744263
v 82.1452637 164.9217377 174.8660431
v 82.1457291 173.6160889 184.3308563
v 82.1463776 172.0052795 184.6253052
v 82.1465302 171.1962738 185.1124115
v 82.1481476 168.1197510 179.0411530
v 82.1495361 179.6010132 184.4276123
v 82.1504517 168.1095734 178.9633942
v 82.1535110 167.5301361 179.1519775
v 82.1565170 171.2981720 190.1739807
v 82.1584549 183.1690826 189.9550323
v 82.1592102 167.5342865 178.9186401
v 82.1668091 165.9546661 174.7303162
v 82.1671219 173.6542969 184.2311707
v 82.1676788 167.5313873 179.0748291
v 82.1695328 183.2125854 189.9408264
v 82.1695938 167.5327759 178.9963989
v 82.1762924 183.2583618 189.9321594
v 82.1771088 179.6612549 184.4734344
v 82.1785660 183.3052826 189.9292450
v 82.1801376 173.5657043 184.3901672
v 82.1867142 164.6944580 174.9965363
v 82.1897736 171.0052795 185.8645477
v 82.1993866 179.7293243 184.5103302
v 82.2022629 180.5052795 186.5173645
v 82.2022629 181.0052795 186.5173645
v 82.2022629 186.0052795 186.5173645
v 82.2042770 173.6162720 184.2976227
v 82.2096939 180.5052795 186.5067139
v 82.2096939 181.0052795 186.5067139
v 82.2097549 173.5044098 184.4412384
v 82.2158051 179.8034210 184.5373535
v 82.2182236 166.2060394 174.7979431
v 82.2259293 171.1962738 190.0769348
v 82.2259293 179.8816376 184.5537872
v 82.2277985 171.1142883 185.2187042
v 82.2294922 179.9619293 184.5592194
v 82.2337341 173.4340210 184.4825745
v 82.2349091 183.0052948 190.5746307
v 82.2378159 173.5658875 184.3574219
v 82.2413483 172.0052795 190.5637817
v 82.2450943 171.0052795 189.3237915
v 82.2452774 164.4935760 175.1597137
v 82.2513733 173.3565216 184.5130005
v 82.2559357 137.2165375 168.6361084
v 82.2559357 150.7940369 168.6361084
v 82.2614212 186.0052795 189.9915924
v 82.2621613 173.2741852 184.5316162
v 82.2652435 183.3052826 189.9857178
v 82.2657852 173.1894226 184.5378723
v 82.2667923 173.5046082 184.4088440
v 82.2680588 164.2045746 175.6278839
v 82.2858505 166.4396667 174.9040070
v 82.2903519 173.4342194 184.4504395
v 82.3009949 159.0723877 171.1972198
v 82.3037567 171.1142883 189.9680939
v 82.3078156 173.3567200 184.4809570
v 82.3158569 171.0542297 185.3338623
v 82.3186722 173.2743988 184.4995117
v 82.3192520 164.3249512 175.3507538
v 82.3226166 173.1896210 184.5056152
v 82.3275223 168.6482849 184.6426544
v 82.3298874 165.5693054 180.4981537
v 82.3676987 166.6487274 175.0454254
v 82.3679428 183.0052948 184.7123871
v 82.3880844 171.0542297 189.8501740
v 82.3914871 183.0089722 184.7529755
v 82.3962555 173.6768799 183.7496948
v 82.3966064 172.0052795 184.4656830
v 82.4023285 171.8488464 184.4765625
v 82.4075851 164.1910095 175.5672150
v 82.4085388 171.0175934 185.4550781
v 82.4115677 180.5052795 186.2176514
v 82.4115677 181.0052795 186.2176514
v 82.4115677 186.0052795 186.2176514
v 82.4144440 183.0199585 184.7925720
v 82.4176636 180.5052795 186.2115326
v 82.4176636 181.0052795 186.2115326
v 82.4193344 171.6962585 184.5090027
v 82.4220963 180.0052795 187.5659637
v 82.4220963 181.5052795 187.5659637
v 82.4220963 185.5052795 187.5659637
v 82.4232254 179.3052826 187.6254120
v 82.4232254 180.0052795 187.6254120
v 82.4232254 181.5052795 187.6254120
v 82.4232254 185.5052795 187.6254120
v 82.4233627 179.2624359 187.6288757
v 82.4233932 179.2584076 187.6298676
v 82.4237976 179.2208557 187.6390839
v 82.4239120 179.2136078 187.6415863
v 82.4239426 179.2126007 187.6420593
v 82.4249573 179.1711884 187.6609650
v 82.4250488 179.1691742 187.6623077
v 82.4267044 179.1324615 187.6866913
v 82.4269714 179.1291504 187.6897583
v 82.4275055 179.0052795 187.6968231
v 82.4275818 179.1214447 187.6968079
v 82.4277725 173.6949310 183.8264313
v 82.4287491 179.0052795 187.4196014
v 82.4297256 179.0947876 187.7213287
v 82.4299240 179.0932770 187.7232056
v 82.4323120 179.4868011 184.0450592
v 82.4337540 179.0652008 187.7581482
v 82.4342957 179.0628510 187.7621460
v 82.4347763 180.0052795 187.4201355
v 82.4362564 183.0379791 184.8302002
v 82.4399796 179.0384674 187.8039093
v 82.4400177 181.5052795 187.3598175
v 82.4400177 185.5052795 187.3598175
v 82.4401627 179.0380554 187.8049622
v 82.4462280 180.0052795 187.2884979
v 82.4462280 181.5052795 187.2884979
v 82.4462280 185.5052795 187.2884979
v 82.4472198 171.5512848 184.5621948
v 82.4478455 179.0202637 187.8508911
v 82.4485245 179.0187073 187.8549652
v 82.4504547 159.0524139 171.1403503
v 82.4512100 135.3271790 169.1051025
v 82.4512100 152.6833954 169.1051025
v 82.4563980 183.0625763 184.8649292
v 82.4572220 179.0094147 187.8983154
v 82.4584808 179.0080719 187.9045868
v 82.4605331 173.6987152 183.9046783
v 82.4613876 166.8271179 175.2180786
v 82.4623413 183.0052948 190.4709320
v 82.4629211 179.5151520 184.1141357
v 82.4680862 179.0052795 187.9461670
v 82.4743423 183.0931396 184.8958893
v 82.4768448 171.0175934 189.7260742
v 82.4778137 179.0052795 187.1467590
v 82.4836731 180.0052795 187.1483154
v 82.4845352 183.0089722 190.4295807
v 82.4853058 171.4175110 184.6348114
v 82.4896851 183.1289520 184.9223328
v 82.4909286 179.5552826 184.1782837
v 82.4935913 173.6880798 183.9821625
v 82.4964523 181.5052795 187.1004639
v 82.4964523 185.5052795 187.1004639
v 82.4965591 172.0052795 190.7153625
v 82.5019226 171.8488464 190.7042694
v 82.5020218 183.1690826 184.9436188
v 82.5035553 171.0052795 185.5793457
v 82.5061874 183.0199585 190.3892517
v 82.5110550 183.2125854 184.9591980
v 82.5155945 179.6061401 184.2358398
v 82.5165634 183.2583618 184.9687042
v 82.5178909 171.6962585 190.6712952
v 82.5180969 180.0052795 187.0194092
v 82.5180969 181.5052795 187.0194092
v 82.5180969 185.5052795 187.0194092
v 82.5184174 183.3052826 184.9719086
v 82.5184174 186.0052795 184.9719086
v 82.5211182 167.1987915 184.9765625
v 82.5259933 173.6633606 184.0566711
v 82.5267563 183.0379791 190.3509369
v 82.5326385 171.2981720 184.7250671
v 82.5363007 179.6663971 184.2853241
v 82.5371704 143.0762787 169.3115387
v 82.5371704 144.9342804 169.3115387
v 82.5440674 171.5512848 190.6172485
v 82.5457458 183.0625763 190.3155670
v 82.5524521 162.9716034 176.4519806
v 82.5524902 179.7344971 184.3254547
v 82.5568008 173.6252747 184.1260223
v 82.5626755 183.0931396 190.2840271
v 82.5637512 179.8086548 184.3551636
v 82.5641861 166.9696198 175.4169159
v 82.5678406 171.0052795 189.5988159
v 82.5697784 179.8869476 184.3736877
v 82.5704269 179.9673462 184.3805542
v 82.5732422 179.0052795 186.8864746
v 82.5771332 183.1289520 190.2570801
v 82.5787430 180.0052795 186.8890228
v 82.5797958 171.4175110 190.5434570
v 82.5840302 141.2223206 169.4241028
v 82.5840302 146.7882538 169.4241028
v 82.5851364 173.5748901 184.1882324
v 82.5880432 171.1962738 184.8307190
v 82.5887680 183.1690826 190.2354279
v 82.5914307 173.6676941 183.6025848
v 82.5914307 179.3981018 183.6025848
v 82.5949936 181.5052795 186.8540955
v 82.5949936 185.5052795 186.8540955
v 82.5972824 183.2125854 190.2195587
v 82.6024857 183.2583618 190.2098694
v 82.6042328 183.3052826 190.2066193
v 82.6101685 173.5137024 184.2415009
v 82.6242218 171.2981720 190.4517365
v 82.6282654 173.6892700 183.6613312
v 82.6311951 173.4434357 184.2843018
v 82.6355591 180.0052795 186.7668610
v 82.6355591 181.5052795 186.7668610
v 82.6355591 185.5052795 186.7668610
v 82.6390381 173.6947479 183.6769257
v 82.6475830 173.3661499 184.3153839
v 82.6501846 171.1142883 184.9492188
v 82.6588898 173.2840424 184.3338776
v 82.6647568 173.1995087 184.3392181
v 82.6653290 183.0052948 184.3389893
v 82.6653366 173.1995544 184.3390198
v 82.6668396 179.9724884 184.3428345
v 82.6696701 180.5052795 185.9587860
v 82.6696701 181.0052795 185.9587860
v 82.6696701 186.0052795 185.9587860
v 82.6699753 167.5370789 181.0002289
v 82.6702194 172.0052795 184.3506165
v 82.6730728 167.0720520 175.6361084
v 82.6732101 180.5052795 185.9562988
v 82.6732101 181.0052795 185.9562988
v 82.6762314 171.1962738 190.3443451
v 82.6775589 139.3803253 169.6487274
v 82.6775589 148.6302490 169.6487274
v 82.6803741 173.7080841 183.7311554
v 82.6831589 186.0052795 190.2474823
v 82.6846695 173.7094727 183.7367706
v 82.6856308 183.3052826 190.2417755
v 82.6871643 173.7096710 183.7395782
v 82.6873322 179.4472504 183.7394867
v 82.6896210 179.4484100 183.7427521
v 82.6937180 133.4752350 169.6875458
v 82.6937180 154.5353394 169.6875458
v 82.7013855 180.5052795 189.1980133
v 82.7013855 181.0052795 189.1980133
v 82.7013855 186.0052795 189.1980133
v 82.7121658 179.0052795 186.6465607
v 82.7171402 180.0052795 186.6500397
v 82.7175140 171.0542297 185.0776062
v 82.7177429 158.3279114 172.4309540
v 82.7180557 179.4607697 183.7752686
v 82.7329025 181.5052795 186.6274719
v 82.7329025 185.5052795 186.6274719
v 82.7345505 171.1142883 190.2239380
v 82.7380981 173.7141113 183.7965851
v 82.7546921 168.6396027 184.4079285
v 82.7581482 160.4228668 171.9361115
v 82.7691956 183.0052948 190.8333740
v 82.7737045 172.0052795 190.8216095
v 82.7848816 167.1314850 175.8693085
v 82.7883759 171.0175934 185.2127533
v 82.7950211 180.0052795 186.5385132
v 82.7950211 181.5052795 186.5385132
v 82.7950211 185.5052795 186.5385132
v 82.7953720 173.7089539 183.8512421
v 82.7977371 171.0542297 190.0934601
v 82.8044891 173.7068329 183.8585358
v 82.8059006 179.4938202 183.8570709
v 82.8124161 173.7049561 183.8648834
v 82.8173447 137.5582733 169.9844666
v 82.8173447 150.4523010 169.9844666
v 82.8365936 179.5053558 183.8856506
v 82.8390350 179.5063782 183.8873749
v 82.8606415 179.5334473 183.9578400
v 82.8610306 171.0052795 185.3512878
v 82.8614578 158.3087158 172.3762512
v 82.8642426 171.0175934 189.9561310
v 82.8693085 173.6915741 183.9104156
v 82.8734741 183.0052948 184.4740143
v 82.8805161 179.5733490 184.0256195
v 82.8826675 173.6874237 183.9199371
v 82.8898163 183.0089722 184.5180054
v 82.8904190 179.0052795 186.4342346
v 82.8909607 173.6842346 183.9250793
v 82.8947220 180.0052795 186.4385376
v 82.8963470 167.1461182 176.1096344
v 82.8974762 179.6241150 184.0865479
v 82.9057617 183.0199585 184.5609131
v 82.9063797 181.5052795 186.4268341
v 82.9063797 185.5052795 186.4268341
v 82.9076309 173.6778564 183.9354095
v 82.9110718 179.6844025 184.1390686
v 82.9138107 179.5372620 183.9405060
v 82.9195175 179.0052795 188.7247620
v 82.9195862 179.5396576 183.9446106
v 82.9209061 183.0379791 184.6016846
v 82.9209442 179.7526550 184.1817780
v 82.9261627 179.9863129 184.2413177
v 82.9268417 179.8270416 184.2135620
v 82.9272995 173.6475220 183.9930115
v 82.9285965 179.9056091 184.2335968
v 82.9324265 171.0052795 189.8153381
v 82.9336395 167.1903992 184.7499084
v 82.9348907 183.0625763 184.6392975
v 82.9400711 179.5509186 183.9560089
v 82.9403534 173.6653290 183.9556580
v 82.9438248 172.0052795 184.2355499
v 82.9473572 183.0931396 184.6728668
v 82.9476242 171.8488464 184.2472534
v 82.9478073 166.2048645 181.6375885
v 82.9500961 173.5971832 184.0569153
v 82.9556580 179.0092010 188.7580261
v 82.9578094 179.0094299 188.7600098
v 82.9580078 183.1289520 184.7015228
v 82.9589081 171.6962585 184.2821045
v 82.9640961 186.0052795 184.7604218
v 82.9646072 183.3052826 184.7615204
v 82.9665756 183.1690826 184.7245789
v 82.9687500 180.5052795 185.7485962
v 82.9687500 181.0052795 185.7485962
v 82.9687500 186.0052795 185.7485962
v 82.9709244 173.5361786 184.1115112
v 82.9728470 183.2125854 184.7414703
v 82.9754181 183.0052948 190.6925964
v 82.9766769 183.2583618 184.7517700
v 82.9771347 173.6512299 183.9784241
v 82.9774094 171.5512848 184.3392334
v 82.9779663 183.3052826 184.7552338
v 82.9780579 180.5052795 189.3873901
v 82.9780579 181.0052795 189.3873901
v 82.9780579 186.0052795 189.3873901
v 82.9793549 173.6503906 183.9797974
v 82.9891968 173.4662476 184.1552582
v 82.9903107 183.0089722 190.6480865
v 82.9916763 180.0052795 186.3412781
v 82.9916763 181.5052795 186.3412781
v 82.9916763 185.5052795 186.3412781
v 82.9921951 179.0203247 188.7896881
v 82.9961166 179.0215607 188.7930603
v 82.9979324 179.5827026 183.9882050
v 83.0012817 179.0238190 188.7973480
v 83.0016174 180.5052795 189.3982849
v 83.0016174 181.0052795 189.3982849
v 83.0026627 171.4175110 184.4172363
v 83.0027924 135.7640228 170.4298401
v 83.0027924 152.2465515 170.4298401
v 83.0042114 167.1155701 176.3501282
v 83.0043869 173.3894196 184.1869049
v 83.0048370 183.0199585 190.6046906
v 83.0160599 173.3078461 184.2055664
v 83.0186386 183.0379791 190.5634460
v 83.0228653 179.5963898 184.0020752
v 83.0238876 173.2238922 184.2106781
v 83.0280304 179.0387726 188.8188477
v 83.0313797 183.0625763 190.5253754
v 83.0340576 171.2981720 184.5141907
v 83.0358887 179.6044464 184.0082245
v 83.0394135 179.0451508 188.8279724
v 83.0427399 183.0931396 190.4914398
v 83.0508652 172.0052795 190.9278564
v 83.0524521 183.1289520 190.4624329
v 83.0542755 171.8488464 190.9160309
v 83.0602493 183.1690826 190.4391174
v 83.0621185 179.0635681 188.8451080
v 83.0644455 171.6962585 190.8808289
v 83.0659714 183.2125854 190.4220276
v 83.0694580 183.2583618 190.4116058
v 83.0705338 173.6059875 184.0223541
v 83.0706253 183.3052826 190.4081116
v 83.0708237 171.1962738 184.6277161
v 83.0781555 179.0765839 188.8571930
v 83.0783920 163.8913269 177.4325867
v 83.0811005 171.5512848 190.8231354
v 83.0875168 179.6399689 184.0277710
v 83.0893326 173.5968475 184.0311279
v 83.0895004 173.5967712 184.0312042
v 83.0902176 179.6418304 184.0288086
v 83.0936279 179.0938416 188.8682404
v 83.1026535 179.0052795 186.2558746
v 83.1038589 171.4175110 190.7443695
v 83.1053238 167.0407104 176.5837555
v 83.1061401 180.0052795 186.2608490
v 83.1084290 173.5866241 184.0384521
v 83.1085510 179.1104736 188.8788757
v 83.1106491 181.5052795 186.2576752
v 83.1106491 185.5052795 186.2576752
v 83.1120453 171.1142883 184.7550049
v 83.1157532 179.0052795 188.8838501
v 83.1157837 179.1213226 188.8838043
v 83.1212311 179.1294861 188.8875122
v 83.1282883 159.5428467 173.0938873
v 83.1321411 171.2981720 190.6464691
v 83.1336823 179.1481476 188.8959961
v 83.1402512 179.1602783 188.9003601
v 83.1411591 186.0052795 190.4307404
v 83.1424255 183.3052826 190.4255371
v 83.1441574 179.1693268 188.9028931
v 83.1567078 171.0542297 184.8929291
v 83.1575470 179.2003326 188.9116211
v 83.1610184 179.2127686 188.9138336
v 83.1652527 171.1962738 190.5318298
v 83.1689911 173.5512695 184.0557098
v 83.1690063 179.2413177 188.9189148
v 83.1704178 179.6970062 184.0591888
v 83.1706543 173.5503082 184.0561981
v 83.1720276 179.2583618 188.9208069
v 83.1722794 179.2597198 188.9209747
v 83.1756134 179.3052826 188.9230652
v 83.1756134 180.0052795 188.9230652
v 83.1756134 181.5052795 188.9230652
v 83.1756134 185.5052795 188.9230652
v 83.1876984 173.4839630 184.1018219
v 83.1967468 166.9237213 176.8036652
v 83.2021561 173.4074707 184.1337738
v 83.2023773 171.1142883 190.4033051
v 83.2037125 171.0175934 185.0380859
v 83.2139587 173.3263092 184.1526031
v 83.2195435 180.0052795 186.1811371
v 83.2195435 181.5052795 186.1811371
v 83.2195435 185.5052795 186.1811371
v 83.2227783 173.2427979 184.1578064
v 83.2266388 180.0052795 188.9535675
v 83.2266388 181.5052795 188.9535675
v 83.2266388 185.5052795 188.9535675
v 83.2301025 183.0052948 184.1560974
v 83.2301712 173.2436676 184.1564789
v 83.2308655 180.0126953 184.1589355
v 83.2329559 172.0052795 184.1683807
v 83.2330933 134.0052795 170.9829559
v 83.2330933 154.0052948 170.9829559
v 83.2425995 171.0542297 190.2640228
v 83.2481766 161.7006378 172.7762756
v 83.2495499 173.5042725 184.0786896
v 83.2500839 179.7606354 184.0759583
v 83.2519073 171.0052795 185.1869049
v 83.2578888 173.4994202 184.0810699
v 83.2696533 173.4918365 184.0824432
v 83.2757797 166.7680359 177.0034637
v 83.2787323 179.7835083 184.0819702
v 83.2849426 171.0175934 190.1174164
v 83.2938156 180.0181580 184.1419220
v 83.2939453 165.8719788 177.5619659
v 83.2958374 180.5052795 185.5952911
v 83.2958374 181.0052795 185.5952911
v 83.2993622 179.9369354 184.1338959
v 83.2997513 180.5052795 185.5934601
v 83.2997513 181.0052795 185.5934601
v 83.2997513 186.0052795 185.5934601
v 83.3009415 179.8012543 184.0866547
v 83.3019791 179.8578644 184.1129913
v 83.3098450 180.5052795 189.5408325
v 83.3098450 181.0052795 189.5408325
v 83.3098450 186.0052795 189.5408325
v 83.3283615 171.0052795 189.9671326
v 83.3307495 180.5052795 189.5463715
v 83.3307495 181.0052795 189.5463715
v 83.3323669 179.8263550 184.0932465
v 83.3395233 183.0052948 190.9981079
v 83.3400726 181.5052795 186.1246490
v 83.3400726 185.5052795 186.1246490
v 83.3401413 166.5781860 177.1773071
v 83.3419876 172.0052795 190.9857330
v 83.3424759 179.0052795 186.1168365
v 83.3450546 180.0052795 186.1223297
v 83.3569641 179.0052795 189.0205078
v 83.3595047 180.0052795 189.0150146
v 83.3738174 173.4247437 184.0947266
v 83.3771286 168.1355133 182.3141632
v 83.3785706 179.8675079 184.0943146
v 83.3879395 166.3597260 177.3201141
v 83.4119949 183.0052948 184.3244476
v 83.4144440 181.5052795 189.0404205
v 83.4144440 185.5052795 189.0404205
v 83.4152756 173.3980408 184.0996094
v 83.4153442 179.9002533 184.0951538
v 83.4177856 166.1190186 177.4277191
v 83.4206772 183.0089722 184.3705597
v 83.4218445 173.3938141 184.1003876
v 83.4288025 165.8631287 177.4969788
v 83.4291458 183.0199585 184.4155426
v 83.4371872 183.0379791 184.4582825
v 83.4384003 186.0052795 184.6248932
v 83.4390335 183.3052826 184.6271820
v 83.4446182 183.0625763 184.4977264
v 83.4512405 183.0931396 184.5329132
v 83.4568939 183.1289520 184.5629730
v 83.4614487 183.1690826 184.5871429
v 83.4647827 183.2125854 184.6048431
v 83.4668121 183.2583618 184.6156464
v 83.4674988 183.3052826 184.6192627
v 83.4717407 180.0052795 186.0629425
v 83.4717407 181.5052795 186.0629425
v 83.4717407 185.5052795 186.0629425
v 83.4779129 173.3559875 184.0979614
v 83.4794235 180.0052795 189.0704803
v 83.4794235 181.5052795 189.0704803
v 83.4794235 185.5052795 189.0704803
v 83.4804230 179.9582214 184.0966492
v 83.5185471 183.0052948 190.8244324
v 83.5195312 133.4752350 169.3646393
v 83.5195312 154.5353394 169.3646393
v 83.5220718 172.0052795 184.1012115
v 83.5238342 171.8488464 184.1134033
v 83.5257187 183.0089722 190.7780609
v 83.5290604 171.6962585 184.1496582
v 83.5327072 183.0199585 190.7328186
v 83.5351791 180.0069885 184.0979004
v 83.5376434 171.5512848 184.2090912
v 83.5393448 183.0379791 190.6898346
v 83.5454788 183.0625763 190.6501617
v 83.5493546 171.4175110 184.2902527
v 83.5509338 183.0931396 190.6147919
v 83.5556107 183.1289520 190.5845795
v 83.5593643 183.1690826 190.5602722
v 83.5621109 183.2125854 190.5424652
v 83.5637894 183.2583618 190.5316162
v 83.5639191 171.2981720 184.3910980
v 83.5643539 183.3052826 190.5279541
v 83.5676270 160.6944580 173.8454437
v 83.5776062 173.2887115 184.0936432
v 83.5781403 180.0470276 184.0935822
v 83.5809631 171.1962738 184.5092010
v 83.5822144 173.2855682 184.0930634
v 83.5822144 180.0508423 184.0930634
v 83.5835342 166.7375183 182.8191986
v 83.5883560 181.5052795 186.0314178
v 83.5883560 185.5052795 186.0314178
v 83.6000824 171.1142883 184.6416321
v 83.6027145 179.0052795 186.0212555
v 83.6042938 180.0052795 186.0271149
v 83.6181335 179.0052795 189.1134796
v 83.6196823 180.0052795 189.1076050
v 83.6207886 171.0542297 184.7851105
v 83.6230087 186.0052795 190.5364227
v 83.6233139 183.3052826 190.5319977
v 83.6273270 164.7218628 178.4780273
v 83.6331024 172.0052795 191.0436249
v 83.6344757 171.8488464 191.0314026
v 83.6385422 171.6962585 190.9949951
v 83.6425858 171.0175934 184.9361267
v 83.6442871 180.5052795 185.5003204
v 83.6442871 181.0052795 185.5003204
v 83.6452179 171.5512848 190.9353180
v 83.6526413 180.5052795 185.4980774
v 83.6526413 181.0052795 185.4980774
v 83.6526413 186.0052795 185.4980774
v 83.6543274 171.4175110 190.8538361
v 83.6632156 180.5052795 189.6344299
v 83.6632156 181.0052795 189.6344299
v 83.6632156 186.0052795 189.6344299
v 83.6649399 171.0052795 185.0909576
v 83.6656570 171.2981720 190.7525482
v 83.6675644 181.5052795 189.1203003
v 83.6675644 185.5052795 189.1203003
v 83.6789169 171.1962738 190.6339722
v 83.6804581 180.5052795 189.6358948
v 83.6804581 181.0052795 189.6358948
v 83.6937866 171.1142883 190.5010071
v 83.7098999 171.0542297 190.3569183
v 83.7268600 171.0175934 190.2052917
v 83.7406082 180.0052795 185.9902802
v 83.7406082 181.5052795 185.9902802
v 83.7406082 185.5052795 185.9902802
v 83.7442398 171.0052795 190.0498199
v 83.7486649 180.0052795 189.1417847
v 83.7486649 181.5052795 189.1417847
v 83.7486649 185.5052795 189.1417847
v 83.7679214 162.8974762 173.7123108
v 83.8176498 183.0052948 184.0712891
v 83.8183823 172.0052795 184.0838776
v 83.8486710 181.5052795 185.9805450
v 83.8486710 185.5052795 185.9805450
v 83.8755264 179.0052795 185.9720306
v 83.8760757 180.0052795 185.9780884
v 83.8914337 179.0052795 189.1599731
v 83.8919449 180.0052795 189.1539307
v 83.9239960 166.7052155 178.7824554
v 83.9285278 186.0052795 184.5689697
v 83.9288788 183.3052826 184.5724030
v 83.9294891 183.0052948 191.0640869
v 83.9298248 172.0052795 191.0514832
v 83.9303360 181.5052795 189.1571655
v 83.9303360 185.5052795 189.1571655
v 83.9680405 183.0052948 184.2679596
v 83.9688110 183.0089722 184.3148804
v 83.9695663 183.0199585 184.3606567
v 83.9702682 183.0379791 184.4041290
v 83.9709320 183.0625763 184.4442749
v 83.9715118 183.0931396 184.4800720
v 83.9720230 183.1289520 184.5106354
v 83.9724274 183.1690826 184.5352173
v 83.9727173 183.2125854 184.5532379
v 83.9729004 183.2583618 184.5642395
v 83.9729614 183.3052826 184.5679169
v 84.0037994 180.5052795 185.4664764
v 84.0037994 181.0052795 185.4664764
v 84.0167236 180.5052795 185.4653168
v 84.0167236 181.0052795 185.4653168
v 84.0167236 186.0052795 185.4653168
v 84.0179977 180.0052795 185.9653168
v 84.0179977 181.5052795 185.9653168
v 84.0179977 185.5052795 185.9653168
v 84.0261841 180.0052795 189.1653137
v 84.0261841 181.5052795 189.1653137
v 84.0261841 185.5052795 189.1653137
v 84.0274658 180.5052795 189.6652985
v 84.0274658 181.0052795 189.6652985
v 84.0274658 186.0052795 189.6652985
v 84.0330887 161.7757568 174.6810303
v 84.0395660 134.0052795 170.6676331
v 84.0395660 154.0052948 170.6676331
v 84.0403900 180.5052795 189.6641388
v 84.0403900 181.0052795 189.6641388
v 84.0712357 183.3052826 190.5627136
v 84.0712967 183.2583618 190.5664062
v 84.0714722 183.2125854 190.5773926
v 84.0717621 183.1690826 190.5953979
v 84.0721741 183.1289520 190.6199951
v 84.0726700 183.0931396 190.6505737
v 84.0732574 183.0625763 190.6863556
v 84.0739136 183.0379791 190.7264862
v 84.0746307 183.0199585 190.7699738
v 84.0753784 183.0089722 190.8157501
v 84.0761414 183.0052948 190.8626709
v 84.0882416 171.0052795 185.0661926
v 84.0923767 171.0175934 184.9098053
v 84.0964203 171.0542297 184.7572784
v 84.1002502 171.1142883 184.6123657
v 84.1004028 168.6122437 183.6684875
v 84.1037903 171.1962738 184.4786072
v 84.1069489 171.2981720 184.3593292
v 84.1096497 171.4175110 184.2574463
v 84.1118164 171.5512848 184.1754913
v 84.1134033 171.6962585 184.1154633
v 84.1138535 181.5052795 185.9734497
v 84.1138535 185.5052795 185.9734497
v 84.1143723 171.8488464 184.0788422
v 84.1147003 172.0052795 184.0665283
v 84.1153107 183.3052826 190.5582275
v 84.1156616 186.0052795 190.5616455
v 84.1405563 164.9691620 173.8993378
v 84.1465912 165.2277374 173.8401184
v 84.1521683 164.7232666 173.9983521
v 84.1522446 180.0052795 185.9766998
v 84.1527557 179.0052795 185.9706573
v 84.1681137 180.0052795 189.1525421
v 84.1681290 171.0052795 190.0610504
v 84.1686554 179.0052795 189.1585846
v 84.1700897 165.4914398 173.8224335
v 84.1772614 171.0175934 190.2172089
v 84.1810913 164.4972229 174.1342621
v 84.1861725 171.0542297 190.3695374
v 84.1946487 171.1142883 190.5142517
v 84.1955261 181.5052795 189.1500854
v 84.1955261 185.5052795 189.1500854
v 84.1959152 165.4581299 179.5819702
v 84.2024612 171.1962738 190.6478271
v 84.2094269 171.2981720 190.7669525
v 84.2103653 165.7525787 173.8467865
v 84.2153778 171.4175110 190.8686829
v 84.2201691 171.5512848 190.9505310
v 84.2236786 171.6962585 191.0104675
v 84.2258148 171.8488464 191.0470428
v 84.2264709 164.2976379 174.3031464
v 84.2265396 172.0052795 191.0593414
v 84.2331848 167.1639862 184.0358276
v 84.2662582 166.0035095 173.9124603
v 84.2869873 164.1303558 174.5000000
v 84.2955246 180.0052795 185.9888458
v 84.2955246 181.5052795 185.9888458
v 84.2955246 185.5052795 185.9888458
v 84.3035812 180.0052795 189.1403503
v 84.3035812 181.5052795 189.1403503
v 84.3035812 185.5052795 189.1403503
v 84.3140259 164.0056610 174.7382050
v 84.3361206 166.2369080 174.0175781
v 84.3611908 163.9993591 174.7202454
v 84.3637314 180.5052795 185.4947357
v 84.3637314 181.0052795 185.4947357
v 84.3766251 181.5052795 186.0103302
v 84.3766251 185.5052795 186.0103302
v 84.3809662 180.5052795 185.4962158
v 84.3809662 181.0052795 185.4962158
v 84.3809662 186.0052795 185.4962158
v 84.3890228 158.7934418 170.4025116
v 84.3915482 180.5052795 189.6325684
v 84.3915482 181.0052795 189.6325684
v 84.3915482 186.0052795 189.6325684
v 84.3999023 180.5052795 189.6302948
v 84.3999023 181.0052795 189.6302948
v 84.4096832 172.0052795 184.0995178
v 84.4110870 183.0052948 184.0869904
v 84.4179153 166.4459686 174.1590271
v 84.4208832 183.3052826 184.5986176
v 84.4211807 186.0052795 184.5941925
v 84.4244995 180.0052795 186.0230103
v 84.4260559 179.0052795 186.0171356
v 84.4398956 180.0052795 189.1035156
v 84.4414749 179.0052795 189.1093750
v 84.4558334 181.5052795 189.0992126
v 84.4558334 185.5052795 189.0992126
v 84.4722519 143.0270538 166.9455872
v 84.4722519 144.9835205 166.9455872
v 84.4798279 183.3052826 184.6026611
v 84.4804001 183.2583618 184.5990295
v 84.4820709 183.2125854 184.5881653
v 84.4848251 183.1690826 184.5703583
v 84.4885788 183.1289520 184.5460510
v 84.4932480 183.0931396 184.5158386
v 84.4987106 183.0625763 184.4804535
v 84.5048447 183.0379791 184.4407959
v 84.5092621 166.6245880 174.3326721
v 84.5096436 171.0052795 185.1133118
v 84.5114822 183.0199585 184.3977966
v 84.5163803 141.0747986 167.0661621
v 84.5163803 146.9357758 167.0661621
v 84.5184708 183.0089722 184.3525543
v 84.5203094 172.0052795 191.0169220
v 84.5218353 162.7801514 175.5955811
v 84.5221100 183.0052948 191.0294189
v 84.5256348 183.0052948 184.3061829
v 84.5401535 171.0175934 184.9598846
v 84.5647583 180.0052795 186.0601501
v 84.5647583 181.5052795 186.0601501
v 84.5647583 185.5052795 186.0601501
v 84.5699081 171.0542297 184.8102417
v 84.5724487 180.0052795 189.0676727
v 84.5724487 181.5052795 189.0676727
v 84.5724487 185.5052795 189.0676727
v 84.5740051 167.4236450 180.0653992
v 84.5766907 183.3052826 190.5113678
v 84.5773773 183.2583618 190.5149994
v 84.5794067 183.2125854 190.5257874
v 84.5827408 183.1690826 190.5434875
v 84.5872879 183.1289520 190.5676727
v 84.5878067 171.0052795 190.0004578
v 84.5929489 183.0931396 190.5977173
v 84.5981827 171.1142883 184.6680298
v 84.5995712 183.0625763 190.6328888
v 84.6044540 139.1351624 167.3067627
v 84.6044540 148.8753967 167.3067627
v 84.6051483 183.3052826 190.5034637
v 84.6057816 186.0052795 190.5057220
v 84.6069946 183.0379791 190.6723328
v 84.6074829 166.7675323 174.5334930
v 84.6150436 183.0199585 190.7150726
v 84.6231995 171.0175934 190.1528320
v 84.6235046 183.0089722 190.7600555
v 84.6242752 171.1962738 184.5368195
v 84.6297455 181.5052795 186.0901947
v 84.6297455 185.5052795 186.0901947
v 84.6321945 183.0052948 190.8061829
v 84.6475449 171.2981720 184.4197845
v 84.6577301 171.0542297 190.3014679
v 84.6674194 171.4175110 184.3198395
v 84.6834106 171.5512848 184.2394104
v 84.6846848 180.0052795 186.1156006
v 84.6872253 179.0052795 186.1101074
v 84.6905365 171.1142883 190.4426880
v 84.6951218 171.6962585 184.1805115
v 84.6991348 180.0052795 189.0083160
v 84.7017059 179.0052795 189.0138092
v 84.7022629 171.8488464 184.1445923
v 84.7041168 181.5052795 189.0059662
v 84.7041168 185.5052795 189.0059662
v 84.7046661 172.0052795 184.1325226
v 84.7097092 166.8706512 174.7555695
v 84.7134399 180.5052795 185.5842438
v 84.7134399 181.0052795 185.5842438
v 84.7208099 171.1962738 190.5730133
v 84.7255325 158.0596924 171.6667786
v 84.7343445 180.5052795 185.5897827
v 84.7343445 181.0052795 185.5897827
v 84.7343445 186.0052795 185.5897827
v 84.7360916 137.2165375 167.6663666
v 84.7360916 150.7940369 167.6663666
v 84.7444382 180.5052795 189.5371704
v 84.7444382 181.0052795 189.5371704
v 84.7444382 186.0052795 189.5371704
v 84.7478104 171.2981720 190.6892395
v 84.7483597 180.5052795 189.5353394
v 84.7483597 181.0052795 189.5353394
v 84.7708740 171.4175110 190.7884979
v 84.7806931 166.0956726 180.7376709
v 84.7894287 171.5512848 190.8683624
v 84.8030167 171.6962585 190.9268494
v 84.8113022 171.8488464 190.9625397
v 84.8129654 166.9309082 174.9924622
v 84.8140869 172.0052795 190.9745331
v 84.8175507 180.0052795 186.1770630
v 84.8175507 181.5052795 186.1770630
v 84.8175507 185.5052795 186.1770630
v 84.8246460 180.0052795 188.9494781
v 84.8246460 181.5052795 188.9494781
v 84.8246460 185.5052795 188.9494781
v 84.8538971 160.1428833 171.1384583
v 84.8685760 179.3052826 186.2075653
v 84.8685760 180.0052795 186.2075653
v 84.8685760 181.5052795 186.2075653
v 84.8685760 185.5052795 186.2075653
v 84.8719177 179.2597198 186.2096710
v 84.8721542 179.2583618 186.2098083
v 84.8751831 179.2413177 186.2117004
v 84.8831711 179.2127686 186.2167816
v 84.8866501 179.2003326 186.2190094
v 84.9000397 179.1693268 186.2277222
v 84.9017639 183.3052826 184.7050934
v 84.9030304 186.0052795 184.6998749
v 84.9039307 179.1602783 186.2302551
v 84.9105148 179.1481476 186.2346191
v 84.9107285 135.3271790 168.1434326
v 84.9107285 152.6833954 168.1434326
v 84.9142303 166.9465790 175.2372131
v 84.9170227 171.0052795 185.2309875
v 84.9229584 179.1294861 186.2431183
v 84.9283981 179.1213226 186.2468262
v 84.9284286 179.0052795 186.2467651
v 84.9335480 181.5052795 188.8729553
v 84.9335480 185.5052795 188.8729553
v 84.9356384 179.1104736 186.2517395
v 84.9380493 180.0052795 188.8697815
v 84.9415436 179.0052795 188.8747559
v 84.9505615 179.0938416 186.2623901
v 84.9660339 179.0765839 186.2734222
v 84.9730225 171.0175934 185.0849152
v 84.9735565 183.3052826 184.7225189
v 84.9747314 183.2583618 184.7190094
v 84.9782181 183.2125854 184.7085876
v 84.9820709 179.0635681 186.2855072
v 84.9839401 183.1690826 184.6914978
v 84.9875946 143.0762787 168.3534241
v 84.9875946 144.9342804 168.3534241
v 84.9898300 172.0052795 184.2148743
v 84.9912109 171.0052795 189.8698425
v 84.9917450 183.1289520 184.6681824
v 84.9933243 183.0052948 184.2027740
v 85.0014496 183.0931396 184.6391907
v 85.0047760 179.0451508 186.3026428
v 85.0105515 166.9171600 175.4826965
v 85.0128098 183.0625763 184.6052399
v 85.0161514 179.0387726 186.3117828
v 85.0255508 183.0379791 184.5671844
v 85.0276413 171.0542297 184.9424438
v 85.0295029 141.2223206 168.4679260
v 85.0295029 146.7882538 168.4679260
v 85.0308990 163.7015228 176.5835266
v 85.0393448 183.0199585 184.5259399
v 85.0425720 180.5052795 185.7323303
v 85.0425720 181.0052795 185.7323303
v 85.0429077 179.0238190 186.3332672
v 85.0480804 179.0215607 186.3375549
v 85.0518494 171.0175934 190.0140381
v 85.0519943 179.0203247 186.3409424
v 85.0525131 180.0052795 188.7893372
v 85.0525131 181.5052795 188.7893372
v 85.0525131 185.5052795 188.7893372
v 85.0538788 183.0089722 184.4825287
v 85.0661316 180.5052795 185.7432251
v 85.0661316 181.0052795 185.7432251
v 85.0661316 186.0052795 185.7432251
v 85.0662231 183.3052826 190.3753967
v 85.0675125 183.2583618 190.3788605
v 85.0687790 183.0052948 184.4380341
v 85.0713425 183.2125854 190.3891602
v 85.0754395 180.5052795 189.3820343
v 85.0754395 181.0052795 189.3820343
v 85.0754395 186.0052795 189.3820343
v 85.0776138 183.1690826 190.4060516
v 85.0795364 171.1142883 184.8070831
v 85.0795822 183.3052826 190.3690948
v 85.0801010 186.0052795 190.3702087
v 85.0861816 183.1289520 190.4291077
v 85.0863724 179.0094299 186.3706055
v 85.0885315 179.0092010 186.3725891
v 85.0964737 172.0052795 190.8830872
v 85.0968323 183.0931396 190.4577637
v 85.0990982 166.8435364 175.7217407
v 85.1003571 183.0052948 190.8950806
v 85.1092987 183.0625763 190.4913177
v 85.1110001 171.0542297 190.1546936
v 85.1131439 139.3803253 168.6964111
v 85.1131439 148.6302490 168.6964111
v 85.1232758 183.0379791 190.5289459
v 85.1246719 179.0052795 186.4058685
v 85.1274261 171.1962738 184.6821442
v 85.1276016 133.4752350 168.7358856
v 85.1276016 154.5353394 168.7358856
v 85.1378098 181.5052795 188.7037964
v 85.1378098 185.5052795 188.7037964
v 85.1384277 183.0199585 190.5697174
v 85.1431046 159.2736664 172.3270416
v 85.1494675 180.0052795 188.6920929
v 85.1537628 179.0052795 188.6963806
v 85.1543732 183.0089722 190.6126099
v 85.1671982 171.1142883 190.2883148
v 85.1701431 171.2981720 184.5707245
v 85.1707153 183.0052948 190.6566162
v 85.1773071 166.7278595 175.9473724
v 85.2066269 171.4175110 184.4755707
v 85.2190628 171.1962738 190.4116516
v 85.2359772 171.5512848 184.3990173
v 85.2381592 137.5582733 169.0379181
v 85.2381592 150.4523010 169.0379181
v 85.2387466 168.0245972 181.4001465
v 85.2428894 166.5735016 176.1529846
v 85.2491608 180.0052795 188.5921021
v 85.2491608 181.5052795 188.5921021
v 85.2491608 185.5052795 188.5921021
v 85.2574692 171.6962585 184.3429565
v 85.2653198 171.2981720 190.5216370
v 85.2705841 171.8488464 184.3087311
v 85.2749939 172.0052795 184.2972412
v 85.2939224 166.3849640 176.3325958
v 85.2985535 168.5408630 183.0802307
v 85.2986526 171.0052795 185.4158020
v 85.3015823 165.6779175 176.6872864
v 85.3048248 171.4175110 190.6156006
v 85.3112869 181.5052795 188.5031433
v 85.3112869 185.5052795 188.5031433
v 85.3270416 180.0052795 188.4805908
v 85.3289185 166.1677704 176.4809265
v 85.3320236 179.0052795 188.4840546
v 85.3366013 171.5512848 190.6911774
v 85.3428040 180.5052795 185.9326019
v 85.3428040 181.0052795 185.9326019
v 85.3428040 186.0052795 185.9326019
v 85.3447037 161.4205475 171.9783325
v 85.3468552 165.9282379 176.5936890
v 85.3472137 165.6734009 176.6675568
v 85.3585587 183.3052826 184.8888550
v 85.3598862 171.6962585 190.7465363
v 85.3610229 186.0052795 184.8831482
v 85.3667297 171.0052795 189.6728973
v 85.3709869 180.5052795 189.1743317
v 85.3709869 181.0052795 189.1743317
v 85.3740845 171.8488464 190.7803040
v 85.3745193 180.5052795 189.1718445
v 85.3745193 181.0052795 189.1718445
v 85.3745193 186.0052795 189.1718445
v 85.3781052 166.6306000 181.9380951
v 85.3785324 171.0175934 185.2813110
v 85.3788528 172.0052795 190.7916412
v 85.3902359 167.0950470 183.4677277
v 85.4039993 135.7640228 169.4909668
v 85.4039993 152.2465515 169.4909668
v 85.4086380 180.0052795 188.3637543
v 85.4086380 181.5052795 188.3637543
v 85.4086380 185.5052795 188.3637543
v 85.4399567 183.3052826 184.9240265
v 85.4417038 183.2583618 184.9207611
v 85.4452286 158.6149139 170.0563049
v 85.4468994 183.2125854 184.9110718
v 85.4491959 181.5052795 188.2765350
v 85.4491959 185.5052795 188.2765350
v 85.4508743 171.0175934 189.8047791
v 85.4554138 183.1690826 184.8952026
v 85.4564438 171.0542297 185.1501007
v 85.4654465 180.0052795 188.2416077
v 85.4670563 183.1289520 184.8735352
v 85.4709473 179.0052795 188.2441711
v 85.4815140 183.0931396 184.8465881
v 85.4984436 183.0625763 184.8150635
v 85.5174255 183.0379791 184.7796936
v 85.5257645 183.3052826 190.1587067
v 85.5257645 186.0052795 190.1587067
v 85.5260849 180.0052795 188.1112213
v 85.5260849 181.5052795 188.1112213
v 85.5260849 185.5052795 188.1112213
v 85.5276184 183.2583618 190.1619110
v 85.5304642 171.1142883 185.0254517
v 85.5329437 171.0542297 189.9334259
v 85.5331345 183.2125854 190.1714172
v 85.5380020 183.0199585 184.7413788
v 85.5421371 172.0052795 184.4266205
v 85.5421753 183.1690826 190.1870117
v 85.5476303 183.0052948 184.4152832
v 85.5477371 181.5052795 188.0301666
v 85.5477371 185.5052795 188.0301666
v 85.5545044 183.1289520 190.2082825
v 85.5571747 164.5342407 177.6388245
v 85.5596542 183.0089722 184.7010345
v 85.5605240 180.0052795 187.9822998
v 85.5663757 179.0052795 187.9838715
v 85.5698471 183.0931396 190.2347412
v 85.5761032 179.0052795 187.1844482
v 85.5818481 183.0052948 184.6596832
v 85.5834045 160.4251556 173.0782166
v 85.5857086 179.0080719 187.2260437
v 85.5869675 179.0094147 187.2322998
v 85.5877991 183.0625763 190.2657013
v 85.5956573 179.0187073 187.2756653
v 85.5963364 179.0202637 187.2797241
v 85.5979614 180.0052795 187.8421326
v 85.5979614 181.5052795 187.8421326
v 85.5979614 185.5052795 187.8421326
v 85.5987854 171.1962738 184.9104156
v 85.6040268 179.0380554 187.3256531
v 85.6041718 181.5052795 187.7707977
v 85.6041718 185.5052795 187.7707977
v 85.6042023 179.0384674 187.3267212
v 85.6079330 183.0379791 190.3004150
v 85.6094131 180.0052795 187.7104950
v 85.6098938 179.0628510 187.3684998
v 85.6099548 134.0052795 170.0536041
v 85.6099548 154.0052948 170.0536041
v 85.6104355 179.0652008 187.3724976
v 85.6109161 171.1142883 190.0556335
v 85.6142654 179.0932770 187.4074249
v 85.6144714 179.0947876 187.4093018
v 85.6154404 179.0052795 187.7110291
v 85.6166000 179.1214447 187.4338074
v 85.6166763 179.0052795 187.4338074
v 85.6172180 179.1291504 187.4408875
v 85.6174850 179.1324615 187.4439240
v 85.6191406 179.1691742 187.4683228
v 85.6192322 179.1711884 187.4696655
v 85.6202469 179.2126007 187.4885864
v 85.6202774 179.2136078 187.4890289
v 85.6203995 179.2208557 187.4915314
v 85.6207886 179.2584076 187.5007629
v 85.6208267 179.2624359 187.5017395
v 85.6209641 179.3052826 187.5052338
v 85.6209641 180.0052795 187.5052338
v 85.6209641 181.5052795 187.5052338
v 85.6209641 185.5052795 187.5052338
v 85.6220932 180.0052795 187.5646667
v 85.6220932 181.5052795 187.5646667
v 85.6220932 185.5052795 187.5646667
v 85.6265182 180.5052795 188.9190979
v 85.6265182 181.0052795 188.9190979
v 85.6297455 183.0199585 190.3380432
v 85.6326218 180.5052795 188.9129791
v 85.6326218 181.0052795 188.9129791
v 85.6326218 186.0052795 188.9129791
v 85.6417236 172.0052795 190.6537933
v 85.6435623 171.0052795 185.6624603
v 85.6475830 183.0052948 190.6649628
v 85.6527100 183.0089722 190.3776550
v 85.6597214 171.2981720 184.8078156
v 85.6762466 183.0052948 190.4182434
v 85.6828842 171.1962738 190.1684265
v 85.7035828 171.0052795 189.4153290
v 85.7117538 171.4175110 184.7201996
v 85.7411499 157.8880310 171.3338623
v 85.7450180 171.0175934 185.5433807
v 85.7470551 171.2981720 190.2690277
v 85.7536163 171.5512848 184.6497040
v 85.7789459 183.3052826 185.1448975
v 85.7827682 186.0052795 185.1390228
v 85.7842865 171.6962585 184.5980682
v 85.8018723 171.4175110 190.3549347
v 85.8029861 171.8488464 184.5665894
v 85.8087997 171.0175934 189.5310974
v 85.8092728 172.0052795 184.5559998
v 85.8344955 180.5052795 188.6239014
v 85.8344955 181.0052795 188.6239014
v 85.8419266 180.5052795 188.6132660
v 85.8419266 181.0052795 188.6132660
v 85.8419266 186.0052795 188.6132660
v 85.8439789 171.0542297 185.4272461
v 85.8459702 171.5512848 190.4240570
v 85.8582687 162.6182251 172.9167328
v 85.8656235 183.3052826 185.2013702
v 85.8678970 183.2583618 185.1984711
v 85.8746567 183.2125854 185.1898041
v 85.8782654 171.6962585 190.4746704
v 85.8857346 183.1690826 185.1755981
v 85.8979721 171.8488464 190.5055695
v 85.9008560 183.1289520 185.1561890
v 85.9014282 166.5129852 177.9225464
v 85.9045944 172.0052795 190.5159302
v 85.9114227 171.0542297 189.6440277
v 85.9139328 168.5041962 182.7780914
v 85.9196625 183.0931396 185.1320953
v 85.9300232 183.3052826 189.8760071
v 85.9307175 186.0052795 189.8769989
v 85.9380112 171.1142883 185.3169098
v 85.9416733 183.0625763 185.1038666
v 85.9418182 171.0052795 185.9638519
v 85.9421158 183.3052826 189.8675385
v 85.9444809 183.2583618 189.8703918
v 85.9515228 183.2125854 189.8788147
v 85.9630661 183.1690826 189.8926697
v 85.9663544 183.0379791 185.0722198
v 85.9788132 183.1289520 189.9115448
v 85.9845047 167.0596466 183.1759491
v 85.9887924 180.5052795 188.2975006
v 85.9887924 181.0052795 188.2975006
v 85.9920502 171.0052795 189.1045532
v 85.9931030 183.0199585 185.0379333
v 85.9960861 180.5052795 188.2818146
v 85.9960861 181.0052795 188.2818146
v 85.9960861 186.0052795 188.2818146
v 85.9983902 183.0931396 189.9350281
v 86.0089264 171.1142883 189.7512970
v 86.0212555 183.0089722 185.0018158
v 86.0213242 183.0625763 189.9625244
v 86.0247879 171.1962738 185.2150726
v 86.0437546 161.5071411 173.9157715
v 86.0470276 183.0379791 189.9933319
v 86.0501175 183.0052948 184.9648132
v 86.0507126 172.0052795 184.7286530
v 86.0580444 183.0052948 184.7183990
v 86.0619507 171.0175934 185.8636475
v 86.0748901 183.0199585 190.0267487
v 86.0848389 180.5052795 187.9495392
v 86.0848389 181.0052795 187.9495392
v 86.0904236 180.5052795 187.9286499
v 86.0904236 181.0052795 187.9286499
v 86.0904236 186.0052795 187.9286499
v 86.0951920 180.5052795 187.2302551
v 86.0951920 181.0052795 187.2302551
v 86.0951920 186.0052795 187.2302551
v 86.0974655 165.2732849 178.7550812
v 86.0989151 171.1962738 189.8503113
v 86.1021805 171.2981720 185.1242523
v 86.1042099 183.0089722 190.0618896
v 86.1153183 171.0175934 189.2008820
v 86.1198425 180.5052795 187.5903168
v 86.1198425 181.0052795 187.5903168
v 86.1220932 180.5052795 187.5644684
v 86.1220932 181.0052795 187.5644684
v 86.1220932 186.0052795 187.5644684
v 86.1342621 183.0052948 190.0979462
v 86.1403885 172.0052795 190.3356476
v 86.1480484 183.0052948 190.3456573
v 86.1568298 183.3052826 185.4606323
v 86.1568298 186.0052795 185.4606323
v 86.1570358 183.2934723 185.4605103
v 86.1606750 183.2584229 185.4584045
v 86.1617432 183.2481232 185.4577789
v 86.1634674 183.2389069 185.4567871
v 86.1682739 171.4175110 185.0466919
v 86.1706696 183.2128296 185.4526062
v 86.1755447 183.1951294 185.4497833
v 86.1791153 171.0542297 185.7658997
v 86.1791763 171.2981720 189.9385986
v 86.1848526 171.0052795 186.3113403
v 86.1867294 183.1694641 185.4432983
v 86.1881943 164.4512634 173.2234192
v 86.1882477 164.6956024 173.1199799
v 86.1938171 183.1531982 185.4391785
v 86.1982880 183.1449738 185.4365845
v 86.2044144 164.2269135 173.3641815
v 86.2045593 164.9528198 173.0568390
v 86.2086182 183.1294708 185.4306030
v 86.2214584 171.5512848 184.9842834
v 86.2232056 183.1075897 185.4221344
v 86.2238464 171.0052795 188.7494965
v 86.2355423 171.0542297 189.2948151
v 86.2358398 183.0937958 185.4148254
v 86.2364273 164.0291138 173.5381317
v 86.2366486 165.2153625 173.0358734
v 86.2477188 171.4175110 190.0140228
v 86.2536087 183.0744171 185.4045258
v 86.2590866 183.0694427 185.4013367
v 86.2603989 171.6962585 184.9385681
v 86.2823257 183.3052826 189.5310059
v 86.2832870 163.8636627 173.7401886
v 86.2835922 165.4756012 173.0577087
v 86.2839890 186.0052795 189.5326996
v 86.2841644 171.8488464 184.9106903
v 86.2904358 171.1142883 185.6730499
v 86.2921448 172.0052795 184.9013062
v 86.2944412 183.0430603 185.3808441
v 86.3028717 171.5512848 190.0746918
v 86.3031845 183.0385895 185.3757782
v 86.3033218 183.3052826 189.5102539
v 86.3061295 183.2583618 189.5126343
v 86.3144913 183.2125854 189.5197754
v 86.3201828 171.0175934 186.2328644
v 86.3282013 183.1690826 189.5314636
v 86.3337479 183.0230103 185.3580475
v 86.3390427 183.0209351 185.3549805
v 86.3432617 171.6962585 190.1191254
v 86.3439484 163.7344818 173.9655914
v 86.3440170 165.7259369 173.1216583
v 86.3469238 183.1289520 189.5474243
v 86.3497849 171.1142883 189.3840790
v 86.3616180 171.0175934 188.8235931
v 86.3656693 171.0052795 186.6948700
v 86.3678894 171.8488464 190.1462402
v 86.3701859 183.0931396 189.5672455
v 86.3761749 172.0052795 190.1553497
v 86.3806839 183.0092773 185.3308411
v 86.3823776 183.0091400 185.3298492
v 86.3912888 163.7281647 173.9475708
v 86.3923035 171.0052795 188.3603668
v 86.3931808 171.1962738 185.5873260
v 86.3974228 183.0625763 189.5904846
v 86.4161453 165.9590302 173.2258911
v 86.4240723 183.0052948 185.3056793
v 86.4279709 183.0379791 189.6165314
v 86.4521866 171.0542297 186.1563263
v 86.4552078 171.1962738 189.4664612
v 86.4610672 183.0199585 189.6447449
v 86.4790573 171.0052795 187.1034698
v 86.4847946 171.2981720 185.5109100
v 86.4925766 171.0052795 187.9483643
v 86.4958954 183.0089722 189.6744385
v 86.4959946 171.0542297 188.8958588
v 86.4978943 166.1681061 173.3673706
v 86.5009308 172.0052795 185.1123047
v 86.5014343 158.4364014 169.7100830
v 86.5098877 183.0052948 185.1034241
v 86.5123138 171.0175934 186.6404114
v 86.5142822 167.2350311 179.2216644
v 86.5213394 162.5130157 174.8345642
v 86.5217743 171.0052795 187.5253296
v 86.5316086 183.0052948 189.7048798
v 86.5406189 171.0175934 188.4101257
v 86.5492401 171.2981720 189.5399170
v 86.5630569 171.4175110 185.4456177
v 86.5732117 183.3052826 189.1331177
v 86.5760040 186.0052795 189.1351166
v 86.5775986 171.1142883 186.0836182
v 86.5781021 172.0052795 189.9378052
v 86.5868530 166.3470459 173.5419312
v 86.5873489 183.0052948 189.9463806
v 86.5989990 183.3052826 189.0970917
v 86.6021729 183.2583618 189.0989685
v 86.6034241 179.3052826 185.2016907
v 86.6034241 183.0052948 185.2016907
v 86.6059494 179.2586212 185.2044525
v 86.6059952 179.2583618 185.2044983
v 86.6116180 183.2125854 189.1045837
v 86.6132965 179.2137146 185.2125244
v 86.6135559 179.2125854 185.2127991
v 86.6147156 179.2075195 185.2140656
v 86.6236725 171.1142883 188.9645233
v 86.6260147 171.5512848 185.3930969
v 86.6261368 179.1692352 185.2267456
v 86.6271133 183.1690826 189.1138000
v 86.6276779 179.1640625 185.2284546
v 86.6295395 171.4175110 189.6026764
v 86.6328049 171.0175934 187.0745544
v 86.6429901 179.1293335 185.2456665
v 86.6467438 179.1208038 185.2498779
v 86.6471634 171.0175934 187.9723206
v 86.6482468 183.1289520 189.1263580
v 86.6484680 165.9141083 179.9254608
v 86.6553497 171.0542297 186.5872955
v 86.6556015 133.4752350 168.1998596
v 86.6556015 154.5353394 168.1998596
v 86.6634750 179.0936127 185.2690277
v 86.6685181 179.0854034 185.2748108
v 86.6721268 171.6962585 185.3546295
v 86.6745300 183.0931396 189.1419830
v 86.6781921 171.0175934 187.5228271
v 86.6804428 166.4906006 173.7445068
v 86.6852798 171.0542297 188.4586334
v 86.6872482 179.0633240 185.2967072
v 86.6933441 171.1962738 186.0164948
v 86.6941452 171.5512848 189.6531372
v 86.6954803 179.0536194 185.3063202
v 86.7002563 171.8488464 185.3311615
v 86.7053070 183.0625763 189.1602783
v 86.7097092 172.0052795 185.3232880
v 86.7110062 133.4768372 168.1806641
v 86.7133713 179.0387573 185.3277740
v 86.7230835 179.0307007 185.3394012
v 86.7398071 183.0379791 189.1807861
v 86.7412415 179.0207977 185.3617401
v 86.7414627 171.6962585 189.6901245
v 86.7415085 171.1962738 189.0279083
v 86.7517548 179.0150604 185.3746643
v 86.7552872 179.0136566 185.3790741
v 86.7567673 157.7163696 171.0009613
v 86.7700500 179.0099182 185.3977814
v 86.7703323 171.8488464 189.7126770
v 86.7759171 166.5946198 173.9691620
v 86.7771912 183.0199585 189.2030029
v 86.7800369 172.0052795 189.7202606
v 86.7827606 171.0542297 187.0463715
v 86.7846832 179.0061951 185.4163208
v 86.7912521 171.1142883 186.5368042
v 86.7948837 183.3052826 188.6931000
v 86.7965775 171.2981720 185.9566498
v 86.7979431 171.0542297 187.9956970
v 86.7988739 186.0052795 188.6950226
v 86.7991104 179.0052795 185.4350128
v 86.8046341 154.5234375 168.1453094
v 86.8165436 183.0089722 189.2264099
v 86.8174286 133.4916840 168.1392975
v 86.8176575 154.5202026 168.1397247
v 86.8206635 183.3052826 188.6399231
v 86.8227234 171.1142883 188.5047455
v 86.8241119 183.2583618 188.6412506
v 86.8307495 171.0542297 187.5204010
v 86.8343735 183.2125854 188.6452026
v 86.8465958 171.2981720 189.0844269
v 86.8511887 183.1690826 188.6516571
v 86.8563690 133.4971008 168.1241760
v 86.8568802 183.0052948 189.2503815
v 86.8656769 133.7374725 168.8616943
v 86.8656769 154.2730865 168.8616943
v 86.8704910 166.6560516 174.2093353
v 86.8741531 183.1289520 188.6604767
v 86.8752441 133.5015411 168.1161499
v 86.8798370 172.0052795 185.5665131
v 86.8847351 171.4175110 185.9055328
v 86.8901672 179.0052795 185.5592804
v 86.9026947 183.0931396 188.6714325
v 86.9092178 183.3052826 186.7582855
v 86.9092178 186.0052795 186.7582855
v 86.9124222 183.2590027 186.7564392
v 86.9125671 183.2583771 186.7563477
v 86.9166794 171.1962738 186.4902191
v 86.9217911 183.2144775 186.7509918
v 86.9236145 183.2082672 186.7499390
v 86.9252396 171.1142883 187.0195923
v 86.9361115 183.0625763 188.6842499
v 86.9363480 171.4175110 189.1327057
v 86.9386902 183.1692200 186.7411957
v 86.9402924 183.1650543 186.7402649
v 86.9412079 171.1142883 188.0179138
v 86.9413986 183.3052826 188.2228699
v 86.9422913 172.0052795 189.4717102
v 86.9450912 154.4886627 168.0849915
v 86.9465485 186.0052795 188.2243652
v 86.9495697 171.1962738 188.5472870
v 86.9528503 183.0052948 189.4786072
v 86.9556656 171.5512848 185.8644104
v 86.9608231 183.1292725 186.7283630
v 86.9614029 166.6730804 174.4580383
v 86.9619370 183.3052826 188.1519012
v 86.9632950 154.4822998 168.0764771
v 86.9648590 183.1222382 186.7260132
v 86.9655609 183.2583618 188.1526337
v 86.9712448 133.5338440 168.0716858
v 86.9735794 183.0379791 188.6986542
v 86.9741211 159.7845306 170.4434662
v 86.9757080 171.1142883 187.5180817
v 86.9763412 183.2125854 188.1547699
v 86.9880524 183.0935516 186.7125854
v 86.9895401 183.3052826 187.1398163
v 86.9931946 183.2583618 187.1392822
v 86.9936295 183.0866547 186.7093506
v 86.9940109 183.1690826 188.1583099
v 86.9954910 183.3052826 187.2430878
v 87.0024796 186.0052795 187.2426910
v 87.0040741 183.2125854 187.1377258
v 87.0076218 171.6962585 185.8342896
v 87.0085602 171.5512848 189.1715393
v 87.0088577 183.3052826 187.7351379
v 87.0112839 133.5473328 168.0531464
v 87.0132751 163.4366760 175.8290253
v 87.0141830 183.0199585 188.7142334
v 87.0150299 186.0052795 187.7358246
v 87.0181274 183.1289520 188.1631165
v 87.0187759 183.3052826 187.6470337
v 87.0200119 183.0632019 186.6940613
v 87.0219040 183.1690826 187.1351624
v 87.0224686 183.2583618 187.6471405
v 87.0240402 143.0270538 166.0741425
v 87.0240402 144.9835205 166.0741425
v 87.0285339 171.2981720 186.4486847
v 87.0287628 133.7525330 168.8039703
v 87.0287628 154.2580261 168.8039703
v 87.0289230 183.0552826 186.6888885
v 87.0334473 183.2125854 187.6474304
v 87.0393066 171.8488464 185.8159180
v 87.0460052 166.6452332 174.7079773
v 87.0462494 183.1289520 187.1316681
v 87.0481033 183.0931396 188.1690979
v 87.0499573 172.0052795 185.8097382
v 87.0514603 183.1690826 187.6479187
v 87.0556793 183.0387115 186.6733704
v 87.0567322 171.1962738 186.9948730
v 87.0569153 183.0089722 188.7306366
v 87.0614395 171.6962585 189.1999817
v 87.0626984 171.2981720 188.5852356
v 87.0628738 141.0747986 166.1965027
v 87.0628738 146.9357758 166.1965027
v 87.0669556 183.0317230 186.6668243
v 87.0734253 171.1962738 188.0384216
v 87.0760498 183.1289520 187.6485901
v 87.0765152 183.0931396 187.1273346
v 87.0802078 134.0052795 169.5375214
v 87.0802078 154.0052948 169.5375214
v 87.0832138 183.0625763 188.1761017
v 87.0937042 171.8488464 189.2173309
v 87.0942917 154.4216461 168.0095825
v 87.0943451 183.0209656 186.6509399
v 87.1007233 183.0052948 188.7474670
v 87.1045532 172.0052795 189.2231750
v 87.1066055 183.0931396 187.6494293
v 87.1094818 171.1962738 187.5159302
v 87.1105804 183.0145874 186.6415405
v 87.1119537 183.0625763 187.1222534
v 87.1126633 133.6021271 167.9984283
v 87.1127319 154.4088287 167.9985657
v 87.1218109 166.5733185 174.9518738
v 87.1225739 183.0379791 188.1839447
v 87.1240616 171.4175110 186.4131927
v 87.1348877 183.0099182 186.6274261
v 87.1355362 154.0036621 169.5183105
v 87.1357956 167.8401794 180.5752106
v 87.1377411 133.6156769 167.9849091
v 87.1403656 139.1351624 166.4407196
v 87.1403656 148.8753967 166.4407196
v 87.1423950 183.0625763 187.6503906
v 87.1516876 183.0379791 187.1165619
v 87.1531372 183.0064392 186.6168671
v 87.1534271 133.6262817 167.9756470
v 87.1593170 171.4175110 188.6176453
v 87.1652298 183.0199585 188.1924591
v 87.1739960 171.2981720 186.9728241
v 87.1764679 183.0052948 186.6033325
v 87.1765213 172.0052795 186.0782166
v 87.1814499 158.9291534 171.6588898
v 87.1825180 183.0379791 187.6515045
v 87.1835403 133.7953644 168.7378845
v 87.1835403 154.2151947 168.7378845
v 87.1866302 166.4594269 175.1826172
v 87.1879272 179.0052795 186.0728455
v 87.1913376 171.2981720 188.0567017
v 87.1947327 183.0199585 187.1103821
v 87.2009277 171.5512848 186.3846436
v 87.2068405 166.4528198 181.1428680
v 87.2098465 154.3413544 167.9405670
v 87.2101212 183.0089722 188.2014313
v 87.2224731 172.0052795 188.9507751
v 87.2242661 154.3290405 167.9311218
v 87.2259979 183.0199585 187.6526794
v 87.2287903 171.2981720 187.5140228
v 87.2292328 134.0171967 169.4828949
v 87.2340393 183.0052948 188.9557800
v 87.2367706 133.6956024 167.9216614
v 87.2370529 171.5512848 188.6437225
v 87.2371445 154.3155975 167.9217682
v 87.2385483 166.3068848 175.3934174
v 87.2400513 183.0089722 187.1038818
v 87.2420044 153.9888306 169.4768982
v 87.2422409 134.0204163 169.4773102
v 87.2505493 179.0052795 186.2136078
v 87.2561417 183.0052948 188.2106018
v 87.2561951 137.2165375 166.8057251
v 87.2561951 150.7940369 166.8057251
v 87.2572174 171.6962585 186.3637390
v 87.2612762 133.7159729 167.9057922
v 87.2685318 179.0090637 186.2574158
v 87.2689514 179.0091553 186.2584381
v 87.2717514 183.0089722 187.6539307
v 87.2741547 171.4175110 186.9540100
v 87.2760620 166.1201782 175.5781708
v 87.2808838 153.9834137 169.4617767
v 87.2855301 179.0200806 186.3004456
v 87.2860794 179.0204315 186.3018341
v 87.2864990 183.0052948 187.0972290
v 87.2882996 179.0225220 186.3075714
v 87.2915573 171.8488464 186.3509827
v 87.2920380 171.4175110 188.0723114
v 87.2934647 165.4133911 175.9268036
v 87.2939835 171.6962585 188.6628113
v 87.2980652 165.9046936 175.7314606
v 87.2997437 153.9789734 169.4537506
v 87.3010941 179.0385284 186.3414459
v 87.3030930 172.0052795 186.3466949
v 87.3039322 165.6668091 175.8488159
v 87.3040695 179.0422363 186.3493195
v 87.3150940 179.0630798 186.3796234
v 87.3178635 179.0683136 186.3872223
v 87.3186646 183.0052948 187.6552124
v 87.3195267 179.0721588 186.3918762
v 87.3225632 154.2263641 167.8597260
v 87.3253403 133.8646545 168.6654358
v 87.3253403 154.1459045 168.6654358
v 87.3271637 179.0937805 186.4137115
v 87.3287201 171.8488464 188.6744690
v 87.3306808 171.4175110 187.5123901
v 87.3311844 179.1051178 186.4251709
v 87.3372803 179.1294556 186.4430847
v 87.3401718 154.1999054 167.8439941
v 87.3403854 172.0052795 188.6783905
v 87.3404694 165.4055328 175.9112701
v 87.3405304 179.1424561 186.4526825
v 87.3408203 133.8103638 167.8438721
v 87.3418655 179.1490021 186.4566650
v 87.3452072 179.1695099 186.4667511
v 87.3487015 179.1910095 186.4773407
v 87.3509369 179.2128601 186.4842224
v 87.3529053 133.8247070 167.8344727
v 87.3532104 179.2350006 186.4912109
v 87.3538055 179.2433929 186.4930573
v 87.3544235 179.2584534 186.4949951
v 87.3547363 171.5512848 186.9388580
v 87.3556824 179.2891235 186.4989319
v 87.3558121 179.3052826 186.4993439
v 87.3558121 183.0052948 186.4993439
v 87.3636398 133.8404236 167.8250275
v 87.3696671 134.0519562 169.4225311
v 87.3730621 171.5512848 188.0848694
v 87.3824768 172.0052795 186.6327057
v 87.3878708 134.0583191 169.4140167
v 87.3946228 183.0052948 186.6293335
v 87.3957901 153.9466553 169.4092407
v 87.4003220 154.1094513 167.7902069
v 87.4092636 154.0926056 167.7809753
v 87.4098434 135.3271790 167.2899628
v 87.4098434 152.6833954 167.2899628
v 87.4105759 172.0052795 188.3899841
v 87.4126740 171.5512848 187.5110931
v 87.4137497 171.6962585 186.9277649
v 87.4200363 154.0663605 167.7677002
v 87.4204102 133.9441986 167.7675629
v 87.4228287 183.0052948 188.3929596
v 87.4312820 133.9640656 167.7565765
v 87.4323959 171.6962585 188.0940857
v 87.4357681 153.9331970 169.3907166
v 87.4497528 171.8488464 186.9210052
v 87.4498825 133.9583130 168.5888062
v 87.4498825 154.0522614 168.5888062
v 87.4618530 172.0052795 186.9187164
v 87.4639587 153.9593048 167.7135315
v 87.4657211 161.0620728 171.2830811
v 87.4686050 171.8488464 188.0997009
v 87.4727097 171.6962585 187.5101318
v 87.4731598 153.9180756 167.6954041
v 87.4774933 143.0762787 167.5030975
v 87.4774933 144.9342804 167.5030975
v 87.4779053 134.1011047 167.6906128
v 87.4807663 172.0052795 188.1015778
v 87.4823380 134.1199341 167.6822510
v 87.4917526 172.0052795 187.2140350
v 87.4953308 153.8187408 167.6517029
v 87.4977798 153.7994080 167.6438446
v 87.4988251 134.4138489 167.5703735
v 87.4988251 153.5966949 167.5703735
v 87.4991455 153.7600708 167.6291809
v 87.5004730 134.2503815 167.6287384
v 87.5012054 172.0052795 187.8054657
v 87.5023270 134.2637634 167.6232452
v 87.5029144 153.6521149 167.5888824
v 87.5042877 183.0052948 187.2127686
v 87.5093307 171.8488464 187.5095367
v 87.5137863 183.0052948 187.8063202
v 87.5143661 141.2223206 167.6193237
v 87.5143661 146.7882538 167.6193237
v 87.5165482 164.2724915 176.8930817
v 87.5188446 134.1190033 169.3470917
v 87.5216522 172.0052795 187.5093384
v 87.5371857 153.8783722 169.3359833
v 87.5372543 134.1318054 169.3360901
v 87.5534134 134.0735321 168.5102997
v 87.5534134 153.9370422 168.5102997
v 87.5622177 153.8648529 169.3224640
v 87.5779037 153.8542328 169.3132019
v 87.5879593 139.3803253 167.8512421
v 87.5879593 148.6302490 167.8512421
v 87.6227264 160.0804749 172.4097595
v 87.6328125 134.2068176 168.4322815
v 87.6328125 153.8037567 168.4322815
v 87.6343765 134.1993103 169.2781067
v 87.6488037 134.2116089 169.2686310
v 87.6612701 153.7848969 169.2592163
v 87.6616440 134.2250366 169.2593231
v 87.6856918 134.3541565 168.3571167
v 87.6856918 153.6564026 168.3571167
v 87.6857452 153.7645416 169.2433624
v 87.6979523 137.5582733 168.1978912
v 87.6979523 150.4523010 168.1978912
v 87.7063217 134.6729584 168.2242432
v 87.7063217 153.3376007 168.2242432
v 87.7104416 134.5111237 168.2870636
v 87.7104416 153.4994354 168.2870636
v 87.7470932 134.3143311 169.1972961
v 87.7619934 168.3245392 181.9744568
v 87.7646637 134.3407440 169.1815948
v 87.7653122 153.6701202 169.1814880
v 87.7691650 166.8861542 182.3998871
v 87.7773743 153.6557922 169.1720886
v 87.7881165 153.6400757 169.1626587
v 87.8248596 134.4312744 169.1278534
v 87.8338013 134.4481049 169.1186218
v 87.8438721 135.7640228 168.6577301
v 87.8438721 152.2465515 168.6577301
v 87.8445511 134.4743195 169.1054077
v 87.8449249 153.5362549 169.1052704
v 87.8557892 153.5164032 169.0942993
v 87.8885117 134.5814819 169.0513153
v 87.8977051 134.6226501 169.0332642
v 87.9024506 153.3793030 169.0284729
v 87.9068909 153.3604736 169.0201263
v 87.9091110 166.2447815 177.1584167
v 87.9126740 168.3044128 181.9170990
v 87.9146805 166.8667145 182.3445129
v 87.9199142 134.7220917 168.9896393
v 87.9223709 134.7414246 168.9818268
v 87.9235077 134.9441681 168.9086761
v 87.9235077 153.0663910 168.9086761
v 87.9237595 134.7807007 168.9672394
v 87.9250793 153.2299500 168.9667969
v 87.9269409 153.2165680 168.9613342
v 87.9275589 134.8888092 168.9270935
v 87.9730377 162.2608032 172.2235260
v 88.0281067 165.0153503 178.0202637
v 88.0779037 161.1633301 173.2489929
v 88.2470856 164.1065674 172.5436401
v 88.2504501 163.8843689 172.6886292
v 88.2589188 164.3489227 172.4362946
v 88.2689362 163.6888580 172.8670654
v 88.2856140 164.6044006 172.3697357
v 88.3019943 163.5256805 173.0736847
v 88.3264084 164.8654938 172.3459015
v 88.3493118 163.3972168 173.3057556
v 88.3800888 165.1246033 172.3655090
v 88.4450912 165.3741760 172.4279327
v 88.4786530 158.0335693 169.1643372
v 88.4842300 166.9718475 178.4718933
v 88.4928207 163.3729706 173.2587128
v 88.5195312 165.6068878 172.5314331
v 88.5442047 162.1711273 174.1714935
v 88.5448074 165.6607513 179.2037048
v 88.6012115 165.8159637 172.6729126
v 88.6310959 158.0025177 169.1222839
v 88.6579971 157.3290100 170.4761963
v 88.6877670 165.9953003 172.8482666
v 88.7766647 166.1396637 173.0523834
v 88.8045807 157.2991486 170.4357452
v 88.8653107 166.2448273 173.2792969
v 88.9511032 166.3077087 173.5223846
v 89.0188065 163.0977020 175.1716309
v 89.0315552 166.3264923 173.7745361
v 89.0618744 167.5828705 179.8421478
v 89.0635376 166.2047729 180.4362030
v 89.1043015 166.3006287 174.0283966
v 89.1116562 159.3490295 169.8534851
v 89.1672287 166.2308655 174.2765503
v 89.2184982 166.1192474 174.5117493
v 89.2364349 158.5104828 171.0916901
v 89.2566071 165.9690247 174.7271118
v 89.2615662 165.0838928 175.2769928
v 89.2804489 165.7845917 174.9163818
v 89.2829666 165.3354797 175.1953888
v 89.2893143 165.5713348 175.0740051
v 89.4035034 165.0554199 175.2371521
v 89.4988022 163.9374542 176.2433167
v 89.5811234 166.6440887 181.7102356
v 89.6040421 160.6264038 170.6928711
v 89.6383133 168.0738831 181.2603149
v 89.6786880 159.6615906 171.8422699
v 89.9402390 165.9014893 176.4926300
v 89.9812851 164.6852417 177.3800201
v 90.1050644 161.8264008 171.6350555
v 90.1286545 160.7455139 172.6829529
v 90.3128891 163.4706421 172.1097260
v 90.3177414 163.2778473 172.2919617
v 90.3224640 163.6902466 171.9611053
v 90.3368835 163.1174774 172.5025024
v 90.3461914 163.9302216 171.8504181
v 90.3704300 162.9904175 172.7404785
v 90.3833694 164.1835938 171.7809143
v 90.4329224 164.4429321 171.7546082
v 90.4633026 165.3365021 178.5748444
v 90.4771805 166.6350098 177.8186188
v 90.4933853 164.7006683 171.7723083
v 90.4976883 166.4891663 181.4098053
v 90.5630112 164.9493103 171.8334503
v 90.5835800 161.7556152 173.6085968
v 90.5874329 167.9134521 180.9492188
v 90.6114960 162.9412994 172.6739197
v 90.6397629 165.1815643 171.9362946
v 90.7213898 165.3906555 172.0777893
v 90.7707825 157.4932098 168.6410828
v 90.8055267 165.5704651 172.2538300
v 90.8620453 156.8094025 169.9730377
v 90.8896942 165.7157898 172.4592743
v 90.9419250 165.8872986 179.8204803
v 90.9714508 165.8223114 172.6881256
v 91.0104370 167.2535248 179.2034149
v 91.0407104 162.6857605 174.6135712
v 91.0484009 165.8869781 172.9336853
v 91.1183014 165.9078827 173.1888123
v 91.1791000 165.8844147 173.4460144
v 91.2290421 165.8172607 173.6978149
v 91.2454453 164.6859131 174.7201233
v 91.2592697 158.8378448 169.3704987
v 91.2666550 165.7083740 173.9368439
v 91.2778625 164.9352875 174.6354370
v 91.2908401 165.5609589 174.1561127
v 91.2965317 165.1686707 174.5106049
v 91.3008957 165.3792877 174.3492432
v 91.3011093 158.0190277 170.6273499
v 91.4142456 166.3342590 181.1093750
v 91.4830933 164.6304779 174.6650391
v 91.4972458 163.5302887 175.6917267
v 91.5352097 157.2852020 168.5080109
v 91.5365524 167.7530365 180.6380920
v 91.5970917 156.6094055 169.8450775
v 91.7443466 159.1699066 171.3777313
v 91.7524490 160.1150208 170.2097168
v 91.9504166 164.2840424 176.8365173
v 91.9879532 165.4842834 175.9274445
v 92.1890717 160.2550812 172.2195892
v 92.2471466 161.3165283 171.1533203
v 92.3765335 162.7974091 171.8146515
v 92.3816757 162.6403046 172.0284271
v 92.3853760 162.9870148 171.6292419
v 92.3974609 164.9424286 178.0410004
v 92.4011002 162.5153198 172.2714539
v 92.4079666 163.2035675 171.4775848
v 92.4436264 163.4407654 171.3641357
v 92.4864120 166.2256470 177.2640533
v 92.4913330 163.6916656 171.2921906
v 92.5496826 163.9489594 171.2638550
v 92.6169739 164.2051239 171.2799683
v 92.6325684 161.2679138 173.1477966
v 92.6912537 164.4526520 171.3400269
v 92.7401657 162.4346161 172.1952057
v 92.7703247 164.6843719 171.4423370
v 92.8356476 165.5014648 179.2977905
v 92.8518982 164.8934784 171.5838470
v 92.9132690 156.9102173 168.2681274
v 92.9221954 156.2488251 169.6144104
v 92.9335861 165.0738525 171.7604523
v 92.9749069 166.8532715 178.6611938
v 93.0130081 165.2202759 171.9669952
v 93.0721359 162.2022247 174.1567078
v 93.0878448 165.3284302 172.1974487
v 93.1139145 165.9879761 180.6402283
v 93.1559067 165.3951721 172.4450684
v 93.2152023 165.4185486 172.7026367
v 93.2389832 164.2207031 174.2579346
v 93.2623291 165.9577179 180.5992737
v 93.2640076 165.3978882 172.9626312
v 93.2824783 164.4674835 174.1706696
v 93.2965927 167.3944397 180.1522980
v 93.3008957 165.3337708 173.2174530
v 93.3135147 164.6979828 174.0429688
v 93.3247910 165.2281036 173.4596710
v 93.3311844 164.9054871 173.8785400
v 93.3349838 165.0839233 173.6822052
v 93.3684769 157.4564667 170.2674713
v 93.4096832 158.2526855 168.9961700
v 93.4502792 167.3631439 180.1098938
v 93.5050964 163.0523682 175.2401733
v 93.5722504 164.1320953 174.1968384
v 93.8127060 158.6071014 171.0176849
v 93.9036636 159.5296783 169.8352509
v 93.9288177 163.8131256 176.3916016
v 94.0453110 164.9945679 175.4647675
v 94.2521820 159.6936951 171.8604584
v 94.3407288 164.4798889 177.6039734
v 94.3920135 160.7328949 170.7799530
v 94.4300842 162.0956268 171.6529083
v 94.4351196 161.9734192 171.9001617
v 94.4389420 162.2489929 171.4365692
v 94.4615097 162.4349518 171.2486267
v 94.4971313 162.6480408 171.0945892
v 94.5051117 165.7451324 176.8100586
v 94.5365601 155.7544861 169.4154816
v 94.5447617 162.8820496 170.9789429
v 94.5921555 156.3961182 168.0612488
v 94.6030197 163.1301422 170.9050751
v 94.6701813 163.3850861 170.8751373
v 94.6842270 160.7096405 172.7906647
v 94.7382965 165.0485840 178.8699036
v 94.7443161 163.6394348 170.8899689
v 94.8232346 163.8857574 170.9492035
v 94.8716125 161.8546448 171.8241882
v 94.9046478 164.1168518 171.0510712
v 94.9486313 166.3834686 178.2173157
v 94.9780731 155.6192932 169.3610840
v 94.9861603 164.3259583 171.1925812
v 95.0513077 156.2555237 168.0046692
v 95.0654068 164.5070038 171.3696442
v 95.1062241 161.6487427 173.8026276
v 95.1191254 165.5157471 180.1817017
v 95.1400757 164.6546783 171.5770721
v 95.2079773 164.7646790 171.8087769
v 95.2360306 163.6896667 173.8918457
v 95.2671356 164.8337860 172.0580444
v 95.2906342 163.9335022 173.8025360
v 95.3158035 164.8599854 172.3175659
v 95.3340607 164.1607208 173.6725616
v 95.3525925 164.8425140 172.5797729
v 95.3650589 164.3646698 173.5056915
v 95.3730316 166.9054565 179.6774750
v 95.3764038 164.7818909 172.8369751
v 95.3827286 164.5394135 173.3068085
v 95.3865433 164.6798553 173.0817108
v 95.4315414 156.8247375 170.0132599
v 95.5155792 162.5052948 174.8901978
v 95.5556259 157.5955811 168.7317505
v 95.6639328 163.5619812 173.8341522
v 95.7500153 165.3440857 180.0718689
v 95.8767624 157.9750671 170.7633514
v 95.9098206 163.2740784 176.0467529
v 96.0263290 166.7276917 179.5637512
v 96.0503998 158.8722992 169.5707245
v 96.1053619 164.4340210 175.1061554
v 96.2865372 163.9504089 177.2652588
v 96.3110046 159.0632477 171.6067657
v 96.4662552 161.3663483 171.6276855
v 96.4757690 161.4851227 171.3771210
v 96.4986267 161.6343079 171.1588898
v 96.5264359 165.1951294 176.4581909
v 96.5324326 160.0774841 170.5162048
v 96.5348969 161.8161621 170.9691162
v 96.5835342 162.0253754 170.8133240
v 96.6431198 162.2558289 170.6960602
v 96.6434326 164.5301819 178.5382843
v 96.7119064 162.5007782 170.6207733
v 96.7316284 160.0827026 172.5383759
v 96.7878876 162.7531128 170.5896301
v 96.8688354 163.0054016 170.6035614
v 96.9249420 165.8457031 177.8732910
v 96.9524002 163.2503204 170.6621704
v 96.9783478 165.0098572 179.8580627
v 96.9986267 161.2033234 171.5620880
v 97.0227051 154.9229431 169.2139130
v 97.0361404 163.4807281 170.7637024
v 97.1175995 163.6898499 170.9052277
v 97.1360703 161.0271759 173.5525055
v 97.1776581 155.5313263 167.8516083
v 97.1944122 163.8716278 171.0826263
v 97.2304459 163.0944824 173.6229706
v 97.2643280 164.0207214 171.2906799
v 97.2961197 163.3349915 173.5321655
v 97.2982941 166.3815765 179.3423309
v 97.3253021 164.1327820 171.5233307
v 97.3519287 163.5585175 173.4005280
v 97.3755646 164.2045593 171.7737885
v 97.3962479 163.7584839 173.2318573
v 97.4136353 164.2339172 172.0347443
v 97.4277649 163.9291077 173.0311127
v 97.4384079 164.2200317 172.2985687
v 97.4455795 164.0653687 172.8041229
v 97.4491577 164.1632843 172.5575256
v 97.4555511 154.7604370 169.2052460
v 97.4833374 156.1259460 169.8655853
v 97.5218811 161.8909454 174.6429749
v 97.6278000 155.3623352 167.8426056
v 97.6898346 156.8687134 168.5781250
v 97.7511292 162.9220581 173.5781708
v 97.8866959 162.6687317 175.8031769
v 97.9295349 157.2759247 170.6156006
v 98.1611252 163.8045197 174.8528442
v 98.1854019 158.1451721 169.4170532
v 98.2282944 163.3558350 177.0259857
v 98.3585739 158.3659058 171.4593811
v 98.3866577 164.5786133 179.6845245
v 98.4882965 160.6959839 171.4548645
v 98.5124512 160.8106689 171.2019043
v 98.5435715 164.5774536 176.2096405
v 98.5446014 163.9480286 178.3040009
v 98.5492325 160.9552460 170.9824829
v 98.5991516 161.1325836 170.7915192
v 98.6607513 161.3375092 170.6346130
v 98.6611481 159.3524780 170.3629761
v 98.7322235 161.5640106 170.5163269
v 98.7566299 165.9350281 179.1626434
v 98.7678299 159.3892059 172.3917999
v 98.8115005 161.8054962 170.4401398
v 98.8337021 164.4417267 179.6294250
v 98.8962402 162.0549164 170.4082489
v 98.8971405 165.2418060 177.6302948
v 98.9839935 162.3049622 170.4215851
v 99.0491791 154.1621246 169.1733856
v 99.0721893 162.5483704 170.4797821
v 99.1140137 160.4828644 171.4098206
v 99.1548309 160.3396454 173.4071960
v 99.1582413 162.7779694 170.5811310
v 99.2160645 162.4369354 173.4521332
v 99.2195587 165.7932739 179.1055908
v 99.2396469 162.9871368 170.7226715
v 99.2851181 154.7401123 167.8094788
v 99.2927780 162.6737976 173.3603973
v 99.3140259 163.1697083 170.9002686
v 99.3609085 162.8932190 173.2276764
v 99.3792114 163.3203583 171.1087341
v 99.4184799 163.0888214 173.0578766
v 99.4332962 163.4347076 171.3419800
v 99.4637909 163.2548676 172.8559418
v 99.4747009 163.5094147 171.5932007
v 99.4955368 163.3865051 172.6277618
v 99.5022125 163.5422668 171.8550568
v 99.5127869 163.4799194 172.3800049
v 99.5150375 163.5323486 172.1199036
v 99.5169144 155.3624573 169.8249207
v 99.5172119 161.2113800 174.4993439
v 99.8050995 156.0745697 168.5358276
v 99.8267899 162.2144623 173.4297485
v 99.8527603 161.9991302 175.6616364
v 99.9640808 156.5120850 170.5749054
v 100.1329193 153.7256165 169.1958923
v 100.1594467 162.6981201 176.8869781
v 100.2056503 163.1082001 174.7056732
v 100.2836685 153.6757355 169.2066345
v 100.2936325 154.0030518 168.5032196
v 100.2981415 153.6731567 169.2086487
v 100.3014526 157.3507385 169.3747406
v 100.3879547 157.6039886 171.4188080
v 100.4353943 163.3040619 178.1679077
v 100.4365616 153.6484985 169.2278748
v 100.4488602 154.2710266 167.8341827
v 100.4571991 153.6465454 169.2315063
v 100.4578705 153.9481049 168.5193329
v 100.4975510 159.9717255 171.3697968
v 100.5055008 159.9832764 171.6747284
v 100.5067673 154.2489624 167.8370972
v 100.5303192 160.0392456 171.9737854
v 100.5338287 160.0743561 171.1277924
v 100.5496750 163.8942261 176.0652313
v 100.5713959 160.1383057 172.2595825
v 100.5844421 160.2138824 170.9078522
v 100.6126938 153.6448669 169.2647400
v 100.6144485 154.2197571 167.8477173
v 100.6272507 153.9203796 168.5475616
v 100.6277161 160.2779846 172.5251007
v 100.6375275 153.6483307 169.2717438
v 100.6479034 160.3863068 170.7164001
v 100.6579132 154.2079620 167.8520203
v 100.6781921 154.2041931 167.8547668
v 100.6789169 163.8132782 179.4966125
v 100.6978836 160.4548492 172.7638092
v 100.7223587 160.5865326 170.5590363
v 100.7620621 153.6657715 169.3068542
v 100.7709656 158.5603790 170.3208008
v 100.7801895 160.6645508 172.9698029
v 100.7819061 153.6703186 169.3132629
v 100.7840500 154.1933289 167.8731079
v 100.7859573 158.6315308 172.3514557
v 100.7966461 153.9207764 168.5870209
v 100.8017273 153.6767883 169.3205566
v 100.8056488 160.8087463 170.4403229
v 100.8318253 154.1884308 167.8813782
v 100.8585587 164.5737915 177.4891052
v 100.8725891 160.9019165 173.1380310
v 100.8953247 161.0464325 170.3637390
v 100.9245377 153.7167969 169.3656921
v 100.9535370 154.1939545 167.9105225
v 100.9551392 153.7325745 169.3796539
v 100.9609375 153.9492188 168.6365509
v 100.9728317 161.1611023 173.2643433
v 100.9863739 154.1954498 167.9183807
v 100.9887772 161.2926788 170.3315277
v 101.0056839 163.6905975 179.4900818
v 101.0065002 154.1981049 167.9239807
v 101.0534744 153.7832336 169.4245148
v 101.0699387 153.7937469 169.4329834
v 101.0784302 161.4357605 173.3456268
v 101.0832748 161.5402679 170.3446350
v 101.0937729 153.8124390 169.4469147
v 101.1151581 154.0048676 168.6946259
v 101.1175690 154.2226868 167.9594116
v 101.1303177 165.1425171 178.9680634
v 101.1524811 154.2304077 167.9705505
v 101.1556702 159.5884399 173.3671722
v 101.1760559 161.7819977 170.4026642
v 101.1836243 153.8828888 169.4993896
v 101.1867752 161.7190704 173.3798828
v 101.2106171 159.6957245 171.3679047
v 101.2126617 153.9150848 169.5208740
v 101.2546234 154.0860596 168.7595215
v 101.2644043 162.0107880 170.5039368
v 101.2715988 154.2773285 168.0180054
v 101.2744370 161.9519501 173.2877502
v 101.2775955 153.9871368 169.5689392
v 101.2886200 154.0021057 169.5784149
v 101.2911682 154.2850342 168.0257874
v 101.3089142 154.2939911 168.0337830
v 101.3089752 154.0364685 169.5991821
v 101.3457565 162.2199554 170.6454620
v 101.3547974 162.1669159 173.1545868
v 101.3598099 154.1222382 169.6510162
v 101.3751297 154.1903229 168.8292542
v 101.3817139 154.1724548 169.6797638
v 101.4101944 154.3575897 168.0851746
v 101.4177246 162.4034119 170.8231354
v 101.4255219 162.3577271 172.9842987
v 101.4307251 154.3704834 168.0955811
v 101.4686890 165.0154724 178.9612885
v 101.4730301 154.3144836 168.9017029
v 101.4782181 162.5557709 171.0317841
v 101.4845200 162.5187836 172.7818604
v 101.4948273 160.4689026 174.4598083
v 101.5253906 154.5368805 169.8914032
v 101.5254669 162.6726074 171.2652893
v 101.5301056 162.6454010 172.5531616
v 101.5378571 154.4663391 168.1634521
v 101.5453644 154.4548340 168.9747009
v 101.5506134 154.4802704 168.1727142
v 101.5580750 162.7505188 171.5168152
v 101.5609131 162.7338562 172.3049164
v 101.5751038 162.7872009 171.7790680
v 101.5760651 162.7815857 172.0443420
v 101.6265488 154.5814667 168.2366486
v 101.6345520 154.5921631 168.2433777
v 101.6980896 154.7183533 168.3166962
v 101.8013763 161.2675629 175.6226654
v 101.8852921 161.4446106 173.3841248
v 101.8925400 159.4154053 171.3904724
v 101.8942490 155.2158203 168.6049805
v 101.8946075 159.4374695 171.6831665
v 101.9113922 159.4965973 171.9821625
v 101.9457321 159.5982971 172.2679291
v 101.9735107 155.6860962 170.6414337
v 101.9967728 159.7400513 172.5334167
v 102.0632629 159.9183655 172.7720947
v 102.0734482 161.9795227 176.8487091
v 102.1435547 160.1288452 172.9780884
v 102.2320251 162.3474274 174.6651459
v 102.2356796 160.3663330 173.1463013
v 102.3093796 162.6005096 178.1304321
v 102.3373718 160.6249542 173.2726288
v 102.3913803 156.4916534 169.4439240
v 102.3922958 156.7800903 171.4851532
v 102.4461288 160.8983459 173.3539276
v 102.5077438 163.1266785 179.4600525
v 102.5379639 163.1477356 176.0254822
v 102.5592651 161.1797791 173.3882141
v 102.7791748 157.8122101 172.4174347
v 102.8025665 163.8439331 177.4502258
v 102.8547363 157.7038269 170.3897705
v 103.0241089 164.4315186 178.9301758
v 103.1317978 158.7761536 173.4326019
v 103.2711182 158.8634338 171.7409515
v 103.2799454 158.9258881 172.0396271
v 103.2813416 158.8445435 171.4364471
v 103.3076019 159.0303802 172.3251038
v 103.3534088 159.1743011 172.5903778
v 103.4091110 162.7643127 179.4777374
v 103.4162445 159.3541565 172.8289032
v 103.4480286 159.6660309 174.5244751
v 103.4532547 162.7456970 179.4781342
v 103.4945526 159.5654602 173.0348053
v 103.5656891 162.6931152 179.4673309
v 103.5864029 159.8030701 173.2030182
v 103.5950775 162.6793518 179.4645081
v 103.6133347 162.6700592 179.4609985
v 103.6895447 160.0610809 173.3293915
v 103.7035675 163.4135132 179.2096405
v 103.7141647 162.6140900 179.4314117
v 103.7259293 160.4764557 175.6863861
v 103.7460632 162.5963898 179.4220581
v 103.8014374 160.3331757 173.4108276
v 103.8504639 162.5289001 179.3700867
v 103.8592529 163.3398438 179.2024231
v 103.8693161 162.5167084 179.3607025
v 103.8845520 162.5059052 179.3510284
v 103.9193115 160.6126404 173.4453278
v 103.9638138 161.2024841 176.9113007
v 103.9696121 162.4396515 179.2838440
v 103.9892044 164.0432281 178.9495697
v 103.9893951 162.4242401 179.2682037
v 104.0071106 163.2583313 179.1676483
v 104.0781174 162.3404541 179.1663513
v 104.0885773 162.3291931 179.1513824
v 104.1343842 163.9783478 178.9427948
v 104.1427536 163.1714020 179.1063232
v 104.1444778 162.2592773 179.0505219
v 104.1459732 163.9723206 178.9402924
v 104.1534653 162.2480469 179.0343018
v 104.1602402 161.8396912 178.1917114
v 104.1974030 162.1688995 178.9036560
v 104.2014847 162.1587830 178.8856659
v 104.2130432 162.0204163 178.6030426
v 104.2174835 162.0927734 178.7594757
v 104.2189713 162.0866089 178.7476807
v 104.2333832 161.5247498 174.7313995
v 104.2621613 163.0816498 179.0202789
v 104.2709045 163.9071960 178.9133606
v 104.2885590 163.8971863 178.9077148
v 104.3617630 162.9917145 178.9120789
v 104.4154510 163.8187256 178.8526306
v 104.4306870 163.8076935 178.8424225
v 104.4386139 162.9043121 178.7849274
v 104.4904327 162.8219910 178.6425934
v 104.5017166 162.3405151 176.0904999
v 104.5135727 162.6822357 178.3296967
v 104.5156631 162.7472229 178.4893341
v 104.5269547 163.7379608 178.7779388
v 104.5409088 163.7268372 178.7663269
v 104.6350708 163.6432037 178.6693420
v 104.6489334 163.6278076 178.6484070
v 104.7087784 163.5613708 178.5580444
v 104.7172165 163.5504150 178.5419006
v 104.7225723 163.0547028 177.5137939
v 104.7248917 163.5382996 178.5225220
v 104.7678452 163.4703522 178.4141846
v 104.7744293 163.4525299 178.3817291
v 104.7943192 163.3004761 178.0743256
v 104.7952805 163.3960724 178.2789612
v 104.7972031 163.3866272 178.2604523
v 104.7974854 163.3726959 178.2309723
v 104.7985458 163.3194427 178.1183014
# 4557 vertices, 0 vertices normals

f 1981 2022 2371
f 2354 1981 2371
f 3518 3395 3597
f 3329 3395 3518
f 3401 3329 3518
f 3243 3329 3401
f 3277 3243 3401
f 3153 3243 3277
f 3164 3153 3277
f 3068 3153 3164
f 3047 3068 3164
f 3015 3068 3047
f 2951 3015 3047
f 2917 3015 2951
f 2785 2917 2951
f 2790 2917 2785
f 2643 2790 2785
f 2695 2790 2643
f 2471 2695 2643
f 2566 2695 2471
f 2283 2566 2471
f 2518 2566 2283
f 2188 2518 2283
f 2427 2518 2188
f 2057 2427 2188
f 2375 2427 2057
f 2004 2375 2057
f 2354 2375 2004
f 1977 2354 2004
f 1981 2354 1977
f 1833 1880 1878
f 1875 1833 1878
f 1873 1833 1875
f 1833 1873 1871
f 1869 1833 1871
f 1868 1833 1869
f 1833 1868 1867
f 1865 1833 1867
f 1862 1833 1865
f 1833 1862 1861
f 1860 1833 1861
f 1859 1833 1860
f 1856 1857 1828
f 1858 1856 1828
f 1888 1896 1893
f 1892 1888 1893
f 1890 1888 1892
f 1888 1890 1887
f 1886 1888 1887
f 1848 1888 1886
f 1884 1848 1886
f 1833 1848 1884
f 1882 1833 1884
f 1880 1833 1882
f 1966 2026 2084
f 2075 1966 2084
f 2071 1966 2075
f 1966 2071 2070
f 2066 1966 2070
f 2060 1966 2066
f 1966 2060 2056
f 1963 1966 2056
f 1920 1966 1963
f 1900 1920 1963
f 1888 1920 1900
f 1897 1888 1900
f 1896 1888 1897
f 2172 2281 2173
f 2284 2172 2171
f 2170 2284 2171
f 2284 2170 2165
f 2164 2284 2165
f 2163 2284 2164
f 2284 2163 2148
f 2145 2284 2148
f 2201 2284 2145
f 2095 2201 2145
f 2134 2095 2145
f 2130 2095 2134
f 2095 2130 2122
f 2116 2095 2122
f 2100 2095 2116
f 2095 2100 2096
f 2091 2095 2096
f 2026 2095 2091
f 2088 2026 2091
f 2084 2026 2088
f 3928 3885 3905
f 3911 3928 3905
f 3963 3928 3911
f 3912 3963 3911
f 3917 3963 3912
f 3963 3917 3918
f 3920 3963 3918
f 3927 3963 3920
f 3963 3927 3930
f 3931 3963 3930
f 3932 3963 3931
f 3963 3932 3934
f 3938 3963 3934
f 3941 3963 3938
f 3963 3941 3942
f 3946 3963 3942
f 3948 3963 3946
f 3963 3948 3949
f 3950 3963 3949
f 3951 3963 3950
f 3963 3951 3953
f 3954 3963 3953
f 3955 3963 3954
f 3958 3959 3965
f 3957 3958 3965
f 3691 3674 3692
f 3672 3691 3693
f 3694 3672 3693
f 3672 3694 3696
f 3697 3672 3696
f 3698 3672 3697
f 3672 3698 3701
f 3703 3672 3701
f 3727 3672 3703
f 3727 3703 3706
f 3707 3727 3706
f 3769 3727 3707
f 3714 3769 3707
f 3769 3714 3715
f 3721 3769 3715
f 3724 3769 3721
f 3769 3724 3729
f 3730 3769 3729
f 3732 3769 3730
f 3769 3738 3744
f 3769 3732 3735
f 3736 3769 3735
f 3738 3769 3736
f 3885 3928 3879
f 3835 3885 3879
f 3771 3885 3835
f 3769 3771 3835
f 3750 3771 3769
f 3744 3750 3769
f 3038 2993 2910
f 2894 3038 2910
f 2776 2697 2691
f 2822 2776 2691
f 2897 2776 2822
f 2897 2822 2890
f 2895 2897 2890
f 2971 2897 2895
f 2992 2971 2895
f 3039 2971 2992
f 2560 2495 2541
f 2552 2560 2541
f 2697 2560 2552
f 2689 2697 2552
f 2691 2697 2689
f 1950 2047 2046
f 2003 1950 2046
f 2062 2003 2046
f 2065 2003 2062
f 2124 2065 2062
f 2181 2065 2124
f 2246 2181 2124
f 2259 2181 2246
f 2251 2259 2246
f 2338 2259 2251
f 2367 2338 2251
f 2495 2338 2367
f 2491 2495 2367
f 2541 2495 2491
f 2063 2047 1944
f 2061 2063 1944
f 2185 2063 2061
f 2250 2185 2061
f 2233 2185 2250
f 2254 2233 2250
f 2343 2254 2250
f 2488 2343 2250
f 2490 2343 2488
f 2528 2490 2488
f 2690 2528 2488
f 2661 2528 2690
f 2894 2910 2896
f 2767 2894 2896
f 2690 2894 2767
f 2692 2690 2767
f 2661 2690 2692
f 2281 2172 2284
f 2393 2281 2284
f 2530 2281 2393
f 2530 2393 2532
f 2630 2530 2532
f 2727 2530 2630
f 2727 2630 2728
f 2829 2727 2728
f 2927 2727 2829
f 2927 2829 2931
f 3006 2927 2931
f 3049 2927 3006
f 3049 3006 3050
f 3134 3049 3050
f 3189 3049 3134
f 3189 3134 3187
f 3258 3189 3187
f 3347 3189 3258
f 3347 3258 3344
f 3411 3347 3344
f 3506 3347 3411
f 3506 3411 3504
f 3540 3506 3504
f 3595 3506 3540
f 3595 3540 3594
f 3653 3595 3594
f 3688 3595 3653
f 3688 3653 3686
f 3742 3688 3686
f 3791 3688 3742
f 3791 3742 3787
f 3855 3791 3787
f 3897 3791 3855
f 3897 3855 3892
f 3944 3897 3892
f 3976 3897 3944
f 3976 3944 3971
f 3992 3976 3971
f 4006 3976 3992
f 4006 3992 4001
f 4011 4006 4001
f 4004 4006 4011
f 3963 3955 3957
f 3965 3963 3957
f 3983 3963 3965
f 4004 3983 3965
f 3994 3983 4004
f 4011 3994 4004
f 3674 3691 3672
f 3633 3674 3672
f 3572 3674 3633
f 3572 3633 3571
f 3523 3572 3571
f 3445 3572 3523
f 3445 3523 3443
f 3381 3445 3443
f 3305 3445 3381
f 3305 3381 3302
f 3235 3305 3302
f 3161 3305 3235
f 3039 2992 2993
f 3038 3039 2993
f 3107 3039 3038
f 3161 3107 3038
f 3160 3107 3161
f 3235 3160 3161
f 1944 2047 1950
f 1906 1944 1950
f 1870 1944 1906
f 1870 1906 1874
f 1840 1870 1874
f 1819 1870 1840
f 1819 1840 1826
f 1811 1819 1826
f 1810 1819 1811
f 1833 1859 1858
f 1828 1833 1858
f 1813 1833 1828
f 1810 1813 1828
f 1812 1813 1810
f 1811 1812 1810
f 3810 3774 3582
f 3592 3810 3582
f 3818 3810 3592
f 3789 3818 3592
f 3579 3789 3592
f 3749 3789 3579
f 3562 3749 3579
f 3684 3749 3562
f 3528 3684 3562
f 3630 3684 3528
f 3503 3630 3528
f 3545 3630 3503
f 3408 3545 3503
f 3434 3545 3408
f 3336 3434 3408
f 3340 3434 3336
f 3248 3340 3336
f 3212 3340 3248
f 3157 3212 3248
f 3109 3212 3157
f 3077 3109 3157
f 3003 3109 3077
f 3019 3003 3077
f 2864 3003 3019
f 2922 2864 3019
f 2705 2864 2922
f 2800 2705 2922
f 2538 2705 2800
f 2715 2538 2800
f 2334 2538 2715
f 2713 2878 2877
f 2172 2713 2877
f 2714 2713 2172
f 2173 2714 2172
f 2714 2173 2237
f 2248 2714 2237
f 2249 2714 2248
f 2879 2305 2308
f 2715 2333 2334
f 2714 2249 2263
f 2265 2714 2263
f 2277 2714 2265
f 2330 2879 2328
f 2321 2323 2879
f 2318 2321 2879
f 2879 2323 2325
f 2327 2879 2325
f 2328 2879 2327
f 2333 2715 2880
f 2879 2333 2880
f 2332 2333 2879
f 2330 2332 2879
f 2714 2277 2280
f 2296 2714 2280
f 2879 2714 2296
f 2299 2879 2296
f 2305 2879 2299
f 2879 2308 2314
f 2316 2879 2314
f 2318 2879 2316
f 2576 2018 2014
f 2576 2014 2012
f 2008 2576 2012
f 2007 2576 2008
f 2577 2371 2022
f 2021 2577 2022
f 2576 2577 2021
f 2019 2576 2021
f 2018 2576 2019
f 2576 2007 2001
f 1997 2576 2001
f 1989 2576 1997
f 2370 1961 1958
f 1948 2370 1958
f 2370 1948 1942
f 1937 2370 1942
f 1927 2370 1937
f 1856 2574 2575
f 2369 1856 2575
f 1857 1856 2369
f 2370 1857 2369
f 1925 1857 2370
f 1927 1925 2370
f 2576 1989 1985
f 1973 2576 1985
f 2370 2576 1973
f 1969 2370 1973
f 1961 2370 1969
f 3393 3267 3266
f 3691 3393 3266
f 3394 3393 3691
f 3692 3394 3691
f 3394 3692 3661
f 3655 3394 3661
f 3654 3394 3655
f 3268 3620 3617
f 3395 3596 3597
f 3394 3654 3643
f 3642 3394 3643
f 3636 3394 3642
f 3599 3268 3600
f 3608 3604 3268
f 3611 3608 3268
f 3268 3604 3603
f 3601 3268 3603
f 3600 3268 3601
f 3596 3395 3269
f 3268 3596 3269
f 3598 3596 3268
f 3599 3598 3268
f 3394 3636 3634
f 3625 3394 3634
f 3268 3394 3625
f 3624 3268 3625
f 3620 3268 3624
f 3268 3617 3615
f 3612 3268 3615
f 3611 3268 3612
f 3493 3776 3778
f 3493 3778 3779
f 3783 3493 3779
f 3784 3493 3783
f 3494 3582 3774
f 3773 3494 3774
f 3493 3494 3773
f 3775 3493 3773
f 3776 3493 3775
f 3493 3784 3793
f 3797 3493 3793
f 3804 3493 3797
f 3581 3837 3844
f 3853 3581 3844
f 3581 3853 3858
f 3865 3581 3858
f 3873 3581 3865
f 3958 3491 3492
f 3580 3958 3492
f 3959 3958 3580
f 3581 3959 3580
f 3878 3959 3581
f 3873 3878 3581
f 3493 3804 3807
f 3821 3493 3807
f 3581 3493 3821
f 3829 3581 3821
f 3837 3581 3829
f 3260 3268 3269
f 3261 3260 3269
f 3219 3260 3261
f 3220 3219 3261
f 3193 3219 3220
f 3194 3193 3220
f 3149 3193 3194
f 3150 3149 3194
f 3139 3149 3150
f 3140 3139 3150
f 3104 3139 3140
f 3105 3104 3140
f 3070 3104 3105
f 3071 3070 3105
f 3040 3070 3071
f 3041 3040 3071
f 3031 3040 3041
f 3032 3031 3041
f 2995 3031 3032
f 2996 2995 3032
f 2961 2995 2996
f 2962 2961 2996
f 2928 2961 2962
f 2929 2928 2962
f 2888 2928 2929
f 2889 2888 2929
f 2854 2888 2889
f 2855 2854 2889
f 2805 2854 2855
f 2806 2805 2855
f 2758 2805 2806
f 2759 2758 2806
f 2732 2758 2759
f 2733 2732 2759
f 2721 2732 2733
f 2722 2721 2733
f 2683 2721 2722
f 2684 2683 2722
f 2673 2683 2684
f 2674 2673 2684
f 2640 2673 2674
f 2641 2640 2674
f 2628 2640 2641
f 2629 2628 2641
f 2603 2628 2629
f 2604 2603 2629
f 2599 2603 2604
f 2600 2599 2604
f 2572 2599 2600
f 2573 2572 2600
f 2576 2572 2573
f 2577 2576 2573
f 2577 2354 2371
f 2354 2577 2573
f 2600 2354 2573
f 2375 2354 2600
f 2375 2600 2604
f 2629 2375 2604
f 2427 2375 2629
f 2427 2629 2641
f 2674 2427 2641
f 2518 2427 2674
f 2518 2674 2684
f 2722 2518 2684
f 2566 2518 2722
f 2566 2722 2733
f 2759 2566 2733
f 2695 2566 2759
f 2695 2759 2806
f 2855 2695 2806
f 2790 2695 2855
f 2790 2855 2889
f 2929 2790 2889
f 2917 2790 2929
f 2917 2929 2962
f 2996 2917 2962
f 3015 2917 2996
f 3015 2996 3032
f 3041 3015 3032
f 3068 3015 3041
f 3068 3041 3071
f 3105 3068 3071
f 3153 3068 3105
f 3153 3105 3140
f 3150 3153 3140
f 3243 3153 3150
f 3261 3269 3395
f 3329 3261 3395
f 3220 3261 3329
f 3243 3220 3329
f 3194 3220 3243
f 3150 3194 3243
f 3393 3259 3267
f 2352 2369 2575
f 2571 2352 2575
f 2356 2352 2571
f 2596 2356 2571
f 2373 2356 2596
f 2602 2373 2596
f 2378 2373 2602
f 2622 2378 2602
f 2425 2378 2622
f 2639 2425 2622
f 2439 2425 2639
f 2664 2439 2639
f 2516 2439 2664
f 2682 2516 2664
f 2520 2516 2682
f 2717 2520 2682
f 2564 2520 2717
f 2731 2564 2717
f 2568 2564 2731
f 2754 2568 2731
f 2693 2568 2754
f 2804 2693 2754
f 2699 2693 2804
f 2851 2699 2804
f 2788 2699 2851
f 3259 3393 3327
f 3317 3259 3327
f 3226 3259 3317
f 3241 3226 3317
f 3192 3226 3241
f 3237 3192 3241
f 3165 3192 3237
f 3151 3165 3237
f 3138 3165 3151
f 3147 3138 3151
f 3113 3138 3147
f 3066 3113 3147
f 3069 3113 3066
f 3064 3069 3066
f 3043 3069 3064
f 3013 3043 3064
f 3030 3043 3013
f 3010 3030 3013
f 2999 3030 3010
f 2915 2999 3010
f 2960 2999 2915
f 2912 2960 2915
f 2933 2960 2912
f 2788 2933 2912
f 2887 2933 2788
f 2851 2887 2788
f 2370 2572 2576
f 3328 3394 3268
f 3260 3328 3268
f 3318 3328 3260
f 3219 3318 3260
f 3242 3318 3219
f 3193 3242 3219
f 3238 3242 3193
f 3149 3238 3193
f 3152 3238 3149
f 3139 3152 3149
f 3148 3152 3139
f 3104 3148 3139
f 3067 3148 3104
f 3070 3067 3104
f 3065 3067 3070
f 3040 3065 3070
f 3014 3065 3040
f 3031 3014 3040
f 3011 3014 3031
f 2995 3011 3031
f 2916 3011 2995
f 2961 2916 2995
f 2913 2916 2961
f 2928 2913 2961
f 2789 2913 2928
f 2572 2370 2353
f 2357 2572 2353
f 2599 2572 2357
f 2374 2599 2357
f 2603 2599 2374
f 2379 2603 2374
f 2628 2603 2379
f 2426 2628 2379
f 2640 2628 2426
f 2440 2640 2426
f 2673 2640 2440
f 2517 2673 2440
f 2683 2673 2517
f 2521 2683 2517
f 2721 2683 2521
f 2565 2721 2521
f 2732 2721 2565
f 2569 2732 2565
f 2758 2732 2569
f 2694 2758 2569
f 2805 2758 2694
f 2700 2805 2694
f 2854 2805 2700
f 2789 2854 2700
f 2888 2854 2789
f 2928 2888 2789
f 3327 3393 3394
f 3328 3327 3394
f 3317 3327 3328
f 3318 3317 3328
f 3241 3317 3318
f 3242 3241 3318
f 3237 3241 3242
f 3238 3237 3242
f 3151 3237 3238
f 3152 3151 3238
f 3147 3151 3152
f 3148 3147 3152
f 3066 3147 3148
f 3067 3066 3148
f 3064 3066 3067
f 3065 3064 3067
f 3013 3064 3065
f 3014 3013 3065
f 3010 3013 3014
f 3011 3010 3014
f 2915 3010 3011
f 2916 2915 3011
f 2912 2915 2916
f 2912 2916 2913
f 2789 2912 2913
f 2788 2912 2789
f 2700 2788 2789
f 2353 2370 2369
f 2352 2353 2369
f 2357 2353 2352
f 2356 2357 2352
f 2374 2357 2356
f 2373 2374 2356
f 2379 2374 2373
f 2378 2379 2373
f 2426 2379 2378
f 2425 2426 2378
f 2440 2426 2425
f 2439 2440 2425
f 2517 2440 2439
f 2516 2517 2439
f 2521 2517 2516
f 2520 2521 2516
f 2565 2521 2520
f 2564 2565 2520
f 2569 2565 2564
f 2568 2569 2564
f 2694 2569 2568
f 2693 2694 2568
f 2700 2694 2693
f 2699 2700 2693
f 2788 2700 2699
f 3227 3286 3285
f 3284 3227 3285
f 3279 3227 3284
f 3227 3279 3278
f 3275 3227 3278
f 3274 3227 3275
f 3227 3274 3273
f 3272 3227 3273
f 3271 3227 3272
f 3266 3267 3259
f 3227 3266 3259
f 3270 3266 3227
f 3271 3270 3227
f 3286 3353 3343
f 3342 3286 3343
f 3322 3286 3342
f 3286 3322 3320
f 3319 3286 3320
f 3310 3286 3319
f 3286 3310 3307
f 3298 3286 3307
f 3293 3286 3298
f 3286 3293 3292
f 3289 3286 3292
f 3285 3286 3289
f 2592 2587 2591
f 2587 2592 2594
f 2595 2587 2594
f 2598 2587 2595
f 2587 2598 2601
f 2606 2587 2601
f 2607 2587 2606
f 2587 2607 2612
f 2613 2587 2612
f 2618 2587 2613
f 2590 2574 2578
f 2590 2578 2579
f 2580 2590 2579
f 2581 2590 2580
f 2590 2581 2582
f 2583 2590 2582
f 2584 2590 2583
f 2590 2584 2585
f 2586 2590 2585
f 2587 2590 2586
f 2588 2587 2586
f 2591 2587 2588
f 3227 3259 3226
f 3192 3227 3226
f 3166 3227 3192
f 3166 3192 3165
f 3138 3166 3165
f 3114 3166 3138
f 3114 3138 3113
f 3069 3114 3113
f 3042 3114 3069
f 3042 3069 3043
f 3030 3042 3043
f 2998 3042 3030
f 2998 3030 2999
f 2960 2998 2999
f 2932 2998 2960
f 2932 2960 2933
f 2887 2932 2933
f 2848 2932 2887
f 2848 2887 2851
f 2804 2848 2851
f 2752 2848 2804
f 2752 2804 2754
f 2731 2752 2754
f 2716 2752 2731
f 2716 2731 2717
f 2682 2716 2717
f 2662 2716 2682
f 2662 2682 2664
f 2639 2662 2664
f 2621 2662 2639
f 2621 2639 2622
f 2602 2621 2622
f 2590 2621 2602
f 2596 2590 2602
f 2574 2590 2596
f 2571 2574 2596
f 2575 2574 2571
f 578 726 646
f 578 1048 1050
f 1056 578 1050
f 726 578 1056
f 1066 726 1056
f 1081 726 1066
f 1034 1048 578
f 569 1034 578
f 1022 1034 569
f 1012 1022 569
f 550 1012 569
f 1001 1012 550
f 991 1001 550
f 540 991 550
f 987 991 540
f 981 987 540
f 526 981 540
f 975 981 526
f 971 975 526
f 517 971 526
f 966 971 517
f 517 513 958
f 962 517 958
f 966 517 962
f 515 970 961
f 960 515 961
f 513 515 960
f 959 513 960
f 958 513 959
f 973 970 515
f 523 973 515
f 983 973 523
f 523 532 985
f 984 523 985
f 983 523 984
f 542 1017 1016
f 997 542 1016
f 532 542 997
f 993 532 997
f 985 532 993
f 1021 1017 542
f 562 1021 542
f 1039 1021 562
f 1041 1039 562
f 573 1041 562
f 1064 1041 573
f 573 608 1070
f 1068 573 1070
f 1064 573 1068
f 673 1117 1116
f 1095 673 1116
f 608 673 1095
f 1092 608 1095
f 1070 608 1092
f 1120 1117 673
f 725 1120 673
f 1131 1120 725
f 1133 1131 725
f 765 1133 725
f 1151 1133 765
f 812 1168 1166
f 1156 812 1166
f 765 812 1156
f 1153 765 1156
f 1151 765 1153
f 877 1197 1196
f 1186 877 1196
f 848 877 1186
f 1185 848 1186
f 812 848 1185
f 1184 812 1185
f 1168 812 1184
f 877 895 1217
f 1214 877 1217
f 1197 877 1214
f 920 1234 1225
f 1224 920 1225
f 895 920 1224
f 1218 895 1224
f 1217 895 1218
f 1009 939 953
f 1236 1234 920
f 939 1236 920
f 1238 1236 939
f 1009 1238 939
f 1244 1238 1009
f 4314 4331 4313
f 4265 4280 4264
f 4215 4230 4216
f 4167 4179 4170
f 4119 4131 4121
f 4073 4080 4075
f 3628 3656 3645
f 4428 4353 4422
f 3397 3385 3398
f 2945 2292 2293
f 2295 2945 2293
f 2306 2945 2295
f 2930 2210 2241
f 2247 2930 2241
f 2939 2930 2247
f 2270 2939 2247
f 2945 2939 2270
f 2271 2945 2270
f 2292 2945 2271
f 2209 2210 2930
f 2907 2209 2930
f 2183 2209 2907
f 2882 2183 2907
f 2179 2183 2882
f 2093 2179 2882
f 2850 2093 2882
f 2087 2093 2850
f 2043 2087 2850
f 2816 2043 2850
f 2040 2043 2816
f 2000 2040 2816
f 2755 2000 2816
f 1993 2000 2755
f 1952 1993 2755
f 2729 1952 2755
f 1946 1952 2729
f 1910 1946 2729
f 2698 1910 2729
f 1904 1910 2698
f 1872 1904 2698
f 2658 1872 2698
f 1863 1872 2658
f 2658 2615 1831
f 1854 2658 1831
f 1863 2658 1854
f 2555 1799 1802
f 1805 2555 1802
f 2615 2555 1805
f 1824 2615 1805
f 1831 2615 1824
f 1789 1799 2555
f 2544 1789 2555
f 1787 1789 2544
f 1781 1787 2544
f 2524 1781 2544
f 1779 1781 2524
f 2504 1755 1762
f 1765 2504 1762
f 2524 2504 1765
f 1778 2524 1765
f 1779 2524 1778
f 2474 1758 1756
f 1751 2474 1756
f 2482 2474 1751
f 1752 2482 1751
f 2504 2482 1752
f 1753 2504 1752
f 1755 2504 1753
f 2477 2493 1777
f 1767 2477 1777
f 2474 2477 1767
f 1763 2474 1767
f 1758 2474 1763
f 2493 2513 1786
f 1782 2493 1786
f 1777 2493 1782
f 2534 1818 1806
f 1798 2534 1806
f 2513 2534 1798
f 1790 2513 1798
f 1786 2513 1790
f 2543 1853 1846
f 1841 2543 1846
f 2562 2543 1841
f 1836 2562 1841
f 2551 2562 1836
f 1834 2551 1836
f 2534 2551 1834
f 1821 2534 1834
f 1818 2534 1821
f 2945 2306 2911
f 2948 2945 2911
f 3385 2945 2948
f 3929 3398 3923
f 3945 3929 3923
f 4104 3945 4102
f 4106 4104 4102
f 4149 4106 4146
f 4155 4149 4146
f 4196 4155 4193
f 4207 4196 4193
f 4243 4207 4241
f 4255 4243 4241
f 4289 4255 4287
f 4305 4289 4287
f 4338 4305 4334
f 4353 4338 4334
f 3144 3137 3146
f 2945 3385 3397
f 3390 2945 3397
f 2939 2945 3390
f 3382 2939 3390
f 2930 2939 3382
f 3374 2930 3382
f 2907 2930 3374
f 3367 2907 3374
f 2882 2907 3367
f 3346 2882 3367
f 2850 2882 3346
f 3308 2850 3346
f 2816 2850 3308
f 3282 2816 3308
f 2755 2816 3282
f 3257 2755 3282
f 2729 2755 3257
f 3236 2729 3257
f 2698 2729 3236
f 3214 2698 3236
f 2658 2698 3214
f 3181 2658 3214
f 2615 2658 3181
f 3162 2615 3181
f 2555 2615 3162
f 3145 2555 3162
f 2544 2555 3145
f 3136 2544 3145
f 2524 2544 3136
f 3128 2524 3136
f 2504 2524 3128
f 3118 2504 3128
f 2482 2504 3118
f 3111 2482 3118
f 2474 2482 3111
f 3110 2474 3111
f 2477 2474 3110
f 3112 2477 3110
f 2493 2477 3112
f 3120 2493 3112
f 2513 2493 3120
f 3133 2513 3120
f 2534 2513 3133
f 3137 2534 3133
f 2551 2534 3137
f 3144 2551 3137
f 2562 2551 3144
f 3397 3398 3929
f 3925 3397 3929
f 3390 3397 3925
f 3915 3390 3925
f 3382 3390 3915
f 3901 3382 3915
f 3374 3382 3901
f 3884 3374 3901
f 3367 3374 3884
f 3862 3367 3884
f 3346 3367 3862
f 3832 3346 3862
f 3308 3346 3832
f 3794 3308 3832
f 3282 3308 3794
f 3766 3282 3794
f 3257 3282 3766
f 3740 3257 3766
f 3236 3257 3740
f 3719 3236 3740
f 3214 3236 3719
f 3687 3214 3719
f 3181 3214 3687
f 3671 3181 3687
f 3162 3181 3671
f 3660 3162 3671
f 3145 3162 3660
f 3646 3145 3660
f 3136 3145 3646
f 3629 3136 3646
f 3128 3136 3629
f 3622 3128 3629
f 3118 3128 3622
f 3614 3118 3622
f 3111 3118 3614
f 3610 3111 3614
f 3110 3111 3610
f 3609 3110 3610
f 3112 3110 3609
f 3613 3112 3609
f 3120 3112 3613
f 3621 3120 3613
f 3133 3120 3621
f 3628 3133 3621
f 3137 3133 3628
f 3645 3137 3628
f 3146 3137 3645
f 3929 3945 4104
f 4105 3929 4104
f 3925 3929 4105
f 4103 3925 4105
f 3915 3925 4103
f 4101 3915 4103
f 3901 3915 4101
f 4099 3901 4101
f 3884 3901 4099
f 4098 3884 4099
f 3862 3884 4098
f 4096 3862 4098
f 3832 3862 4096
f 4093 3832 4096
f 3794 3832 4093
f 4091 3794 4093
f 3766 3794 4091
f 4090 3766 4091
f 3740 3766 4090
f 4088 3740 4090
f 3719 3740 4088
f 4087 3719 4088
f 3687 3719 4087
f 4084 3687 4087
f 3671 3687 4084
f 4081 3671 4084
f 3660 3671 4081
f 4077 3660 4081
f 3646 3660 4077
f 4076 3646 4077
f 3629 3646 4076
f 4074 3629 4076
f 3622 3629 4074
f 4072 3622 4074
f 3614 3622 4072
f 4070 3614 4072
f 3610 3614 4070
f 4068 3610 4070
f 3609 3610 4068
f 4069 3609 4068
f 3613 3609 4069
f 4071 3613 4069
f 3621 3613 4071
f 4073 3621 4071
f 3628 3621 4073
f 4075 3628 4073
f 3656 3628 4075
f 4104 4106 4149
f 4151 4104 4149
f 4105 4104 4151
f 4152 4105 4151
f 4103 4105 4152
f 4150 4103 4152
f 4101 4103 4150
f 4148 4101 4150
f 4099 4101 4148
f 4145 4099 4148
f 4098 4099 4145
f 4144 4098 4145
f 4096 4098 4144
f 4143 4096 4144
f 4093 4096 4143
f 4142 4093 4143
f 4091 4093 4142
f 4139 4091 4142
f 4090 4091 4139
f 4137 4090 4139
f 4088 4090 4137
f 4135 4088 4137
f 4087 4088 4135
f 4133 4087 4135
f 4084 4087 4133
f 4132 4084 4133
f 4081 4084 4132
f 4128 4081 4132
f 4077 4081 4128
f 4126 4077 4128
f 4076 4077 4126
f 4123 4076 4126
f 4074 4076 4123
f 4122 4074 4123
f 4072 4074 4122
f 4120 4072 4122
f 4070 4072 4120
f 4118 4070 4120
f 4068 4070 4118
f 4116 4068 4118
f 4069 4068 4116
f 4117 4069 4116
f 4071 4069 4117
f 4119 4071 4117
f 4073 4071 4119
f 4121 4073 4119
f 4080 4073 4121
f 4149 4155 4196
f 4199 4149 4196
f 4151 4149 4199
f 4201 4151 4199
f 4152 4151 4201
f 4202 4152 4201
f 4150 4152 4202
f 4200 4150 4202
f 4148 4150 4200
f 4198 4148 4200
f 4145 4148 4198
f 4195 4145 4198
f 4144 4145 4195
f 4192 4144 4195
f 4143 4144 4192
f 4191 4143 4192
f 4142 4143 4191
f 4189 4142 4191
f 4139 4142 4189
f 4187 4139 4189
f 4137 4139 4187
f 4185 4137 4187
f 4135 4137 4185
f 4182 4135 4185
f 4133 4135 4182
f 4180 4133 4182
f 4132 4133 4180
f 4178 4132 4180
f 4128 4132 4178
f 4176 4128 4178
f 4126 4128 4176
f 4175 4126 4176
f 4123 4126 4175
f 4174 4123 4175
f 4122 4123 4174
f 4172 4122 4174
f 4120 4122 4172
f 4171 4120 4172
f 4118 4120 4171
f 4168 4118 4171
f 4116 4118 4168
f 4166 4116 4168
f 4117 4116 4166
f 4167 4117 4166
f 4119 4117 4167
f 4170 4119 4167
f 4131 4119 4170
f 4196 4207 4243
f 4245 4196 4243
f 4199 4196 4245
f 4247 4199 4245
f 4201 4199 4247
f 4250 4201 4247
f 4202 4201 4250
f 4251 4202 4250
f 4200 4202 4251
f 4249 4200 4251
f 4198 4200 4249
f 4246 4198 4249
f 4195 4198 4246
f 4244 4195 4246
f 4192 4195 4244
f 4242 4192 4244
f 4191 4192 4242
f 4240 4191 4242
f 4189 4191 4240
f 4239 4189 4240
f 4187 4189 4239
f 4236 4187 4239
f 4185 4187 4236
f 4234 4185 4236
f 4182 4185 4234
f 4231 4182 4234
f 4180 4182 4231
f 4229 4180 4231
f 4178 4180 4229
f 4228 4178 4229
f 4176 4178 4228
f 4225 4176 4228
f 4175 4176 4225
f 4224 4175 4225
f 4174 4175 4224
f 4222 4174 4224
f 4172 4174 4222
f 4219 4172 4222
f 4171 4172 4219
f 4218 4171 4219
f 4168 4171 4218
f 4217 4168 4218
f 4166 4168 4217
f 4215 4166 4217
f 4167 4166 4215
f 4216 4167 4215
f 4179 4167 4216
f 4243 4255 4289
f 4292 4243 4289
f 4245 4243 4292
f 4294 4245 4292
f 4247 4245 4294
f 4296 4247 4294
f 4250 4247 4296
f 4298 4250 4296
f 4251 4250 4298
f 4299 4251 4298
f 4249 4251 4299
f 4297 4249 4299
f 4246 4249 4297
f 4295 4246 4297
f 4244 4246 4295
f 4293 4244 4295
f 4242 4244 4293
f 4291 4242 4293
f 4240 4242 4291
f 4288 4240 4291
f 4239 4240 4288
f 4286 4239 4288
f 4236 4239 4286
f 4283 4236 4286
f 4234 4236 4283
f 4282 4234 4283
f 4231 4234 4282
f 4278 4231 4282
f 4229 4231 4278
f 4276 4229 4278
f 4228 4229 4276
f 4275 4228 4276
f 4225 4228 4275
f 4273 4225 4275
f 4224 4225 4273
f 4271 4224 4273
f 4222 4224 4271
f 4270 4222 4271
f 4219 4222 4270
f 4269 4219 4270
f 4218 4219 4269
f 4266 4218 4269
f 4217 4218 4266
f 4265 4217 4266
f 4215 4217 4265
f 4264 4215 4265
f 4230 4215 4264
f 4289 4305 4338
f 4340 4289 4338
f 4292 4289 4340
f 4342 4292 4340
f 4294 4292 4342
f 4344 4294 4342
f 4296 4294 4344
f 4346 4296 4344
f 4298 4296 4346
f 4348 4298 4346
f 4299 4298 4348
f 4349 4299 4348
f 4297 4299 4349
f 4347 4297 4349
f 4295 4297 4347
f 4345 4295 4347
f 4293 4295 4345
f 4343 4293 4345
f 4291 4293 4343
f 4341 4291 4343
f 4288 4291 4341
f 4339 4288 4341
f 4286 4288 4339
f 4336 4286 4339
f 4283 4286 4336
f 4333 4283 4336
f 4282 4283 4333
f 4330 4282 4333
f 4278 4282 4330
f 4328 4278 4330
f 4276 4278 4328
f 4326 4276 4328
f 4275 4276 4326
f 4324 4275 4326
f 4273 4275 4324
f 4321 4273 4324
f 4271 4273 4321
f 4319 4271 4321
f 4270 4271 4319
f 4318 4270 4319
f 4269 4270 4318
f 4317 4269 4318
f 4266 4269 4317
f 4314 4266 4317
f 4265 4266 4314
f 4313 4265 4314
f 4280 4265 4313
f 4338 4353 4428
f 4435 4338 4428
f 4340 4338 4435
f 4441 4340 4435
f 4342 4340 4441
f 4446 4342 4441
f 4344 4342 4446
f 4450 4344 4446
f 4346 4344 4450
f 4455 4346 4450
f 4348 4346 4455
f 4457 4348 4455
f 4349 4348 4457
f 4456 4349 4457
f 4347 4349 4456
f 4454 4347 4456
f 4345 4347 4454
f 4449 4345 4454
f 4343 4345 4449
f 4445 4343 4449
f 4341 4343 4445
f 4440 4341 4445
f 4339 4341 4440
f 4434 4339 4440
f 4336 4339 4434
f 4426 4336 4434
f 4333 4336 4426
f 4420 4333 4426
f 4330 4333 4420
f 4413 4330 4420
f 4328 4330 4413
f 4407 4328 4413
f 4326 4328 4407
f 4400 4326 4407
f 4324 4326 4400
f 4396 4324 4400
f 4321 4324 4396
f 4387 4321 4396
f 4319 4321 4387
f 4382 4319 4387
f 4318 4319 4382
f 4376 4318 4382
f 4317 4318 4376
f 4373 4317 4376
f 4314 4317 4373
f 4369 4314 4373
f 4331 4314 4369
f 4505 4495 4502
f 4507 4505 4502
f 4525 4541 4528
f 4488 4483 4478
f 4491 4492 4487
f 4483 4491 4487
f 4489 4491 4483
f 4488 4489 4483
f 4487 4492 4494
f 4497 4487 4494
f 4495 4487 4497
f 4499 4495 4497
f 4502 4495 4499
f 4549 4553 4541
f 4525 4549 4541
f 4540 4549 4525
f 4513 4540 4525
f 4531 4540 4513
f 4505 4531 4513
f 4512 4531 4505
f 4507 4512 4505
f 4485 4490 4488
f 4478 4485 4488
f 4477 4485 4478
f 4468 4477 4478
f 4464 4477 4468
f 4448 4464 4468
f 4464 4448 4438
f 4452 4464 4438
f 4460 4464 4452
f 1714 1722 1720
f 1578 1714 1720
f 1694 1714 1578
f 1468 1694 1578
f 1212 1069 1439
f 1111 1069 1212
f 1119 1111 1212
f 1118 1111 1119
f 1456 1447 1460
f 1590 1456 1460
f 1457 1456 1590
f 1701 1457 1590
f 2339 1728 2035
f 2294 2339 2035
f 2335 2339 2294
f 2317 2335 2294
f 1249 1243 1491
f 1495 1249 1491
f 1037 1249 1495
f 691 1014 1024
f 1014 691 686
f 683 1014 686
f 1020 1014 683
f 1020 683 694
f 700 1020 694
f 1038 1020 700
f 1038 700 720
f 730 1038 720
f 1067 1038 730
f 1067 730 753
f 764 1067 753
f 1104 1067 764
f 1104 764 795
f 821 1104 795
f 1134 1104 821
f 1134 821 855
f 872 1134 855
f 1167 1134 872
f 1167 872 904
f 927 1167 904
f 1207 1167 927
f 1207 927 980
f 1000 1207 980
f 1267 1207 1000
f 1267 1000 1051
f 1072 1267 1051
f 1342 1267 1072
f 1342 1072 1115
f 1128 1342 1115
f 1406 1342 1128
f 1406 1128 1157
f 1169 1406 1157
f 1467 1406 1169
f 1467 1169 1195
f 1211 1467 1195
f 1479 1467 1211
f 1246 1479 1211
f 1666 1479 1246
f 1638 1800 1598
f 1598 1800 1785
f 1734 1598 1785
f 1541 1598 1734
f 1541 1734 1719
f 1695 1541 1719
f 1499 1541 1695
f 1499 1695 1684
f 1658 1499 1684
f 1472 1499 1658
f 1472 1658 1645
f 1623 1472 1645
f 1428 1472 1623
f 1428 1623 1609
f 1580 1428 1609
f 1371 1428 1580
f 1371 1580 1563
f 1539 1371 1563
f 1322 1371 1539
f 1322 1539 1529
f 1512 1322 1529
f 1279 1322 1512
f 1279 1512 1507
f 1496 1279 1507
f 1250 1279 1496
f 1250 1496 1493
f 1488 1250 1493
f 1239 1250 1488
f 1239 1488 1485
f 1480 1239 1485
f 1232 1239 1480
f 1232 1480 1482
f 1484 1232 1482
f 1243 1232 1484
f 1489 1243 1484
f 1491 1243 1489
f 1694 1468 1439
f 1069 1694 1439
f 1681 1694 1069
f 1045 1681 1069
f 1656 1681 1045
f 992 1656 1045
f 1643 1656 992
f 974 1643 992
f 1620 1643 974
f 923 1620 974
f 1606 1620 923
f 900 1606 923
f 1576 1606 900
f 867 1576 900
f 1558 1576 867
f 851 1558 867
f 1536 1558 851
f 818 1536 851
f 1526 1536 818
f 788 1526 818
f 1511 1526 788
f 761 1511 788
f 1505 1511 761
f 750 1505 761
f 1495 1505 750
f 728 1495 750
f 1037 1495 728
f 717 1037 728
f 1024 1037 717
f 701 1024 717
f 691 1024 701
f 1457 1701 1728
f 2339 1457 1728
f 1462 1457 2339
f 2351 1462 2339
f 1461 1462 2351
f 2350 1461 2351
f 1458 1461 2350
f 2341 1458 2350
f 1454 1458 2341
f 2326 1454 2341
f 1441 1454 2326
f 2310 1441 2326
f 1432 1441 2310
f 2298 1432 2310
f 1413 1432 2298
f 2261 1413 2298
f 1397 1413 2261
f 2243 1397 2261
f 1374 1397 2243
f 2197 1374 2243
f 1361 1374 2197
f 2182 1361 2197
f 1325 1361 2182
f 2077 1325 2182
f 1309 1325 2077
f 2053 1309 2077
f 1268 1309 2053
f 1990 1268 2053
f 1246 1268 1990
f 1957 1246 1990
f 1666 1246 1957
f 1898 1666 1957
f 1638 1666 1898
f 1855 1638 1898
f 1800 1638 1855
f 1742 1790 1798
f 1803 1742 1798
f 1806 1803 1798
f 1818 1803 1806
f 1718 1775 1904
f 1872 1718 1904
f 1689 1718 1872
f 1921 2011 1993
f 1952 1921 1993
f 1832 1921 1952
f 1946 1832 1952
f 1775 1832 1946
f 1910 1775 1946
f 1904 1775 1910
f 2216 2288 2087
f 2043 2216 2087
f 2102 2216 2043
f 2040 2102 2043
f 2011 2102 2040
f 2000 2011 2040
f 1993 2011 2000
f 1689 1872 1863
f 1854 1689 1863
f 1664 1689 1854
f 1831 1664 1854
f 1637 1664 1831
f 1824 1637 1831
f 1617 1637 1824
f 2399 2344 2306
f 2295 2399 2306
f 2410 2456 2209
f 2183 2410 2209
f 2348 2410 2183
f 2179 2348 2183
f 2288 2348 2179
f 2093 2288 2179
f 2087 2288 2093
f 1617 1824 1805
f 1802 1617 1805
f 1599 1617 1802
f 1799 1599 1802
f 1588 1599 1799
f 1588 1799 1789
f 1787 1588 1789
f 1579 1588 1787
f 2399 2295 2293
f 2292 2399 2293
f 2448 2399 2292
f 2271 2448 2292
f 2465 2448 2271
f 2270 2465 2271
f 2465 2270 2247
f 2241 2465 2247
f 2456 2465 2241
f 2210 2456 2241
f 2209 2456 2210
f 1579 1787 1781
f 1779 1579 1781
f 1582 1579 1779
f 1778 1582 1779
f 1595 1582 1778
f 1762 1755 1608
f 1595 1762 1608
f 1765 1762 1595
f 1778 1765 1595
f 1742 1706 1782
f 1786 1742 1782
f 1790 1742 1786
f 1756 1758 1680
f 1653 1756 1680
f 1751 1756 1653
f 1630 1751 1653
f 1752 1751 1630
f 1608 1752 1630
f 1753 1752 1608
f 1755 1753 1608
f 1680 1758 1763
f 1767 1680 1763
f 1706 1680 1767
f 1777 1706 1767
f 1782 1706 1777
f 1022 1012 946
f 1018 1022 946
f 1034 1022 1018
f 1103 1131 1136
f 862 799 1064
f 1068 862 1064
f 908 862 1068
f 908 1068 1070
f 1092 908 1070
f 979 908 1092
f 979 1092 1095
f 1116 979 1095
f 1042 979 1116
f 1117 1042 1116
f 1103 1042 1117
f 1120 1103 1117
f 1131 1103 1120
f 751 704 1021
f 1039 751 1021
f 799 751 1039
f 1041 799 1039
f 1064 799 1041
f 1136 1131 1133
f 1151 1136 1133
f 1172 1136 1151
f 1153 1172 1151
f 1199 1172 1153
f 1186 1307 1291
f 1311 1217 1218
f 946 1012 1001
f 991 946 1001
f 890 946 991
f 843 971 966
f 610 984 985
f 993 610 985
f 628 610 993
f 997 628 993
f 661 628 997
f 1016 661 997
f 704 661 1016
f 1017 704 1016
f 1021 704 1017
f 1305 1311 1218
f 1238 1244 1264
f 1281 1238 1264
f 1236 1238 1281
f 983 984 610
f 616 983 610
f 973 983 616
f 651 973 616
f 970 973 651
f 682 970 651
f 961 970 682
f 1199 1153 1156
f 1166 1199 1156
f 1230 1199 1166
f 1168 1230 1166
f 1266 1230 1168
f 1184 1266 1168
f 1291 1266 1184
f 1185 1291 1184
f 1186 1291 1185
f 1307 1186 1196
f 1197 1307 1196
f 1311 1307 1197
f 1214 1311 1197
f 1217 1311 1214
f 1305 1218 1224
f 1225 1305 1224
f 1281 1305 1225
f 1234 1281 1225
f 1236 1281 1234
f 779 843 966
f 962 779 966
f 733 779 962
f 733 962 958
f 959 733 958
f 682 733 959
f 960 682 959
f 961 682 960
f 890 991 987
f 981 890 987
f 843 890 981
f 975 843 981
f 971 843 975
f 868 1249 1037
f 529 441 456
f 1144 1249 868
f 706 1144 868
f 1026 1144 706
f 557 1026 706
f 897 1026 557
f 497 897 557
f 806 897 497
f 470 806 497
f 722 806 470
f 442 722 470
f 654 722 442
f 440 654 442
f 612 654 440
f 441 612 440
f 631 612 441
f 529 631 441
f 681 631 529
f 1638 1584 1750
f 1584 1638 1598
f 1541 1584 1598
f 1414 1584 1541
f 1414 1541 1499
f 1472 1414 1499
f 1188 1414 1472
f 1279 777 1007
f 2213 2672 2671
f 2221 2213 2671
f 1750 2213 2221
f 1823 1750 2221
f 1638 1750 1823
f 1666 1638 1823
f 1188 1472 1428
f 1371 1188 1428
f 1007 1188 1371
f 1322 1007 1371
f 1279 1007 1322
f 531 227 534
f 227 531 527
f 528 227 527
f 256 227 528
f 227 222 545
f 543 227 545
f 534 227 543
f 777 1279 1250
f 1239 777 1250
f 548 777 1239
f 1232 548 1239
f 461 548 1232
f 1243 461 1232
f 1249 461 1243
f 671 556 508
f 226 631 681
f 685 226 681
f 597 671 508
f 226 685 590
f 589 226 590
f 222 226 589
f 567 222 589
f 545 222 567
f 256 528 530
f 533 256 530
f 269 256 533
f 541 269 533
f 564 568 366
f 336 564 366
f 544 564 336
f 312 544 336
f 541 544 312
f 283 541 312
f 269 541 283
f 597 508 481
f 447 597 481
f 577 597 447
f 424 577 447
f 568 577 424
f 392 568 424
f 366 568 392
f 697 707 752
f 461 1249 1144
f 1026 461 1144
f 395 461 1026
f 897 395 1026
f 337 395 897
f 806 337 897
f 279 337 806
f 722 279 806
f 243 279 722
f 654 243 722
f 226 243 654
f 612 226 654
f 631 226 612
f 556 671 695
f 707 556 695
f 599 556 707
f 697 599 707
f 1267 1390 1164
f 1164 938 1167
f 1207 1164 1167
f 1267 1164 1207
f 1390 1267 1342
f 1406 1390 1342
f 1571 1390 1406
f 1467 1571 1406
f 1479 1571 1467
f 1038 490 1020
f 675 490 1038
f 675 1038 1067
f 1104 675 1067
f 938 675 1104
f 1134 938 1104
f 1167 938 1134
f 1571 1479 1624
f 1764 1571 1624
f 1754 1571 1764
f 2073 1754 1764
f 2074 1754 2073
f 1024 868 1037
f 181 391 394
f 403 181 394
f 179 181 403
f 181 185 380
f 379 181 380
f 391 181 379
f 463 480 469
f 438 463 469
f 436 458 456
f 180 436 456
f 413 438 469
f 462 413 469
f 378 413 462
f 449 378 462
f 345 378 449
f 437 345 449
f 311 345 437
f 179 403 406
f 417 179 406
f 180 179 417
f 435 180 417
f 436 180 435
f 1014 1020 490
f 408 1014 490
f 1024 1014 408
f 321 1024 408
f 868 1024 321
f 268 311 437
f 431 268 437
f 228 268 431
f 418 228 431
f 212 228 418
f 414 212 418
f 198 212 414
f 405 198 414
f 195 198 405
f 192 195 405
f 402 192 405
f 188 192 402
f 393 188 402
f 185 188 393
f 386 185 393
f 380 185 386
f 180 456 441
f 440 180 441
f 182 180 440
f 442 182 440
f 191 182 442
f 470 191 442
f 199 191 470
f 497 199 470
f 229 199 497
f 557 229 497
f 321 229 557
f 706 321 557
f 868 321 706
f 2559 2401 2221
f 2671 2559 2221
f 2680 2559 2671
f 1764 2401 2362
f 2215 1764 2362
f 2073 1764 2215
f 2086 2073 2215
f 2221 2401 1764
f 1624 2221 1764
f 1823 2221 1624
f 1479 1823 1624
f 1666 1823 1479
f 2593 1754 2074
f 2737 2593 2741
f 2593 2737 2720
f 2710 2593 2720
f 2709 2593 2710
f 2422 2593 2074
f 2105 2422 2074
f 2255 2422 2105
f 2107 2255 2105
f 2136 2255 2107
f 2255 2136 2138
f 2141 2255 2138
f 2147 2255 2141
f 2593 2709 2672
f 2213 2593 2672
f 1754 2593 2213
f 1750 1754 2213
f 1571 1754 1750
f 1584 1571 1750
f 1390 1571 1584
f 1414 1390 1584
f 1164 1390 1414
f 1188 1164 1414
f 938 1164 1188
f 1007 938 1188
f 675 938 1007
f 777 675 1007
f 490 675 777
f 548 490 777
f 408 490 548
f 461 408 548
f 321 408 461
f 395 321 461
f 229 321 395
f 337 229 395
f 199 229 337
f 279 199 337
f 191 199 279
f 243 191 279
f 182 191 243
f 226 182 243
f 180 182 226
f 222 180 226
f 179 180 222
f 227 179 222
f 181 179 227
f 256 181 227
f 185 181 256
f 926 586 1006
f 3281 2970 3356
f 871 1288 831
f 1288 1660 1261
f 389 396 381
f 388 376 382
f 398 388 382
f 419 388 398
f 291 189 186
f 189 291 309
f 329 189 309
f 339 189 329
f 189 339 350
f 373 189 350
f 376 189 373
f 187 292 286
f 284 187 286
f 187 284 278
f 276 187 278
f 186 187 276
f 275 186 276
f 282 186 275
f 186 282 285
f 288 186 285
f 291 186 288
f 190 381 375
f 190 375 367
f 340 190 367
f 338 190 340
f 190 338 325
f 307 190 325
f 187 190 307
f 296 187 307
f 292 187 296
f 420 396 389
f 831 797 787
f 831 787 783
f 778 831 783
f 770 831 778
f 831 770 755
f 738 831 755
f 714 831 738
f 831 714 698
f 655 831 698
f 632 831 655
f 410 511 485
f 410 570 561
f 516 410 561
f 511 410 516
f 410 485 467
f 445 410 467
f 389 410 445
f 430 389 445
f 420 389 430
f 1150 1288 1159
f 1288 1150 1112
f 1065 1288 1112
f 1035 1288 1065
f 1288 1035 994
f 963 1288 994
f 831 1288 963
f 930 831 963
f 831 930 914
f 880 831 914
f 861 831 880
f 831 861 847
f 837 831 847
f 827 831 837
f 831 827 816
f 801 831 816
f 797 831 801
f 1261 1240 1210
f 1194 1261 1210
f 1288 1261 1194
f 1189 1288 1194
f 1159 1288 1189
f 1660 1650 1423
f 1408 1660 1423
f 1404 1660 1408
f 1660 1404 1377
f 1358 1660 1377
f 1336 1660 1358
f 1660 1336 1297
f 1285 1660 1297
f 1261 1660 1285
f 1256 1261 1285
f 1240 1261 1256
f 1649 1434 1437
f 1448 1649 1437
f 1650 1649 1448
f 1453 1650 1448
f 1446 1650 1453
f 1650 1446 1438
f 1429 1650 1438
f 1423 1650 1429
f 1659 1283 1298
f 1257 1283 1659
f 1659 1298 1350
f 1356 1659 1350
f 1384 1659 1356
f 1659 1384 1402
f 1409 1659 1402
f 1649 1659 1409
f 1421 1649 1409
f 1434 1649 1421
f 1260 1201 1208
f 1251 1260 1208
f 1257 1260 1251
f 830 817 826
f 839 830 826
f 849 830 839
f 830 849 859
f 864 830 859
f 883 830 864
f 830 883 916
f 928 830 916
f 944 830 928
f 1287 944 972
f 996 1287 972
f 1287 996 1061
f 1063 1287 1061
f 1127 1287 1063
f 1287 1127 1149
f 1160 1287 1149
f 1260 1287 1160
f 1193 1260 1160
f 1201 1260 1193
f 409 468 489
f 388 419 427
f 428 388 427
f 409 388 428
f 464 409 428
f 468 409 464
f 830 558 581
f 409 489 518
f 535 409 518
f 558 409 535
f 830 581 636
f 660 830 636
f 703 830 660
f 830 703 718
f 744 830 718
f 758 830 744
f 830 758 769
f 781 830 769
f 786 830 781
f 830 786 798
f 802 830 798
f 817 830 802
f 134 18 19
f 134 19 23
f 24 134 23
f 27 134 24
f 134 27 30
f 34 134 30
f 35 134 34
f 134 35 36
f 39 134 36
f 41 134 39
f 134 41 50
f 51 134 50
f 52 134 51
f 134 52 57
f 60 134 57
f 65 134 60
f 134 65 68
f 69 134 68
f 74 134 69
f 133 161 145
f 80 133 145
f 133 80 71
f 70 133 71
f 62 133 70
f 133 62 61
f 54 133 61
f 53 133 54
f 133 53 47
f 44 133 47
f 40 133 44
f 133 40 38
f 37 133 38
f 33 133 37
f 133 33 32
f 31 133 32
f 26 133 31
f 133 26 25
f 22 133 25
f 21 133 22
f 133 21 20
f 15 133 20
f 13 133 15
f 3280 4002 4000
f 3280 4000 3993
f 3991 3280 3993
f 3977 3280 3991
f 3280 3977 3975
f 3960 3280 3975
f 3952 3280 3960
f 3280 3952 3947
f 3910 3280 3947
f 3898 3280 3910
f 3280 3898 3874
f 3868 3280 3874
f 3860 3280 3868
f 3280 3860 3815
f 3799 3280 3815
f 3768 3280 3799
f 3280 3768 3762
f 3753 3280 3762
f 3728 3280 3753
f 3281 3356 3713
f 3751 3281 3713
f 3754 3281 3751
f 3281 3754 3788
f 3796 3281 3788
f 3852 3281 3796
f 3281 3852 3861
f 3890 3281 3861
f 3893 3281 3890
f 3281 3893 3900
f 3935 3281 3900
f 3943 3281 3935
f 3281 3943 3967
f 3968 3281 3967
f 3974 3281 3968
f 3281 3974 3984
f 3988 3281 3984
f 3995 3281 3988
f 3281 3995 3996
f 3999 3281 3996
f 4003 3281 3999
f 3280 3728 3712
f 3355 3280 3712
f 2969 3280 3355
f 1773 2609 2711
f 1273 1381 1450
f 585 925 1005
f 163 238 236
f 171 163 236
f 161 163 171
f 830 944 1287
f 1330 830 1287
f 870 830 1330
f 1381 870 1330
f 925 870 1381
f 1273 925 1381
f 1005 925 1273
f 409 558 830
f 870 409 830
f 425 409 870
f 925 425 870
f 453 425 925
f 585 453 925
f 492 453 585
f 3184 3171 3842
f 3869 3184 3842
f 3209 3184 3869
f 3907 3209 3869
f 3244 3209 3907
f 3969 3244 3907
f 3280 3244 3969
f 3997 3280 3969
f 4002 3280 3997
f 1260 1257 1659
f 1673 1260 1659
f 1287 1260 1673
f 1692 1287 1673
f 1330 1287 1692
f 1711 1330 1692
f 1381 1330 1711
f 1770 1381 1711
f 1450 1381 1770
f 189 376 388
f 409 189 388
f 193 189 409
f 425 193 409
f 196 193 425
f 453 196 425
f 209 196 453
f 492 209 453
f 238 209 492
f 2380 2381 3171
f 3184 2380 3171
f 2406 2380 3184
f 3209 2406 3184
f 2469 2406 3209
f 3244 2469 3209
f 2536 2469 3244
f 3280 2536 3244
f 2609 2536 3280
f 2969 2609 3280
f 2711 2609 2969
f 1650 1660 2381
f 2380 1650 2381
f 1649 1650 2380
f 2406 1649 2380
f 1659 1649 2406
f 2469 1659 2406
f 1673 1659 2469
f 2536 1673 2469
f 1692 1673 2536
f 2609 1692 2536
f 1711 1692 2609
f 1773 1711 2609
f 1770 1711 1773
f 3870 3245 3908
f 426 454 871
f 831 426 871
f 410 426 831
f 632 410 831
f 570 410 632
f 3281 4003 3998
f 3970 3281 3998
f 3908 3281 3970
f 1382 1274 1451
f 1712 1382 1451
f 1693 1382 1712
f 2537 1693 1712
f 2470 1693 2537
f 3210 2470 2537
f 3185 2470 3210
f 3843 3185 3210
f 3825 3185 3843
f 133 13 9
f 7 133 9
f 118 133 7
f 5 118 7
f 102 118 5
f 3 102 5
f 89 102 3
f 1 89 3
f 77 89 1
f 2 77 1
f 78 77 2
f 4 78 2
f 90 78 4
f 6 90 4
f 103 90 6
f 8 103 6
f 119 103 8
f 10 119 8
f 134 119 10
f 14 134 10
f 18 134 14
f 3281 3908 3245
f 2610 3281 3245
f 2970 3281 2610
f 2610 1771 1774
f 2712 2610 1774
f 2970 2610 2712
f 1712 1451 1771
f 2610 1712 1771
f 2537 1712 2610
f 3245 2537 2610
f 3210 2537 3245
f 3870 3210 3245
f 3843 3210 3870
f 926 1006 1274
f 1382 926 1274
f 1331 926 1382
f 1693 1331 1382
f 1674 1331 1693
f 2470 1674 1693
f 2407 1674 2470
f 3185 2407 2470
f 3172 2407 3185
f 3825 3172 3185
f 3824 3172 3825
f 454 493 586
f 926 454 586
f 871 454 926
f 1331 871 926
f 1288 871 1331
f 1674 1288 1331
f 1660 1288 1674
f 2407 1660 1674
f 2381 1660 2407
f 3172 2381 2407
f 3171 2381 3172
f 3824 3171 3172
f 3842 3171 3824
f 389 381 190
f 194 389 190
f 410 389 194
f 197 410 194
f 426 410 197
f 210 426 197
f 454 426 210
f 239 454 210
f 493 454 239
f 237 164 172
f 209 238 163
f 159 209 163
f 196 209 159
f 157 196 159
f 193 196 157
f 155 193 157
f 189 193 155
f 151 189 155
f 186 189 151
f 152 186 151
f 187 186 152
f 156 187 152
f 190 187 156
f 158 190 156
f 194 190 158
f 160 194 158
f 197 194 160
f 164 197 160
f 210 197 164
f 237 210 164
f 239 210 237
f 134 74 81
f 146 134 81
f 162 134 146
f 163 161 133
f 118 163 133
f 159 163 118
f 102 159 118
f 157 159 102
f 89 157 102
f 155 157 89
f 77 155 89
f 151 155 77
f 78 151 77
f 152 151 78
f 90 152 78
f 156 152 90
f 103 156 90
f 158 156 103
f 119 158 103
f 160 158 119
f 134 160 119
f 164 160 134
f 162 164 134
f 172 164 162
f 298 592 348
f 547 835 592
f 1845 1936 1930
f 3413 3848 3896
f 3904 3413 3896
f 3961 3413 3904
f 3413 3961 3964
f 4010 3413 3964
f 4013 3413 4010
f 3413 4013 4023
f 4024 3413 4023
f 4026 3413 4024
f 3413 4026 4036
f 4038 3413 4036
f 4043 3413 4038
f 3413 4043 4044
f 4047 3413 4044
f 4050 3413 4047
f 3413 4050 4051
f 4057 3413 4051
f 4058 3413 4057
f 3413 4058 4061
f 4064 3413 4061
f 4059 3413 4064
f 149 82 83
f 149 83 91
f 92 149 91
f 95 149 92
f 149 95 96
f 104 149 96
f 105 149 104
f 149 105 106
f 111 149 106
f 113 149 111
f 149 113 120
f 121 149 120
f 122 149 121
f 149 122 125
f 126 149 125
f 129 149 126
f 149 129 130
f 131 149 130
f 136 149 131
f 150 174 154
f 138 150 154
f 150 138 135
f 132 150 135
f 128 150 132
f 150 128 127
f 124 150 127
f 123 150 124
f 150 123 115
f 114 150 115
f 112 150 114
f 150 112 108
f 107 150 108
f 101 150 107
f 150 101 100
f 97 150 100
f 94 150 97
f 150 94 93
f 86 150 93
f 85 150 86
f 150 85 84
f 79 150 84
f 76 150 79
f 3414 4063 4062
f 3414 4062 4053
f 4052 3414 4053
f 4049 3414 4052
f 3414 4049 4048
f 4042 3414 4048
f 4041 3414 4042
f 3414 4041 4039
f 4029 3414 4039
f 4025 3414 4029
f 3414 4025 4017
f 4016 3414 4017
f 4012 3414 4016
f 3414 4012 3979
f 3966 3414 3979
f 3926 3414 3966
f 3414 3926 3916
f 3903 3414 3916
f 3866 3414 3903
f 3414 3866 3849
f 3474 3414 3849
f 3080 3414 3474
f 2815 3080 2899
f 1936 2815 2899
f 1487 1930 1517
f 1427 1487 1517
f 1098 1427 1141
f 835 1098 1141
f 178 348 344
f 184 178 344
f 174 178 184
f 3413 4059 4045
f 4030 3413 4045
f 3371 3413 4030
f 4018 3371 4030
f 3350 3371 4018
f 4007 3350 4018
f 3313 3350 4007
f 3989 3313 4007
f 3300 3313 3989
f 3990 3300 3989
f 3301 3300 3990
f 4008 3301 3990
f 3314 3301 4008
f 4019 3314 4008
f 3351 3314 4019
f 4031 3351 4019
f 3372 3351 4031
f 4046 3372 4031
f 3414 3372 4046
f 4060 3414 4046
f 4063 3414 4060
f 3414 3080 2815
f 2740 3414 2815
f 3372 3414 2740
f 2703 3372 2740
f 3351 3372 2703
f 2667 3351 2703
f 3314 3351 2667
f 2650 3314 2667
f 3301 3314 2650
f 2649 3301 2650
f 3300 3301 2649
f 2666 3300 2649
f 3313 3300 2666
f 2702 3313 2666
f 3350 3313 2702
f 2739 3350 2702
f 3371 3350 2739
f 2814 3371 2739
f 3413 3371 2814
f 150 76 64
f 43 150 64
f 148 150 43
f 29 148 43
f 144 148 29
f 17 144 29
f 142 144 17
f 12 142 17
f 140 142 12
f 11 140 12
f 139 140 11
f 16 139 11
f 141 139 16
f 28 141 16
f 143 141 28
f 42 143 28
f 147 143 42
f 63 147 42
f 149 147 63
f 75 149 63
f 82 149 75
f 2814 1935 2898
f 3079 2814 2898
f 3413 2814 3079
f 3473 3413 3079
f 3848 3413 3473
f 2815 1936 1845
f 1795 2815 1845
f 2740 2815 1795
f 1760 2740 1795
f 2703 2740 1760
f 1739 2703 1760
f 2667 2703 1739
f 1730 2667 1739
f 2650 2667 1730
f 1729 2650 1730
f 2649 2650 1729
f 1738 2649 1729
f 2666 2649 1738
f 1759 2666 1738
f 2702 2666 1759
f 1794 2702 1759
f 2739 2702 1794
f 1844 2739 1794
f 2814 2739 1844
f 1929 2814 1844
f 1935 2814 1929
f 1845 1930 1487
f 1470 1845 1487
f 1795 1845 1470
f 1444 1795 1470
f 1760 1795 1444
f 1417 1760 1444
f 1739 1760 1417
f 1401 1739 1417
f 1730 1739 1401
f 1400 1730 1401
f 1729 1730 1400
f 1416 1729 1400
f 1738 1729 1416
f 1443 1738 1416
f 1759 1738 1443
f 1469 1759 1443
f 1794 1759 1469
f 1486 1794 1469
f 1844 1794 1486
f 1516 1844 1486
f 1929 1844 1516
f 1426 1097 1140
f 1487 1427 1098
f 1044 1487 1098
f 1470 1487 1044
f 999 1470 1044
f 1444 1470 999
f 969 1444 999
f 1417 1444 969
f 951 1417 969
f 1401 1417 951
f 950 1401 951
f 1400 1401 950
f 968 1400 950
f 1416 1400 968
f 998 1416 968
f 1443 1416 998
f 1043 1443 998
f 1469 1443 1043
f 1097 1469 1043
f 1486 1469 1097
f 1426 1486 1097
f 1516 1486 1426
f 834 546 591
f 1098 835 547
f 501 1098 547
f 1044 1098 501
f 488 1044 501
f 999 1044 488
f 476 999 488
f 969 999 476
f 472 969 476
f 951 969 472
f 471 951 472
f 950 951 471
f 475 950 471
f 968 950 475
f 487 968 475
f 998 968 487
f 500 998 487
f 1043 998 500
f 546 1043 500
f 1097 1043 546
f 834 1097 546
f 1140 1097 834
f 547 592 298
f 263 547 298
f 501 547 263
f 235 501 263
f 488 501 235
f 224 488 235
f 476 488 224
f 219 476 224
f 472 476 219
f 218 472 219
f 471 472 218
f 223 471 218
f 475 471 223
f 234 475 223
f 487 475 234
f 262 487 234
f 500 487 262
f 297 500 262
f 546 500 297
f 347 546 297
f 591 546 347
f 343 177 183
f 298 348 178
f 176 298 178
f 263 298 176
f 170 263 176
f 235 263 170
f 168 235 170
f 224 235 168
f 166 224 168
f 219 224 166
f 165 219 166
f 218 219 165
f 167 218 165
f 223 218 167
f 169 223 167
f 234 223 169
f 175 234 169
f 262 234 175
f 177 262 175
f 297 262 177
f 343 297 177
f 347 297 343
f 149 136 137
f 153 149 137
f 173 149 153
f 178 174 150
f 148 178 150
f 176 178 148
f 144 176 148
f 170 176 144
f 142 170 144
f 168 170 142
f 140 168 142
f 166 168 140
f 139 166 140
f 165 166 139
f 141 165 139
f 167 165 141
f 143 167 141
f 169 167 143
f 147 169 143
f 175 169 147
f 149 175 147
f 177 175 149
f 173 177 149
f 183 177 173
f 3356 3765 3713
f 154 117 138
f 3849 3765 3356
f 146 81 117
f 154 146 117
f 162 146 154
f 174 162 154
f 172 162 174
f 184 172 174
f 237 172 184
f 344 237 184
f 239 237 344
f 348 239 344
f 493 239 348
f 592 493 348
f 586 493 592
f 835 586 592
f 1006 586 835
f 1141 1006 835
f 1274 1006 1141
f 1427 1274 1141
f 1451 1274 1427
f 1517 1451 1427
f 1771 1451 1517
f 1930 1771 1517
f 1774 1771 1930
f 1936 1774 1930
f 2712 1774 1936
f 2899 2712 1936
f 2970 2712 2899
f 3080 2970 2899
f 3356 2970 3080
f 3474 3356 3080
f 3849 3356 3474
f 145 116 80
f 137 116 145
f 3473 3764 3848
f 3355 3712 3764
f 3473 3355 3764
f 2969 3355 3473
f 3079 2969 3473
f 2711 2969 3079
f 2898 2711 3079
f 1773 2711 2898
f 1935 1773 2898
f 1770 1773 1935
f 1929 1770 1935
f 1450 1770 1929
f 1516 1450 1929
f 1273 1450 1516
f 1426 1273 1516
f 1005 1273 1426
f 1140 1005 1426
f 585 1005 1140
f 834 585 1140
f 492 585 834
f 591 492 834
f 238 492 591
f 347 238 591
f 236 238 347
f 343 236 347
f 171 236 343
f 183 171 343
f 161 171 183
f 173 161 183
f 145 161 173
f 153 145 173
f 137 145 153
f 63 45 75
f 9 13 45
f 63 9 45
f 7 9 63
f 42 7 63
f 5 7 42
f 28 5 42
f 3 5 28
f 16 3 28
f 1 3 16
f 11 1 16
f 2 1 11
f 12 2 11
f 4 2 12
f 17 4 12
f 6 4 17
f 29 6 17
f 8 6 29
f 43 8 29
f 10 8 43
f 64 10 43
f 10 64 76
f 46 10 76
f 14 10 46
f 4046 4033 4060
f 3970 3998 4033
f 4046 3970 4033
f 3908 3970 4046
f 4031 3908 4046
f 3870 3908 4031
f 4019 3870 4031
f 3843 3870 4019
f 4008 3843 4019
f 3825 3843 4008
f 3990 3825 4008
f 3824 3825 3990
f 3989 3824 3990
f 3842 3824 3989
f 4007 3842 3989
f 3869 3842 4007
f 4018 3869 4007
f 3907 3869 4018
f 4030 3907 4018
f 3969 3907 4030
f 4045 3969 4030
f 3969 4045 4059
f 4032 3969 4059
f 3997 3969 4032
f 3828 3866 3903
f 3937 3979 4012
f 4015 4029 4039
f 4063 4060 4033
f 4035 4063 4033
f 4028 4049 4052
f 4053 4028 4052
f 4035 4028 4053
f 4062 4035 4053
f 4063 4035 4062
f 4015 4039 4041
f 4042 4015 4041
f 4022 4015 4042
f 4048 4022 4042
f 4049 4022 4048
f 3937 4012 4016
f 4017 3937 4016
f 3982 3937 4017
f 4025 3982 4017
f 4029 3982 4025
f 3828 3903 3916
f 3926 3828 3916
f 3883 3828 3926
f 3966 3883 3926
f 3979 3883 3966
f 3866 3765 3849
f 3751 3828 3754
f 3765 3866 3828
f 3751 3765 3828
f 3713 3765 3751
f 3788 3754 3828
f 3883 3788 3828
f 3796 3788 3883
f 3883 3979 3937
f 3852 3883 3937
f 3796 3883 3852
f 3982 3900 3893
f 3890 3982 3893
f 3937 3982 3890
f 3861 3937 3890
f 3852 3937 3861
f 3982 4029 4015
f 3935 3982 4015
f 3900 3982 3935
f 4022 3974 3968
f 3967 4022 3968
f 4015 4022 3967
f 3943 4015 3967
f 3935 4015 3943
f 4022 4049 4028
f 3984 4022 4028
f 3974 4022 3984
f 4035 3999 3996
f 3995 4035 3996
f 4028 4035 3995
f 3988 4028 3995
f 3984 4028 3988
f 4003 3999 4035
f 4033 4003 4035
f 3998 4003 4033
f 3827 3728 3753
f 3936 3815 3860
f 4014 3910 3947
f 4002 3997 4032
f 4034 4002 4032
f 4027 3977 3991
f 3993 4027 3991
f 4034 4027 3993
f 4000 4034 3993
f 4002 4034 4000
f 4014 3947 3952
f 3960 4014 3952
f 4021 4014 3960
f 3975 4021 3960
f 3977 4021 3975
f 3936 3860 3868
f 3874 3936 3868
f 3981 3936 3874
f 3898 3981 3874
f 3910 3981 3898
f 3827 3753 3762
f 3768 3827 3762
f 3882 3827 3768
f 3799 3882 3768
f 3815 3882 3799
f 3728 3764 3712
f 3896 3827 3904
f 3764 3728 3827
f 3896 3764 3827
f 3848 3764 3896
f 3961 3904 3827
f 3882 3961 3827
f 3964 3961 3882
f 3882 3815 3936
f 4010 3882 3936
f 3964 3882 4010
f 3981 4026 4024
f 4023 3981 4024
f 3936 3981 4023
f 4013 3936 4023
f 4010 3936 4013
f 3981 3910 4014
f 4036 3981 4014
f 4026 3981 4036
f 4021 4047 4044
f 4043 4021 4044
f 4014 4021 4043
f 4038 4014 4043
f 4036 4014 4038
f 4021 3977 4027
f 4050 4021 4027
f 4047 4021 4050
f 4034 4061 4058
f 4057 4034 4058
f 4027 4034 4057
f 4051 4027 4057
f 4050 4027 4051
f 4064 4061 4034
f 4032 4064 4034
f 4059 4064 4032
f 48 15 20
f 58 26 31
f 72 38 40
f 71 80 116
f 109 71 116
f 98 54 61
f 62 98 61
f 109 98 62
f 70 109 62
f 71 109 70
f 72 40 44
f 47 72 44
f 87 72 47
f 53 87 47
f 54 87 53
f 58 31 32
f 33 58 32
f 66 58 33
f 37 66 33
f 38 66 37
f 48 20 21
f 22 48 21
f 55 48 22
f 25 55 22
f 26 55 25
f 15 45 13
f 82 48 83
f 45 15 48
f 82 45 48
f 75 45 82
f 91 83 48
f 55 91 48
f 92 91 55
f 55 26 58
f 95 55 58
f 92 55 95
f 66 106 105
f 104 66 105
f 58 66 104
f 96 58 104
f 95 58 96
f 66 38 72
f 111 66 72
f 106 66 111
f 87 122 121
f 120 87 121
f 72 87 120
f 113 72 120
f 111 72 113
f 87 54 98
f 125 87 98
f 122 87 125
f 109 131 130
f 129 109 130
f 98 109 129
f 126 98 129
f 125 98 126
f 136 131 109
f 116 136 109
f 137 136 116
f 49 79 84
f 59 94 97
f 73 108 112
f 135 138 117
f 110 135 117
f 99 124 127
f 128 99 127
f 110 99 128
f 132 110 128
f 135 110 132
f 73 112 114
f 115 73 114
f 88 73 115
f 123 88 115
f 124 88 123
f 59 97 100
f 101 59 100
f 67 59 101
f 107 67 101
f 108 67 107
f 49 84 85
f 86 49 85
f 56 49 86
f 93 56 86
f 94 56 93
f 79 46 76
f 18 49 19
f 46 79 49
f 18 46 49
f 14 46 18
f 23 19 49
f 56 23 49
f 24 23 56
f 56 94 59
f 27 56 59
f 24 56 27
f 67 36 35
f 34 67 35
f 59 67 34
f 30 59 34
f 27 59 30
f 67 108 73
f 39 67 73
f 36 67 39
f 88 52 51
f 50 88 51
f 73 88 50
f 41 73 50
f 39 73 41
f 88 124 99
f 57 88 99
f 52 88 57
f 110 69 68
f 65 110 68
f 99 110 65
f 60 99 65
f 57 99 60
f 74 69 110
f 117 74 110
f 81 74 117
f 708 740 766
f 707 695 705
f 626 650 575
f 462 469 455
f 516 561 512
f 632 655 621
f 1054 1035 1065
f 1227 1298 1283
f 464 428 412
f 460 464 412
f 412 428 427
f 419 412 427
f 365 412 419
f 398 365 419
f 382 365 398
f 460 518 489
f 468 460 489
f 464 460 468
f 506 636 581
f 558 506 581
f 514 506 558
f 535 514 558
f 703 660 627
f 623 703 627
f 718 703 623
f 633 718 623
f 744 718 633
f 648 744 633
f 758 744 648
f 664 758 648
f 769 758 664
f 687 769 664
f 781 769 687
f 715 781 687
f 786 781 715
f 743 786 715
f 798 786 743
f 802 798 743
f 767 802 743
f 817 802 767
f 792 817 767
f 826 817 792
f 833 826 792
f 839 826 833
f 839 852 849
f 881 864 859
f 849 881 859
f 883 918 916
f 1011 996 972
f 944 1011 972
f 918 1011 944
f 928 918 944
f 916 918 928
f 1061 996 1052
f 1063 1061 1052
f 1127 1063 1052
f 1129 1127 1052
f 1149 1127 1129
f 1179 1201 1193
f 1129 1179 1193
f 1160 1129 1193
f 1149 1129 1160
f 1227 1283 1257
f 1251 1227 1257
f 1179 1227 1251
f 1208 1179 1251
f 1201 1179 1208
f 1350 1298 1227
f 1289 1350 1227
f 1356 1350 1289
f 1384 1356 1289
f 1335 1384 1289
f 1402 1384 1335
f 1363 1437 1434
f 1421 1363 1434
f 1335 1363 1421
f 1409 1335 1421
f 1402 1335 1409
f 1448 1437 1363
f 1368 1448 1363
f 1453 1448 1368
f 1446 1453 1368
f 1364 1446 1368
f 1438 1446 1364
f 1337 1404 1408
f 1423 1337 1408
f 1364 1337 1423
f 1429 1364 1423
f 1438 1364 1429
f 1377 1404 1337
f 1292 1377 1337
f 1358 1377 1292
f 1229 1256 1285
f 1297 1229 1285
f 1292 1229 1297
f 1336 1292 1297
f 1358 1292 1336
f 1180 1189 1194
f 1210 1180 1194
f 1229 1180 1210
f 1240 1229 1210
f 1256 1229 1240
f 1159 1189 1180
f 1130 1159 1180
f 1150 1159 1130
f 1130 1054 1065
f 1112 1130 1065
f 1150 1130 1112
f 1015 921 930
f 963 1015 930
f 994 1015 963
f 914 898 880
f 827 766 816
f 766 740 797
f 801 766 797
f 816 766 801
f 778 662 770
f 770 644 755
f 755 625 738
f 617 655 698
f 714 617 698
f 738 617 714
f 570 632 621
f 503 570 621
f 561 570 503
f 485 459 467
f 512 459 485
f 511 512 485
f 516 512 511
f 430 411 420
f 459 411 430
f 445 459 430
f 467 459 445
f 396 420 411
f 364 396 411
f 381 396 364
f 320 338 340
f 367 320 340
f 364 320 367
f 375 364 367
f 381 364 375
f 286 292 280
f 257 286 280
f 284 286 257
f 280 292 296
f 307 280 296
f 320 280 307
f 325 320 307
f 338 320 325
f 278 284 257
f 255 278 257
f 276 278 255
f 275 276 255
f 258 275 255
f 282 275 258
f 258 291 288
f 285 258 288
f 282 258 285
f 309 291 258
f 281 309 258
f 329 309 281
f 322 329 281
f 339 329 322
f 365 382 376
f 373 365 376
f 322 365 373
f 350 322 373
f 339 322 350
f 449 462 455
f 423 449 455
f 437 449 423
f 387 372 414
f 418 387 414
f 423 387 418
f 431 423 418
f 437 423 431
f 372 359 402
f 405 372 402
f 414 372 405
f 359 353 386
f 393 359 386
f 402 359 393
f 353 358 379
f 380 353 379
f 386 353 380
f 358 369 394
f 391 358 394
f 379 358 391
f 369 385 406
f 403 369 406
f 394 369 403
f 385 422 435
f 417 385 435
f 406 385 417
f 521 525 491
f 486 521 491
f 473 521 486
f 563 572 529
f 590 702 670
f 589 590 670
f 645 589 670
f 567 589 645
f 545 567 645
f 619 545 645
f 543 545 619
f 534 543 619
f 605 534 619
f 531 534 605
f 527 531 605
f 600 527 605
f 528 527 600
f 530 528 600
f 606 530 600
f 533 530 606
f 541 533 606
f 620 541 606
f 544 541 620
f 564 544 620
f 647 564 620
f 568 564 647
f 577 568 647
f 672 577 647
f 597 577 672
f 672 705 695
f 671 672 695
f 597 672 671
f 752 707 820
f 824 752 820
f 729 752 824
f 729 824 737
f 630 729 737
f 611 729 630
f 603 611 630
f 565 603 630
f 560 603 565
f 539 560 565
f 524 539 565
f 510 539 524
f 498 510 524
f 496 498 524
f 484 498 496
f 762 736 708
f 766 762 708
f 790 762 766
f 827 790 766
f 837 790 827
f 495 554 521
f 473 495 521
f 452 495 473
f 458 452 473
f 422 452 458
f 436 422 458
f 435 422 436
f 563 529 525
f 521 563 525
f 574 563 521
f 554 574 521
f 680 574 554
f 680 783 787
f 713 680 787
f 574 680 713
f 634 574 713
f 563 574 634
f 626 563 634
f 572 563 626
f 575 572 626
f 713 787 797
f 740 713 797
f 634 713 740
f 708 634 740
f 626 634 708
f 736 626 708
f 650 626 736
f 702 650 736
f 685 650 702
f 590 685 702
f 480 484 496
f 479 480 496
f 469 480 479
f 433 469 479
f 455 469 433
f 390 455 433
f 423 455 390
f 362 423 390
f 387 423 362
f 333 387 362
f 372 387 333
f 317 372 333
f 359 372 317
f 302 359 317
f 353 359 302
f 315 353 302
f 358 353 315
f 332 358 315
f 369 358 332
f 361 369 332
f 385 369 361
f 384 385 361
f 422 385 384
f 432 422 384
f 452 422 432
f 478 452 432
f 495 452 478
f 536 495 478
f 554 495 536
f 662 554 536
f 680 554 662
f 778 680 662
f 783 680 778
f 820 707 705
f 672 820 705
f 815 820 672
f 647 815 672
f 811 815 647
f 620 811 647
f 809 811 620
f 606 809 620
f 805 809 606
f 600 805 606
f 800 805 600
f 605 800 600
f 804 800 605
f 619 804 605
f 808 804 619
f 645 808 619
f 810 808 645
f 670 810 645
f 814 810 670
f 702 814 670
f 819 814 702
f 736 819 702
f 823 819 736
f 762 823 736
f 828 823 762
f 790 828 762
f 832 828 790
f 837 832 790
f 847 832 837
f 512 561 503
f 446 512 503
f 459 512 446
f 400 459 446
f 411 459 400
f 351 411 400
f 364 411 351
f 295 364 351
f 320 364 295
f 265 320 295
f 280 320 265
f 244 280 265
f 257 280 244
f 233 257 244
f 255 257 233
f 245 255 233
f 258 255 245
f 266 258 245
f 281 258 266
f 299 281 266
f 322 281 299
f 352 322 299
f 365 322 352
f 401 365 352
f 412 365 401
f 448 412 401
f 460 412 448
f 621 655 617
f 502 621 617
f 503 621 502
f 443 503 502
f 446 503 443
f 397 446 443
f 400 446 397
f 346 400 397
f 351 400 346
f 293 351 346
f 295 351 293
f 259 295 293
f 265 295 259
f 240 265 259
f 244 265 240
f 231 244 240
f 233 244 231
f 241 233 231
f 245 233 241
f 261 245 241
f 266 245 261
f 294 266 261
f 299 266 294
f 349 299 294
f 352 299 349
f 399 352 349
f 401 352 399
f 444 401 399
f 448 401 444
f 617 738 625
f 507 617 625
f 502 617 507
f 450 502 507
f 443 502 450
f 404 443 450
f 397 443 404
f 355 397 404
f 346 397 355
f 310 346 355
f 293 346 310
f 270 293 310
f 259 293 270
f 252 259 270
f 240 259 252
f 242 240 252
f 231 240 242
f 253 231 242
f 241 231 253
f 271 241 253
f 261 241 271
f 313 261 271
f 294 261 313
f 356 294 313
f 349 294 356
f 407 349 356
f 399 349 407
f 451 399 407
f 444 399 451
f 625 755 644
f 519 625 644
f 507 625 519
f 465 507 519
f 450 507 465
f 415 450 465
f 404 450 415
f 368 404 415
f 355 404 368
f 328 355 368
f 310 355 328
f 289 310 328
f 270 310 289
f 272 270 289
f 252 270 272
f 267 252 272
f 242 252 267
f 273 242 267
f 253 242 273
f 290 253 273
f 271 253 290
f 331 271 290
f 313 271 331
f 370 313 331
f 356 313 370
f 416 356 370
f 407 356 416
f 466 407 416
f 451 407 466
f 644 770 662
f 536 644 662
f 519 644 536
f 478 519 536
f 465 519 478
f 432 465 478
f 415 465 432
f 384 415 432
f 368 415 384
f 361 368 384
f 328 368 361
f 332 328 361
f 289 328 332
f 315 289 332
f 272 289 315
f 302 272 315
f 267 272 302
f 317 267 302
f 273 267 317
f 333 273 317
f 290 273 333
f 362 290 333
f 331 290 362
f 390 331 362
f 370 331 390
f 433 370 390
f 416 370 433
f 479 416 433
f 466 416 479
f 737 824 829
f 763 737 829
f 630 737 763
f 710 630 763
f 565 630 710
f 637 565 710
f 524 565 637
f 576 524 637
f 496 524 576
f 559 496 576
f 479 496 559
f 538 479 559
f 466 479 538
f 522 466 538
f 451 466 522
f 509 451 522
f 444 451 509
f 504 444 509
f 448 444 504
f 506 448 504
f 460 448 506
f 514 460 506
f 518 460 514
f 535 518 514
f 1052 996 1011
f 1093 1052 1011
f 1129 1052 1093
f 1138 1129 1093
f 1179 1129 1138
f 1176 1179 1138
f 1227 1179 1176
f 1204 1227 1176
f 1289 1227 1204
f 1233 1289 1204
f 1335 1289 1233
f 1253 1335 1233
f 1363 1335 1253
f 1265 1363 1253
f 1368 1363 1265
f 1255 1368 1265
f 1364 1368 1255
f 1235 1364 1255
f 1337 1364 1235
f 1206 1337 1235
f 1292 1337 1206
f 1177 1292 1206
f 1229 1292 1177
f 1139 1229 1177
f 1180 1229 1139
f 1094 1180 1139
f 1130 1180 1094
f 1015 1130 1094
f 1054 1130 1015
f 994 1054 1015
f 1035 1054 994
f 763 829 833
f 792 763 833
f 710 763 792
f 767 710 792
f 637 710 767
f 743 637 767
f 576 637 743
f 715 576 743
f 559 576 715
f 687 559 715
f 538 559 687
f 664 538 687
f 522 538 664
f 648 522 664
f 509 522 648
f 633 509 648
f 504 509 633
f 623 504 633
f 506 504 623
f 627 506 623
f 636 506 627
f 660 636 627
f 852 839 833
f 829 852 833
f 874 852 829
f 824 874 829
f 888 874 824
f 820 888 824
f 902 888 820
f 815 902 820
f 912 902 815
f 811 912 815
f 931 912 811
f 809 931 811
f 936 931 809
f 805 936 809
f 940 936 805
f 800 940 805
f 943 940 800
f 804 943 800
f 941 943 804
f 808 941 804
f 937 941 808
f 810 937 808
f 932 937 810
f 814 932 810
f 915 932 814
f 819 915 814
f 903 915 819
f 823 903 819
f 889 903 823
f 828 889 823
f 875 889 828
f 832 875 828
f 853 875 832
f 847 853 832
f 861 853 847
f 881 849 852
f 874 881 852
f 911 881 874
f 888 911 874
f 955 911 888
f 902 955 888
f 1002 955 902
f 912 1002 902
f 1031 1002 912
f 931 1031 912
f 1059 1031 931
f 936 1059 931
f 1074 1059 936
f 940 1074 936
f 1088 1074 940
f 943 1088 940
f 1091 1088 943
f 941 1091 943
f 1089 1091 941
f 937 1089 941
f 1076 1089 937
f 932 1076 937
f 1060 1076 932
f 915 1060 932
f 1033 1060 915
f 903 1033 915
f 1003 1033 903
f 889 1003 903
f 956 1003 889
f 875 956 889
f 913 956 875
f 853 913 875
f 882 913 853
f 861 882 853
f 880 882 861
f 882 880 898
f 967 882 898
f 913 882 967
f 1032 913 967
f 956 913 1032
f 1087 956 1032
f 1003 956 1087
f 1124 1003 1087
f 1033 1003 1124
f 1146 1033 1124
f 1060 1033 1146
f 1163 1060 1146
f 1076 1060 1163
f 1171 1076 1163
f 1089 1076 1171
f 1174 1089 1171
f 1091 1089 1174
f 1170 1091 1174
f 1088 1091 1170
f 1162 1088 1170
f 1074 1088 1162
f 1145 1074 1162
f 1059 1074 1145
f 1123 1059 1145
f 1031 1059 1123
f 1086 1031 1123
f 1002 1031 1086
f 1029 1002 1086
f 955 1002 1029
f 965 955 1029
f 911 955 965
f 896 911 965
f 881 911 896
f 883 864 881
f 896 883 881
f 918 883 896
f 965 918 896
f 1011 918 965
f 1029 1011 965
f 1093 1011 1029
f 1086 1093 1029
f 1138 1093 1086
f 1123 1138 1086
f 1176 1138 1123
f 1145 1176 1123
f 1204 1176 1145
f 1162 1204 1145
f 1233 1204 1162
f 1170 1233 1162
f 1253 1233 1170
f 1174 1253 1170
f 1265 1253 1174
f 1171 1265 1174
f 1255 1265 1171
f 1163 1255 1171
f 1235 1255 1163
f 1146 1235 1163
f 1206 1235 1146
f 1124 1206 1146
f 1177 1206 1124
f 1087 1177 1124
f 1139 1177 1087
f 1032 1139 1087
f 1094 1139 1032
f 967 1094 1032
f 1015 1094 967
f 898 1015 967
f 921 1015 898
f 914 921 898
f 930 921 914
f 572 681 529
f 681 572 575
f 650 681 575
f 685 681 650
f 456 525 529
f 473 456 458
f 456 473 486
f 491 456 486
f 525 456 491
f 729 697 752
f 697 729 611
f 603 697 611
f 560 697 603
f 463 560 539
f 510 463 539
f 463 510 498
f 484 463 498
f 480 463 484
f 697 560 463
f 438 697 463
f 599 697 438
f 413 599 438
f 556 599 413
f 378 556 413
f 508 556 378
f 345 508 378
f 481 508 345
f 311 481 345
f 447 481 311
f 268 447 311
f 424 447 268
f 228 424 268
f 392 424 228
f 212 392 228
f 366 392 212
f 198 366 212
f 336 366 198
f 195 336 198
f 312 336 195
f 192 312 195
f 283 312 192
f 188 283 192
f 269 283 188
f 185 269 188
f 256 269 185
f 2633 2744 3402
f 3303 2633 3402
f 3402 3607 3650
f 3402 2744 2904
f 3020 3402 2904
f 3094 3402 3020
f 2633 3303 3205
f 3116 2633 3205
f 3033 2633 3116
f 2633 3033 2923
f 2771 2633 2923
f 2659 2633 2771
f 3402 3094 3182
f 3283 3402 3182
f 3384 3402 3283
f 3402 3650 3666
f 3678 3402 3666
f 3668 3402 3678
f 2234 2202 2199
f 2225 2234 2199
f 2285 2234 2225
f 2389 2285 2225
f 2272 2389 2225
f 2360 2389 2272
f 2633 2659 2533
f 2389 2633 2533
f 2514 2633 2389
f 2360 2514 2389
f 3402 3384 3505
f 3548 3402 3505
f 3607 3402 3548
f 3402 3668 3657
f 3618 3402 3657
f 3511 3402 3618
f 3558 3511 3618
f 3928 3980 3921
f 3980 3928 3963
f 3983 3980 3963
f 4005 3980 3983
f 4005 3983 3994
f 4011 4005 3994
f 3986 4005 4011
f 4001 3986 4011
f 3986 4001 3992
f 3971 3986 3992
f 3939 3986 3971
f 3944 3939 3971
f 3851 3939 3944
f 3892 3851 3944
f 3851 3892 3855
f 3787 3851 3855
f 3739 3851 3787
f 3742 3739 3787
f 3651 3739 3742
f 3686 3651 3742
f 3651 3686 3653
f 3594 3651 3653
f 3537 3651 3594
f 3540 3537 3594
f 3405 3537 3540
f 3405 3540 3504
f 3411 3405 3504
f 3256 3405 3411
f 3344 3256 3411
f 3256 3344 3258
f 3187 3256 3258
f 3132 3256 3187
f 3134 3132 3187
f 3007 3132 3134
f 3007 3134 3050
f 3006 3007 3050
f 2831 3007 3006
f 2931 2831 3006
f 2831 2931 2829
f 2728 2831 2829
f 2631 2831 2728
f 2630 2631 2728
f 2395 2631 2630
f 2532 2395 2630
f 2395 2532 2393
f 2284 2395 2393
f 2204 2395 2284
f 2201 2204 2284
f 2029 2204 2201
f 2029 2201 2095
f 2026 2029 2095
f 1924 2029 2026
f 1924 2026 1966
f 1920 1924 1966
f 1850 1924 1920
f 1850 1920 1888
f 1848 1850 1888
f 1817 1850 1848
f 1817 1848 1833
f 1813 1817 1833
f 1815 1817 1813
f 1812 1815 1813
f 1815 1812 1811
f 1826 1815 1811
f 1842 1815 1826
f 1840 1842 1826
f 1908 1842 1840
f 1908 1840 1874
f 1906 1908 1874
f 2005 1908 1906
f 1950 2005 1906
f 2005 1950 2003
f 2065 2005 2003
f 2187 2005 2065
f 2187 2065 2181
f 2259 2187 2181
f 2342 2187 2259
f 2342 2259 2338
f 2495 2342 2338
f 2561 2342 2495
f 2561 2495 2560
f 2697 2561 2560
f 2778 2561 2697
f 2776 2778 2697
f 2972 2778 2776
f 2897 2972 2776
f 2972 2897 2971
f 3039 2972 2971
f 3106 2972 3039
f 3106 3039 3107
f 3160 3106 3107
f 3232 3106 3160
f 3232 3160 3235
f 3302 3232 3235
f 3380 3232 3302
f 3381 3380 3302
f 3521 3380 3381
f 3443 3521 3381
f 3521 3443 3523
f 3571 3521 3523
f 3631 3521 3571
f 3633 3631 3571
f 3725 3631 3633
f 3672 3725 3633
f 3725 3672 3727
f 3769 3725 3727
f 3831 3725 3769
f 3835 3831 3769
f 3921 3831 3835
f 3879 3921 3835
f 3928 3921 3879
f 3631 3725 3716
f 3626 3631 3716
f 3521 3631 3626
f 3519 3521 3626
f 3380 3521 3519
f 3378 3380 3519
f 3232 3380 3378
f 3229 3232 3378
f 3106 3232 3229
f 3103 3106 3229
f 2972 3106 3103
f 2974 2972 3103
f 2778 2972 2974
f 2784 2778 2974
f 2561 2778 2784
f 2570 2561 2784
f 2342 2561 2570
f 2359 2342 2570
f 2187 2342 2359
f 2194 2187 2359
f 2005 2187 2194
f 2020 2005 2194
f 1908 2005 2020
f 1919 1908 2020
f 1842 1908 1919
f 1852 1842 1919
f 1815 1842 1852
f 1827 1815 1852
f 1817 1815 1827
f 1830 1817 1827
f 1850 1817 1830
f 1866 1850 1830
f 1924 1850 1866
f 1931 1924 1866
f 2029 1924 1931
f 2039 2029 1931
f 2204 2029 2039
f 2214 2204 2039
f 2395 2204 2214
f 2409 2395 2214
f 2631 2395 2409
f 2638 2631 2409
f 2831 2631 2638
f 2834 2831 2638
f 3007 2831 2834
f 3008 3007 2834
f 3132 3007 3008
f 3131 3132 3008
f 3256 3132 3131
f 3255 3256 3131
f 3405 3256 3255
f 3400 3405 3255
f 3537 3405 3400
f 3535 3537 3400
f 3651 3537 3535
f 3644 3651 3535
f 3739 3651 3644
f 3733 3739 3644
f 3851 3739 3733
f 3840 3851 3733
f 3939 3851 3840
f 3924 3939 3840
f 3986 3939 3924
f 3978 3986 3924
f 4005 3986 3978
f 3987 4005 3978
f 3980 4005 3987
f 3973 3980 3987
f 3921 3980 3973
f 3909 3921 3973
f 3831 3921 3909
f 3812 3831 3909
f 3725 3831 3812
f 3716 3725 3812
f 3626 3716 3700
f 3616 3626 3700
f 3519 3626 3616
f 3516 3519 3616
f 3378 3519 3516
f 3370 3378 3516
f 3229 3378 3370
f 3225 3229 3370
f 3103 3229 3225
f 3102 3103 3225
f 2974 3103 3102
f 2977 2974 3102
f 2784 2974 2977
f 2796 2784 2977
f 2570 2784 2796
f 2605 2570 2796
f 2359 2570 2605
f 2382 2359 2605
f 2194 2359 2382
f 2203 2194 2382
f 2020 2194 2203
f 2032 2020 2203
f 1919 2020 2032
f 1938 1919 2032
f 1852 1919 1938
f 1881 1852 1938
f 1827 1852 1881
f 1843 1827 1881
f 1830 1827 1843
f 1847 1830 1843
f 1866 1830 1847
f 1889 1866 1847
f 1931 1866 1889
f 1951 1931 1889
f 2039 1931 1951
f 2055 2039 1951
f 2214 2039 2055
f 2232 2214 2055
f 2409 2214 2232
f 2428 2409 2232
f 2638 2409 2428
f 2651 2638 2428
f 2834 2638 2651
f 2842 2834 2651
f 3008 2834 2842
f 3012 3008 2842
f 3131 3008 3012
f 3130 3131 3012
f 3255 3131 3130
f 3254 3255 3130
f 3400 3255 3254
f 3392 3400 3254
f 3535 3400 3392
f 3530 3535 3392
f 3644 3535 3530
f 3635 3644 3530
f 3733 3644 3635
f 3723 3733 3635
f 3840 3733 3723
f 3813 3840 3723
f 3924 3840 3813
f 3899 3924 3813
f 3978 3924 3899
f 3962 3978 3899
f 3987 3978 3962
f 3972 3987 3962
f 3973 3987 3972
f 3956 3973 3972
f 3909 3973 3956
f 3888 3909 3956
f 3812 3909 3888
f 3792 3812 3888
f 3716 3812 3792
f 3700 3716 3792
f 3616 3700 3682
f 3602 3616 3682
f 3516 3616 3602
f 3512 3516 3602
f 3370 3516 3512
f 3368 3370 3512
f 3225 3370 3368
f 3224 3225 3368
f 3102 3225 3224
f 3101 3102 3224
f 2977 3102 3101
f 2980 2977 3101
f 2796 2977 2980
f 2813 2796 2980
f 2605 2796 2813
f 2624 2605 2813
f 2382 2605 2624
f 2408 2382 2624
f 2203 2382 2408
f 2227 2203 2408
f 2032 2203 2227
f 2059 2032 2227
f 1938 2032 2059
f 1959 1938 2059
f 1881 1938 1959
f 1903 1881 1959
f 1843 1881 1903
f 1877 1843 1903
f 1847 1843 1877
f 1883 1847 1877
f 1889 1847 1883
f 1913 1889 1883
f 1951 1889 1913
f 1976 1951 1913
f 2055 1951 1976
f 2078 2055 1976
f 2232 2055 2078
f 2253 2232 2078
f 2428 2232 2253
f 2461 2428 2253
f 2651 2428 2461
f 2665 2651 2461
f 2842 2651 2665
f 2849 2842 2665
f 3012 2842 2849
f 3016 3012 2849
f 3130 3012 3016
f 3129 3130 3016
f 3254 3130 3129
f 3252 3254 3129
f 3392 3254 3252
f 3386 3392 3252
f 3530 3392 3386
f 3520 3530 3386
f 3635 3530 3520
f 3623 3635 3520
f 3723 3635 3623
f 3704 3723 3623
f 3813 3723 3704
f 3782 3813 3704
f 3899 3813 3782
f 3875 3899 3782
f 3962 3899 3875
f 3922 3962 3875
f 3972 3962 3922
f 3940 3972 3922
f 3956 3972 3940
f 3914 3956 3940
f 3888 3956 3914
f 3864 3888 3914
f 3792 3888 3864
f 3770 3792 3864
f 3700 3792 3770
f 3682 3700 3770
f 3602 3682 3667
f 3585 3602 3667
f 3512 3602 3585
f 3508 3512 3585
f 3368 3512 3508
f 3365 3368 3508
f 3224 3368 3365
f 3222 3224 3365
f 3101 3224 3222
f 3100 3101 3222
f 2980 3101 3100
f 2986 2980 3100
f 2813 2980 2986
f 2825 2813 2986
f 2624 2813 2825
f 2647 2624 2825
f 2408 2624 2647
f 2449 2408 2647
f 2227 2408 2449
f 2256 2227 2449
f 2059 2227 2256
f 2092 2059 2256
f 1959 2059 2092
f 1996 1959 2092
f 1903 1959 1996
f 1934 1903 1996
f 1877 1903 1934
f 1909 1877 1934
f 1883 1877 1909
f 1911 1883 1909
f 1913 1883 1911
f 1940 1913 1911
f 1976 1913 1940
f 2013 1976 1940
f 2078 1976 2013
f 2128 2078 2013
f 2253 2078 2128
f 2278 2253 2128
f 2461 2253 2278
f 2501 2461 2278
f 2665 2461 2501
f 2679 2665 2501
f 2849 2665 2679
f 2861 2849 2679
f 3016 2849 2861
f 3021 3016 2861
f 3129 3016 3021
f 3127 3129 3021
f 3252 3129 3127
f 3249 3252 3127
f 3386 3252 3249
f 3379 3386 3249
f 3520 3386 3379
f 3515 3520 3379
f 3623 3520 3515
f 3606 3623 3515
f 3704 3623 3606
f 3681 3704 3606
f 3782 3704 3681
f 3760 3782 3681
f 3875 3782 3760
f 3841 3875 3760
f 3922 3875 3841
f 3886 3922 3841
f 3940 3922 3886
f 3895 3940 3886
f 3914 3940 3895
f 3877 3914 3895
f 3864 3914 3877
f 3826 3864 3877
f 3770 3864 3826
f 3747 3770 3826
f 3682 3770 3747
f 3667 3682 3747
f 3585 3667 3658
f 3567 3585 3658
f 3508 3585 3567
f 3465 3508 3567
f 3365 3508 3465
f 3354 3365 3465
f 3222 3365 3354
f 3218 3222 3354
f 3100 3222 3218
f 3099 3100 3218
f 2986 3100 3099
f 2991 2986 3099
f 2825 2986 2991
f 2839 2825 2991
f 2647 2825 2839
f 2669 2647 2839
f 2449 2647 2669
f 2496 2449 2669
f 2256 2449 2496
f 2282 2256 2496
f 2092 2256 2282
f 2169 2092 2282
f 1996 2092 2169
f 2037 1996 2169
f 1934 1996 2037
f 1971 1934 2037
f 1909 1934 1971
f 1945 1909 1971
f 1911 1909 1945
f 1949 1911 1945
f 1940 1911 1949
f 1982 1940 1949
f 2013 1940 1982
f 2050 2013 1982
f 2128 2013 2050
f 2193 2128 2050
f 2278 2128 2193
f 2311 2278 2193
f 2501 2278 2311
f 2525 2501 2311
f 2679 2501 2525
f 2701 2679 2525
f 2861 2679 2701
f 2870 2861 2701
f 3021 2861 2870
f 3024 3021 2870
f 3127 3021 3024
f 3126 3127 3024
f 3249 3127 3126
f 3239 3249 3126
f 3379 3249 3239
f 3369 3379 3239
f 3515 3379 3369
f 3510 3515 3369
f 3606 3515 3510
f 3584 3606 3510
f 3681 3606 3584
f 3664 3681 3584
f 3760 3681 3664
f 3734 3760 3664
f 3841 3760 3734
f 3790 3841 3734
f 3886 3841 3790
f 3845 3886 3790
f 3895 3886 3845
f 3857 3895 3845
f 3877 3895 3857
f 3838 3877 3857
f 3826 3877 3838
f 3777 3826 3838
f 3747 3826 3777
f 3722 3747 3777
f 3667 3747 3722
f 3658 3667 3722
f 3567 3658 3632
f 3546 3567 3632
f 3465 3567 3546
f 3439 3465 3546
f 3354 3465 3439
f 3338 3354 3439
f 3218 3354 3338
f 3207 3218 3338
f 3099 3218 3207
f 3097 3099 3207
f 2991 3099 3097
f 2997 2991 3097
f 2839 2991 2997
f 2856 2839 2997
f 2669 2839 2856
f 2687 2669 2856
f 2496 2669 2687
f 2527 2496 2687
f 2282 2496 2527
f 2320 2282 2527
f 2169 2282 2320
f 2206 2169 2320
f 2037 2169 2206
f 2079 2037 2206
f 1971 2037 2079
f 2025 1971 2079
f 1945 1971 2025
f 1994 1945 2025
f 1949 1945 1994
f 1999 1949 1994
f 1982 1949 1999
f 2031 1982 1999
f 2050 1982 2031
f 2097 2050 2031
f 2193 2050 2097
f 2228 2193 2097
f 2311 2193 2228
f 2355 2311 2228
f 2525 2311 2355
f 2547 2525 2355
f 2701 2525 2547
f 2723 2701 2547
f 2870 2701 2723
f 2884 2870 2723
f 3024 2870 2884
f 3027 3024 2884
f 3126 3024 3027
f 3122 3126 3027
f 3239 3126 3122
f 3228 3239 3122
f 3369 3239 3228
f 3364 3369 3228
f 3510 3369 3364
f 3476 3510 3364
f 3584 3510 3476
f 3564 3584 3476
f 3664 3584 3564
f 3648 3664 3564
f 3734 3664 3648
f 3699 3734 3648
f 3790 3734 3699
f 3756 3790 3699
f 3845 3790 3756
f 3785 3845 3756
f 3857 3845 3785
f 3802 3857 3785
f 3838 3857 3802
f 3780 3838 3802
f 3777 3838 3780
f 3745 3777 3780
f 3722 3777 3745
f 3685 3722 3745
f 3658 3722 3685
f 3632 3658 3685
f 3546 3632 3605
f 3529 3546 3605
f 3439 3546 3529
f 3426 3439 3529
f 3338 3439 3426
f 3312 3338 3426
f 3207 3338 3312
f 3195 3207 3312
f 3097 3207 3195
f 3096 3097 3195
f 2997 3097 3096
f 3002 2997 3096
f 2856 2997 3002
f 2867 2856 3002
f 2687 2856 2867
f 2718 2687 2867
f 2527 2687 2718
f 2549 2527 2718
f 2320 2527 2549
f 2384 2320 2549
f 2206 2320 2384
f 2252 2206 2384
f 2079 2206 2252
f 2177 2079 2252
f 2025 2079 2177
f 2072 2025 2177
f 1994 2025 2072
f 2042 1994 2072
f 1999 1994 2042
f 2048 1999 2042
f 2031 1999 2048
f 2082 2031 2048
f 2097 2031 2082
f 2190 2097 2082
f 2228 2097 2190
f 2268 2228 2190
f 2355 2228 2268
f 2415 2355 2268
f 2547 2355 2415
f 2557 2547 2415
f 2723 2547 2557
f 2735 2723 2557
f 2884 2723 2735
f 2900 2884 2735
f 3027 2884 2900
f 3028 3027 2900
f 3122 3027 3028
f 3121 3122 3028
f 3228 3122 3121
f 3223 3228 3121
f 3364 3228 3223
f 3349 3364 3223
f 3476 3364 3349
f 3440 3476 3349
f 3564 3476 3440
f 3541 3564 3440
f 3648 3564 3541
f 3619 3648 3541
f 3699 3648 3619
f 3670 3699 3619
f 3756 3699 3670
f 3720 3756 3670
f 3785 3756 3720
f 3748 3785 3720
f 3802 3785 3748
f 3758 3802 3748
f 3780 3802 3758
f 3743 3780 3758
f 3745 3780 3743
f 3711 3745 3743
f 3685 3745 3711
f 3663 3685 3711
f 3632 3685 3663
f 3605 3632 3663
f 3529 3605 3573
f 3514 3529 3573
f 3426 3529 3514
f 3410 3426 3514
f 3312 3426 3410
f 3294 3312 3410
f 3195 3312 3294
f 3191 3195 3294
f 3096 3195 3191
f 3095 3096 3191
f 3002 3096 3095
f 3009 3002 3095
f 2867 3002 3009
f 2885 2867 3009
f 2718 2867 2885
f 2730 2718 2885
f 2549 2718 2730
f 2563 2549 2730
f 2384 2549 2563
f 2450 2384 2563
f 2252 2384 2450
f 2301 2252 2450
f 2177 2252 2301
f 2219 2177 2301
f 2072 2177 2219
f 2174 2072 2219
f 2042 2072 2174
f 2111 2042 2174
f 2048 2042 2111
f 2119 2048 2111
f 2082 2048 2119
f 2184 2082 2119
f 2190 2082 2184
f 2236 2190 2184
f 2268 2190 2236
f 2315 2268 2236
f 2415 2268 2315
f 2484 2415 2315
f 2557 2415 2484
f 2620 2557 2484
f 2735 2557 2620
f 2746 2735 2620
f 2900 2735 2746
f 2909 2900 2746
f 3028 2900 2909
f 3029 3028 2909
f 3121 3028 3029
f 3119 3121 3029
f 3223 3121 3119
f 3216 3223 3119
f 3349 3223 3216
f 3321 3349 3216
f 3440 3349 3321
f 3424 3440 3321
f 3541 3440 3424
f 3522 3541 3424
f 3619 3541 3522
f 3587 3619 3522
f 3670 3619 3587
f 3649 3670 3587
f 3720 3670 3649
f 3680 3720 3649
f 3748 3720 3680
f 3708 3748 3680
f 3758 3748 3708
f 3718 3758 3708
f 3743 3758 3718
f 3705 3743 3718
f 3711 3743 3705
f 3675 3711 3705
f 3663 3711 3675
f 3640 3663 3675
f 3605 3663 3640
f 3573 3605 3640
f 3514 3573 3548
f 3505 3514 3548
f 3410 3514 3505
f 3384 3410 3505
f 3294 3410 3384
f 3283 3294 3384
f 3191 3294 3283
f 3182 3191 3283
f 3095 3191 3182
f 3094 3095 3182
f 3009 3095 3094
f 3020 3009 3094
f 2885 3009 3020
f 2904 2885 3020
f 2730 2885 2904
f 2744 2730 2904
f 2563 2730 2744
f 2633 2563 2744
f 2450 2563 2633
f 2514 2450 2633
f 2301 2450 2514
f 2360 2301 2514
f 2219 2301 2360
f 2272 2219 2360
f 2174 2219 2272
f 2225 2174 2272
f 2111 2174 2225
f 2199 2111 2225
f 2119 2111 2199
f 2202 2119 2199
f 2184 2119 2202
f 2234 2184 2202
f 2236 2184 2234
f 2285 2236 2234
f 2315 2236 2285
f 2389 2315 2285
f 2484 2315 2389
f 2533 2484 2389
f 2620 2484 2533
f 2659 2620 2533
f 2746 2620 2659
f 2771 2746 2659
f 2909 2746 2771
f 2923 2909 2771
f 3029 2909 2923
f 3033 3029 2923
f 3119 3029 3033
f 3116 3119 3033
f 3216 3119 3116
f 3205 3216 3116
f 3321 3216 3205
f 3303 3321 3205
f 3424 3321 3303
f 3402 3424 3303
f 3522 3424 3402
f 3511 3522 3402
f 3587 3522 3511
f 3558 3587 3511
f 3649 3587 3558
f 3618 3649 3558
f 3680 3649 3618
f 3657 3680 3618
f 3708 3680 3657
f 3668 3708 3657
f 3718 3708 3668
f 3678 3718 3668
f 3705 3718 3678
f 3666 3705 3678
f 3675 3705 3666
f 3650 3675 3666
f 3640 3675 3650
f 3607 3640 3650
f 3573 3640 3607
f 3548 3573 3607
f 4473 4482 4462
f 4358 4422 4353
f 4308 4334 4305
f 4261 4287 4255
f 4211 4241 4207
f 4163 4193 4155
f 4112 4146 4106
f 3539 3398 3385
f 3046 2948 2911
f 4540 4484 4549
f 4398 4335 4417
f 4277 4259 4290
f 4232 4205 4248
f 4140 4130 4158
f 4094 4055 4110
f 3867 3542 4037
f 2937 2725 3098
f 2208 1835 2553
f 1464 1191 1203
f 1205 1464 1203
f 1223 1464 1205
f 1464 1223 1226
f 1252 1464 1226
f 1259 1464 1252
f 1464 1259 1286
f 1294 1464 1286
f 1328 1464 1294
f 1464 1328 1334
f 1365 1464 1334
f 1367 1464 1365
f 1464 1367 1370
f 1396 1464 1370
f 1405 1464 1396
f 1464 1405 1433
f 1436 1464 1433
f 1445 1464 1436
f 1464 1445 1463
f 1466 1464 1463
f 1565 1464 1466
f 1477 1447 1435
f 1430 1477 1435
f 1419 1477 1430
f 1155 1415 1410
f 1398 1155 1410
f 1391 1155 1398
f 1155 1391 1386
f 1372 1155 1386
f 1355 1155 1372
f 1155 1355 1352
f 1339 1155 1352
f 1338 1155 1339
f 1155 1338 1329
f 1318 1155 1329
f 1306 1155 1318
f 1277 1009 1300
f 1009 1277 1271
f 1264 1009 1271
f 1244 1009 1264
f 1477 1701 1590
f 1460 1477 1590
f 1447 1477 1460
f 1721 2035 1728
f 2911 2306 2344
f 2383 2911 2344
f 3046 2420 2431
f 2911 2383 2394
f 2404 2911 2394
f 3046 2911 2404
f 2419 3046 2404
f 2420 3046 2419
f 3046 2431 2434
f 2435 3046 2434
f 2438 3046 2435
f 3046 2438 2433
f 2429 3046 2433
f 2417 3046 2429
f 3046 2417 2403
f 2402 3046 2403
f 2400 3046 2402
f 2391 2387 2358
f 2345 2391 2358
f 2391 2345 2329
f 2317 2391 2329
f 2294 2391 2317
f 4484 4443 4486
f 4515 4484 4486
f 4484 4515 4520
f 4523 4484 4520
f 4533 4484 4523
f 4484 4533 4534
f 4536 4484 4534
f 4537 4484 4536
f 4484 4537 4543
f 4544 4484 4543
f 4545 4484 4544
f 4484 4545 4546
f 4547 4484 4546
f 4548 4484 4547
f 4484 4548 4550
f 4551 4484 4550
f 4552 4484 4551
f 4484 4552 4554
f 4555 4484 4554
f 4556 4484 4555
f 4484 4556 4557
f 4553 4484 4557
f 4549 4484 4553
f 4398 4417 4443
f 4484 4398 4443
f 4481 4398 4484
f 4540 4481 4484
f 4531 4481 4540
f 1155 1280 1477
f 1419 1155 1477
f 1415 1155 1419
f 1721 1728 1701
f 1477 1721 1701
f 1581 1721 1477
f 1280 1581 1477
f 1464 1581 1280
f 1464 1565 1769
f 1687 1464 1769
f 1581 1464 1687
f 1905 1581 1687
f 1721 1581 1905
f 2391 1721 1905
f 2035 1721 2391
f 2294 2035 2391
f 1687 1769 1835
f 2208 1687 1835
f 1905 1687 2208
f 2696 1905 2208
f 2391 1905 2696
f 3046 2391 2696
f 2387 2391 3046
f 2400 2387 3046
f 1009 953 1155
f 1306 1009 1155
f 1300 1009 1306
f 1148 1191 1464
f 1280 1148 1464
f 976 1148 1280
f 1155 976 1280
f 773 976 1155
f 953 773 1155
f 555 773 953
f 3539 3385 2948
f 3046 3539 2948
f 3199 3539 3046
f 2696 3199 3046
f 2937 3199 2696
f 2208 2937 2696
f 2725 2937 2208
f 2553 2725 2208
f 4054 4102 3945
f 3923 4054 3945
f 4054 3923 3398
f 3539 4054 3398
f 3676 4054 3539
f 3199 3676 3539
f 3373 3676 3199
f 2937 3373 3199
f 3383 3373 2937
f 3098 3383 2937
f 4112 4106 4102
f 4054 4112 4102
f 4079 4112 4054
f 3676 4079 4054
f 3867 4079 3676
f 3373 3867 3676
f 3542 3867 3373
f 3383 3542 3373
f 4163 4155 4146
f 4112 4163 4146
f 4125 4163 4112
f 4079 4125 4112
f 4094 4125 4079
f 3867 4094 4079
f 4055 4094 3867
f 4037 4055 3867
f 4211 4207 4193
f 4163 4211 4193
f 4173 4211 4163
f 4125 4173 4163
f 4140 4173 4125
f 4094 4140 4125
f 4130 4140 4094
f 4110 4130 4094
f 4261 4255 4241
f 4211 4261 4241
f 4220 4261 4211
f 4173 4220 4211
f 4186 4220 4173
f 4140 4186 4173
f 4197 4186 4140
f 4158 4197 4140
f 4308 4305 4287
f 4261 4308 4287
f 4267 4308 4261
f 4220 4267 4261
f 4232 4267 4220
f 4186 4232 4220
f 4205 4232 4186
f 4197 4205 4186
f 4358 4353 4334
f 4308 4358 4334
f 4315 4358 4308
f 4267 4315 4308
f 4277 4315 4267
f 4232 4277 4267
f 4259 4277 4232
f 4248 4259 4232
f 4473 4462 4422
f 4358 4473 4422
f 4374 4473 4358
f 4315 4374 4358
f 4327 4374 4315
f 4277 4327 4315
f 4322 4327 4277
f 4290 4322 4277
f 4531 4512 4482
f 4473 4531 4482
f 4481 4531 4473
f 4374 4481 4473
f 4398 4481 4374
f 4327 4398 4374
f 4335 4398 4327
f 4322 4335 4327
f 3265 3420 3154
f 4309 4268 4320
f 2901 2264 3037
f 4214 4216 4230
f 551 646 726
f 2543 1849 1853
f 1676 1578 1720
f 1722 1676 1720
f 1676 1722 1731
f 1733 1676 1731
f 1740 1676 1733
f 2264 1744 1747
f 2264 1747 1757
f 1776 2264 1757
f 1780 2264 1776
f 2264 1780 1792
f 1804 2264 1792
f 1808 2264 1804
f 2264 1808 1825
f 1838 2264 1825
f 1849 2264 1838
f 1389 1212 1439
f 1468 1389 1439
f 1578 1389 1468
f 551 1090 1099
f 1079 1075 551
f 726 1079 551
f 1081 1079 726
f 551 1075 1077
f 1078 551 1077
f 1080 551 1078
f 551 1080 1082
f 1085 551 1082
f 1090 551 1085
f 1030 1101 1106
f 1099 1101 1030
f 1030 1106 1107
f 1108 1030 1107
f 1113 1030 1108
f 1030 1113 1118
f 1119 1030 1118
f 1212 1030 1119
f 264 434 383
f 434 264 250
f 249 434 250
f 232 434 249
f 434 232 230
f 225 434 230
f 221 434 225
f 434 221 217
f 216 434 217
f 215 434 216
f 434 215 214
f 213 434 214
f 208 434 213
f 434 208 206
f 205 434 206
f 202 434 205
f 434 202 201
f 200 434 201
f 203 434 200
f 434 203 204
f 207 434 204
f 211 434 207
f 4459 4352 4460
f 4352 4459 4458
f 4453 4352 4458
f 4451 4352 4453
f 4352 4451 4442
f 4439 4352 4442
f 4432 4352 4439
f 4352 4432 4431
f 4427 4352 4431
f 4418 4352 4427
f 4352 4418 4416
f 4409 4352 4416
f 4406 4352 4409
f 4352 4406 4402
f 4397 4352 4402
f 4392 4352 4397
f 4352 4392 4384
f 4383 4352 4384
f 4378 4352 4383
f 4352 4378 4371
f 4366 4352 4371
f 4337 4352 4366
f 2264 1849 2543
f 2562 2264 2543
f 3037 2264 2562
f 3037 2562 3144
f 3146 3037 3144
f 3645 3037 3146
f 4075 3531 3656
f 4065 4075 4080
f 4121 4065 4080
f 4114 4121 4131
f 4170 4114 4131
f 4165 4170 4179
f 4216 4165 4179
f 4313 4331 4320
f 4268 4313 4320
f 4280 4313 4268
f 4264 4280 4268
f 4389 4369 4423
f 4463 4389 4423
f 3396 3265 2901
f 3037 3396 2901
f 3531 3396 3037
f 3645 3531 3037
f 3656 3531 3645
f 4362 4352 4309
f 4320 4362 4309
f 4389 4362 4320
f 4331 4389 4320
f 4369 4389 4331
f 434 211 220
f 277 434 220
f 482 434 277
f 354 482 277
f 551 482 354
f 421 551 354
f 646 551 421
f 1607 1864 1524
f 2726 2608 2546
f 1864 2726 2546
f 2033 2726 1864
f 1607 2033 1864
f 1676 2033 1607
f 4209 4254 4204
f 4304 4303 4285
f 4254 4304 4285
f 4260 4304 4254
f 4209 4260 4254
f 4214 4260 4209
f 4464 4460 4352
f 4362 4464 4352
f 4477 4464 4362
f 4389 4477 4362
f 4485 4477 4389
f 4463 4485 4389
f 4490 4485 4463
f 553 784 658
f 551 1099 1030
f 899 551 1030
f 482 551 899
f 784 482 899
f 434 482 784
f 553 434 784
f 383 434 553
f 1030 1212 1389
f 1270 1030 1389
f 899 1030 1270
f 1183 899 1270
f 784 899 1183
f 1125 784 1183
f 658 784 1125
f 1389 1578 1676
f 1607 1389 1676
f 1270 1389 1607
f 1524 1270 1607
f 1183 1270 1524
f 1182 1183 1524
f 1125 1183 1182
f 1864 2546 1748
f 1655 1864 1748
f 1524 1864 1655
f 1476 1524 1655
f 1182 1524 1476
f 3265 3154 2608
f 2726 3265 2608
f 2901 3265 2726
f 2033 2901 2726
f 2264 2901 2033
f 1676 2264 2033
f 1744 2264 1676
f 1740 1744 1676
f 3531 4075 4065
f 3985 3531 4065
f 3396 3531 3985
f 3801 3396 3985
f 3265 3396 3801
f 3673 3265 3801
f 3420 3265 3673
f 4078 4097 4085
f 4065 4121 4114
f 4109 4065 4114
f 3985 4065 4109
f 4097 3985 4109
f 3801 3985 4097
f 4078 3801 4097
f 3673 3801 4078
f 4114 4170 4165
f 4161 4114 4165
f 4109 4114 4161
f 4147 4109 4161
f 4097 4109 4147
f 4134 4097 4147
f 4085 4097 4134
f 4165 4216 4214
f 4209 4165 4214
f 4161 4165 4209
f 4204 4161 4209
f 4147 4161 4204
f 4157 4147 4204
f 4134 4147 4157
f 4254 4285 4235
f 4223 4254 4235
f 4204 4254 4223
f 4183 4204 4223
f 4157 4204 4183
f 4352 4337 4303
f 4304 4352 4303
f 4309 4352 4304
f 4260 4309 4304
f 4268 4309 4260
f 4214 4268 4260
f 4264 4268 4214
f 4230 4264 4214
f 383 326 264
f 374 326 383
f 4329 4360 4356
f 4337 4366 4360
f 4329 4337 4360
f 4303 4337 4329
f 4300 4303 4329
f 4285 4303 4300
f 4281 4285 4300
f 4235 4285 4281
f 4233 4235 4281
f 4223 4235 4233
f 4221 4223 4233
f 4183 4223 4221
f 4184 4183 4221
f 4157 4183 4184
f 4159 4157 4184
f 4134 4157 4159
f 4136 4134 4159
f 4085 4134 4136
f 4089 4085 4136
f 4078 4085 4089
f 4086 4078 4089
f 3673 4078 4086
f 3737 3673 4086
f 3420 3673 3737
f 3513 3420 3737
f 3154 3420 3513
f 3240 3154 3513
f 2608 3154 3240
f 2745 2608 3240
f 2546 2608 2745
f 2719 2546 2745
f 1748 2546 2719
f 1885 1748 2719
f 1655 1748 1885
f 1715 1655 1885
f 1476 1655 1715
f 1545 1476 1715
f 1182 1476 1545
f 1303 1182 1545
f 1125 1182 1303
f 1219 1125 1303
f 658 1125 1219
f 863 658 1219
f 553 658 863
f 760 553 863
f 383 553 760
f 474 383 760
f 374 383 474
f 3456 2860 3360
f 1614 1303 1545
f 1299 863 1219
f 305 505 314
f 505 305 304
f 300 505 304
f 301 505 300
f 505 301 306
f 308 505 306
f 316 505 308
f 505 316 318
f 319 505 318
f 323 505 319
f 505 323 324
f 330 505 324
f 334 505 330
f 505 334 335
f 341 505 335
f 342 505 341
f 505 342 357
f 360 505 357
f 363 505 360
f 505 363 371
f 374 505 371
f 474 505 374
f 1500 1498 1483
f 1481 1500 1483
f 1474 1500 1481
f 1500 1474 1473
f 1459 1500 1473
f 1455 1500 1459
f 1500 1455 1422
f 1418 1500 1422
f 1383 1500 1418
f 1500 1383 1379
f 1353 1500 1379
f 1351 1500 1353
f 1500 1351 1347
f 1319 1500 1347
f 1313 1500 1319
f 1500 1313 1290
f 1284 1500 1290
f 1278 1500 1284
f 1500 1278 1263
f 1254 1500 1263
f 1209 1500 1254
f 4475 4530 4529
f 4527 4475 4529
f 4475 4527 4526
f 4524 4475 4526
f 4522 4475 4524
f 4475 4522 4519
f 4518 4475 4519
f 4516 4475 4518
f 4475 4516 4514
f 4511 4475 4514
f 4510 4475 4511
f 4475 4510 4508
f 4506 4475 4508
f 4504 4475 4506
f 4475 4504 4501
f 4500 4475 4501
f 4498 4475 4500
f 4475 4498 4496
f 4493 4475 4496
f 4480 4475 4493
f 4356 4350 4329
f 4350 4356 4359
f 4361 4350 4359
f 4365 4350 4361
f 4350 4365 4367
f 4377 4350 4367
f 4381 4350 4377
f 4350 4381 4388
f 4391 4350 4388
f 4395 4350 4391
f 4350 4395 4401
f 4403 4350 4401
f 4410 4350 4403
f 4350 4410 4411
f 4414 4350 4411
f 4421 4350 4414
f 4350 4421 4424
f 4429 4350 4424
f 4430 4350 4429
f 4350 4430 4433
f 4436 4350 4433
f 4438 4350 4436
f 2860 1885 2719
f 2745 2860 2719
f 3360 2860 2745
f 3240 3360 2745
f 3513 3360 3240
f 4086 3880 3737
f 4159 4153 4136
f 4221 4203 4184
f 4300 4301 4281
f 4020 4067 3456
f 3360 4020 3456
f 3880 4020 3360
f 3513 3880 3360
f 3737 3880 3513
f 4115 4129 4067
f 4020 4115 4067
f 4111 4115 4020
f 3880 4111 4020
f 4100 4111 3880
f 4086 4100 3880
f 4089 4100 4086
f 4177 4188 4129
f 4115 4177 4129
f 4164 4177 4115
f 4111 4164 4115
f 4160 4164 4111
f 4100 4160 4111
f 4153 4160 4100
f 4089 4153 4100
f 4136 4153 4089
f 4237 4253 4188
f 4177 4237 4188
f 4226 4237 4177
f 4164 4226 4177
f 4212 4226 4164
f 4160 4212 4164
f 4208 4212 4160
f 4153 4208 4160
f 4203 4208 4153
f 4159 4203 4153
f 4184 4203 4159
f 566 1135 754
f 4302 4306 4253
f 4237 4302 4253
f 4284 4302 4237
f 4226 4284 4237
f 4274 4284 4226
f 4212 4274 4226
f 4263 4274 4212
f 4208 4263 4212
f 4257 4263 4208
f 4203 4257 4208
f 4252 4257 4203
f 4221 4252 4203
f 4233 4252 4221
f 4354 4357 4306
f 4302 4354 4306
f 4351 4354 4302
f 4284 4351 4302
f 4332 4351 4284
f 4274 4332 4284
f 4323 4332 4274
f 4263 4323 4274
f 4311 4323 4263
f 4257 4311 4263
f 4307 4311 4257
f 4252 4307 4257
f 4301 4307 4252
f 4233 4301 4252
f 4281 4301 4233
f 922 1392 1102
f 4471 4475 4357
f 4354 4471 4357
f 4461 4471 4354
f 4351 4461 4354
f 4447 4461 4351
f 4332 4447 4351
f 4419 4447 4332
f 4323 4419 4332
f 4393 4419 4323
f 4311 4393 4323
f 4363 4393 4311
f 4307 4363 4311
f 4355 4363 4307
f 4301 4355 4307
f 4350 4355 4301
f 4300 4350 4301
f 4329 4350 4300
f 1500 1209 1102
f 1392 1500 1102
f 1727 1500 1392
f 2312 2772 2644
f 1727 2312 2644
f 1641 2312 1727
f 1392 1641 1727
f 1231 1641 1392
f 922 1231 1392
f 754 1231 922
f 2779 3409 2994
f 2027 2779 2994
f 1807 2779 2027
f 1532 1807 2027
f 1465 1807 1532
f 1135 1465 1532
f 1008 1465 1135
f 566 1008 1135
f 483 1008 566
f 3889 4056 4040
f 3409 3889 4040
f 3253 3889 3409
f 2779 3253 3409
f 2554 3253 2779
f 1807 2554 2779
f 1699 2554 1807
f 1465 1699 1807
f 1340 1699 1465
f 1008 1340 1465
f 873 1340 1008
f 483 873 1008
f 429 873 483
f 4083 4138 4095
f 3710 4083 4095
f 3583 4083 3710
f 3125 3583 3710
f 3005 3583 3125
f 2274 3005 3125
f 2028 3005 2274
f 1627 2028 2274
f 1533 2028 1627
f 1216 1533 1627
f 1137 1533 1216
f 735 1137 1216
f 571 1137 735
f 377 571 735
f 327 571 377
f 4124 4181 4138
f 4083 4124 4138
f 4066 4124 4083
f 3583 4066 4083
f 3449 4066 3583
f 3005 3449 3583
f 2841 3449 3005
f 2028 2841 3005
f 1839 2841 2028
f 1533 1839 2028
f 1475 1839 1533
f 1137 1475 1533
f 1053 1475 1137
f 571 1053 1137
f 505 1053 571
f 327 505 571
f 314 505 327
f 505 474 760
f 942 505 760
f 1053 505 942
f 1394 1053 942
f 1475 1053 1394
f 1725 1475 1394
f 1839 1475 1725
f 2653 1839 1725
f 2841 1839 2653
f 3315 2841 2653
f 3449 2841 3315
f 4009 3449 3315
f 4066 3449 4009
f 4113 4066 4009
f 4124 4066 4113
f 4169 4124 4113
f 4181 4124 4169
f 4227 4181 4169
f 4238 4181 4227
f 4256 4238 4227
f 1299 1219 1303
f 1614 1299 1303
f 1669 1299 1614
f 2217 1669 1614
f 2436 1669 2217
f 3078 2436 2217
f 3188 2436 3078
f 3677 3188 3078
f 3816 3188 3677
f 4092 3816 3677
f 4107 3816 4092
f 4156 4107 4092
f 4162 4107 4156
f 4210 4162 4156
f 4213 4162 4210
f 4262 4213 4210
f 4272 4213 4262
f 4316 4272 4262
f 1614 1545 1715
f 2024 1614 1715
f 2217 1614 2024
f 2988 2217 2024
f 3078 2217 2988
f 3568 3078 2988
f 3677 3078 3568
f 4082 3677 3568
f 4092 3677 4082
f 4141 4092 4082
f 4156 4092 4141
f 4206 4156 4141
f 4210 4156 4206
f 4258 4210 4206
f 4262 4210 4258
f 4310 4262 4258
f 4316 4262 4310
f 4364 4316 4310
f 4385 4316 4364
f 4408 4385 4364
f 4350 4438 4448
f 4468 4350 4448
f 4355 4350 4468
f 4478 4355 4468
f 4363 4355 4478
f 4483 4363 4478
f 4393 4363 4483
f 4487 4393 4483
f 4419 4393 4487
f 4495 4419 4487
f 4447 4419 4495
f 4505 4447 4495
f 4461 4447 4505
f 4513 4461 4505
f 4471 4461 4513
f 4525 4471 4513
f 4475 4471 4525
f 4528 4475 4525
f 4530 4475 4528
f 1727 2644 1918
f 1820 1727 1918
f 1500 1727 1820
f 1619 1500 1820
f 1498 1500 1619
f 1231 754 1135
f 1532 1231 1135
f 1641 1231 1532
f 2027 1641 1532
f 2312 1641 2027
f 2994 2312 2027
f 2772 2312 2994
f 3409 4040 3555
f 3412 3409 3555
f 2994 3409 3412
f 3135 2994 3412
f 2772 2994 3135
f 4095 4108 4056
f 3889 4095 4056
f 3710 4095 3889
f 3253 3710 3889
f 3125 3710 3253
f 2554 3125 3253
f 2274 3125 2554
f 1699 2274 2554
f 1627 2274 1699
f 1340 1627 1699
f 1216 1627 1340
f 873 1216 1340
f 735 1216 873
f 429 735 873
f 377 735 429
f 4181 4238 4194
f 4190 4181 4194
f 4138 4181 4190
f 4154 4138 4190
f 4095 4138 4154
f 4127 4095 4154
f 4108 4095 4127
f 942 760 863
f 1299 942 863
f 1394 942 1299
f 1669 1394 1299
f 1725 1394 1669
f 2436 1725 1669
f 2653 1725 2436
f 3188 2653 2436
f 3315 2653 3188
f 3816 3315 3188
f 4009 3315 3816
f 4107 4009 3816
f 4113 4009 4107
f 4162 4113 4107
f 4169 4113 4162
f 4213 4169 4162
f 4227 4169 4213
f 4272 4227 4213
f 4256 4227 4272
f 4316 4385 4325
f 4312 4316 4325
f 4272 4316 4312
f 4279 4272 4312
f 4256 4272 4279
f 4475 4480 4408
f 4364 4475 4408
f 4357 4475 4364
f 4310 4357 4364
f 4306 4357 4310
f 4258 4306 4310
f 4253 4306 4258
f 4206 4253 4258
f 4188 4253 4206
f 4141 4188 4206
f 4129 4188 4141
f 4082 4129 4141
f 4067 4129 4082
f 3568 4067 4082
f 3456 4067 3568
f 2988 3456 3568
f 2860 3456 2988
f 2024 2860 2988
f 1885 2860 2024
f 1715 1885 2024
f 4486 4503 4515
f 1619 1478 1498
f 4493 4503 4486
f 1565 1466 1478
f 1619 1565 1478
f 1769 1565 1619
f 1820 1769 1619
f 1835 1769 1820
f 1918 1835 1820
f 2553 1835 1918
f 2644 2553 1918
f 2725 2553 2644
f 2772 2725 2644
f 3098 2725 2772
f 3135 3098 2772
f 3383 3098 3135
f 3412 3383 3135
f 3542 3383 3412
f 3555 3542 3412
f 4037 3542 3555
f 4040 4037 3555
f 4055 4037 4040
f 4056 4055 4040
f 4110 4055 4056
f 4108 4110 4056
f 4130 4110 4108
f 4127 4130 4108
f 4158 4130 4127
f 4154 4158 4127
f 4197 4158 4154
f 4190 4197 4154
f 4205 4197 4190
f 4194 4205 4190
f 4248 4205 4194
f 4238 4248 4194
f 4259 4248 4238
f 4256 4259 4238
f 4290 4259 4256
f 4279 4290 4256
f 4322 4290 4279
f 4312 4322 4279
f 4335 4322 4312
f 4325 4335 4312
f 4417 4335 4325
f 4385 4417 4325
f 4443 4417 4385
f 4408 4443 4385
f 4486 4443 4408
f 4480 4486 4408
f 4493 4486 4480
f 566 754 537
f 520 566 537
f 566 520 499
f 494 566 499
f 483 566 494
f 754 922 552
f 549 754 552
f 537 754 549
f 457 439 429
f 483 457 429
f 477 457 483
f 494 477 483
f 327 251 314
f 773 555 552
f 922 773 552
f 976 773 922
f 1102 976 922
f 1148 976 1102
f 1209 1148 1102
f 220 211 251
f 327 220 251
f 277 220 327
f 377 277 327
f 354 277 377
f 429 354 377
f 421 354 429
f 439 421 429
f 1148 1209 1254
f 1220 1148 1254
f 1191 1148 1220
f 2416 2394 2383
f 1796 1841 1846
f 1788 1838 1825
f 1783 1808 1804
f 1746 1780 1776
f 1724 1740 1733
f 1714 1731 1722
f 1736 1757 1747
f 1744 1736 1747
f 1836 1841 1796
f 1801 1818 1821
f 1834 1801 1821
f 2404 2394 2416
f 2430 2420 2419
f 2442 2487 2435
f 2434 2442 2435
f 2431 2442 2434
f 2485 2433 2438
f 2476 2417 2429
f 2460 2402 2403
f 2441 2387 2400
f 2405 2345 2358
f 2372 2335 2317
f 2329 2372 2317
f 1724 1733 1731
f 1714 1724 1731
f 1688 1724 1714
f 1688 1714 1694
f 1681 1688 1694
f 1652 1688 1681
f 1652 1681 1656
f 1643 1652 1656
f 1616 1652 1643
f 1616 1643 1620
f 1606 1616 1620
f 1572 1616 1606
f 1572 1606 1576
f 1558 1572 1576
f 1537 1572 1558
f 1537 1558 1536
f 1526 1537 1536
f 1514 1537 1526
f 1514 1526 1511
f 1505 1514 1511
f 1501 1514 1505
f 1501 1505 1495
f 1491 1501 1495
f 1492 1501 1491
f 1492 1491 1489
f 1484 1492 1489
f 1490 1492 1484
f 1490 1484 1482
f 1480 1490 1482
f 1494 1490 1480
f 1494 1480 1485
f 1488 1494 1485
f 1504 1494 1488
f 1504 1488 1493
f 1496 1504 1493
f 1521 1504 1496
f 1521 1496 1507
f 1512 1521 1507
f 1550 1521 1512
f 1550 1512 1529
f 1539 1550 1529
f 1594 1550 1539
f 1594 1539 1563
f 1580 1594 1563
f 1632 1594 1580
f 1632 1580 1609
f 1623 1632 1609
f 1668 1632 1623
f 1668 1623 1645
f 1658 1668 1645
f 1702 1668 1658
f 1702 1658 1684
f 1695 1702 1684
f 1745 1702 1695
f 1745 1695 1719
f 1734 1745 1719
f 1814 1745 1734
f 1814 1734 1785
f 1800 1814 1785
f 1915 1814 1800
f 1915 1800 1855
f 1898 1915 1855
f 2015 1915 1898
f 2015 1898 1957
f 1990 2015 1957
f 2114 2015 1990
f 2114 1990 2053
f 2077 2114 2053
f 2223 2114 2077
f 2223 2077 2182
f 2197 2223 2182
f 2289 2223 2197
f 2289 2197 2243
f 2261 2289 2243
f 2337 2289 2261
f 2337 2261 2298
f 2310 2337 2298
f 2385 2337 2310
f 2385 2310 2326
f 2341 2385 2326
f 2392 2385 2341
f 2392 2341 2350
f 2351 2392 2350
f 2372 2392 2351
f 2339 2372 2351
f 2335 2372 2339
f 2372 2329 2345
f 2405 2372 2345
f 2392 2372 2405
f 2421 2392 2405
f 2385 2392 2421
f 2411 2385 2421
f 2337 2385 2411
f 2368 2337 2411
f 2289 2337 2368
f 2309 2289 2368
f 2223 2289 2309
f 2244 2223 2309
f 2114 2223 2244
f 2168 2114 2244
f 2015 2114 2168
f 2034 2015 2168
f 1915 2015 2034
f 1933 1915 2034
f 1814 1915 1933
f 1837 1814 1933
f 1745 1814 1837
f 1768 1745 1837
f 1702 1745 1768
f 1708 1702 1768
f 1668 1702 1708
f 1675 1668 1708
f 1632 1668 1675
f 1639 1632 1675
f 1594 1632 1639
f 1604 1594 1639
f 1550 1594 1604
f 1561 1550 1604
f 1521 1550 1561
f 1530 1521 1561
f 1504 1521 1530
f 1513 1504 1530
f 1494 1504 1513
f 1503 1494 1513
f 1490 1494 1503
f 1497 1490 1503
f 1492 1490 1497
f 1502 1492 1497
f 1501 1492 1502
f 1508 1501 1502
f 1514 1501 1508
f 1523 1514 1508
f 1537 1514 1523
f 1549 1537 1523
f 1572 1537 1549
f 1589 1572 1549
f 1616 1572 1589
f 1628 1616 1589
f 1652 1616 1628
f 1663 1652 1628
f 1688 1652 1663
f 1696 1688 1663
f 1724 1688 1696
f 1736 1724 1696
f 1740 1724 1736
f 1744 1740 1736
f 2405 2358 2387
f 2441 2405 2387
f 2421 2405 2441
f 2458 2421 2441
f 2411 2421 2458
f 2446 2411 2458
f 2368 2411 2446
f 2397 2368 2446
f 2309 2368 2397
f 2324 2309 2397
f 2244 2309 2324
f 2262 2244 2324
f 2168 2244 2262
f 2192 2168 2262
f 2034 2168 2192
f 2054 2034 2192
f 1933 2034 2054
f 1954 1933 2054
f 1837 1933 1954
f 1851 1837 1954
f 1768 1837 1851
f 1784 1768 1851
f 1708 1768 1784
f 1717 1708 1784
f 1675 1708 1717
f 1682 1675 1717
f 1639 1675 1682
f 1647 1639 1682
f 1604 1639 1647
f 1615 1604 1647
f 1561 1604 1615
f 1577 1561 1615
f 1530 1561 1577
f 1544 1530 1577
f 1513 1530 1544
f 1522 1513 1544
f 1503 1513 1522
f 1510 1503 1522
f 1497 1503 1510
f 1506 1497 1510
f 1502 1497 1506
f 1509 1502 1506
f 1508 1502 1509
f 1518 1508 1509
f 1523 1508 1518
f 1535 1523 1518
f 1549 1523 1535
f 1559 1549 1535
f 1589 1549 1559
f 1600 1589 1559
f 1628 1589 1600
f 1635 1628 1600
f 1663 1628 1635
f 1670 1663 1635
f 1696 1663 1670
f 1704 1696 1670
f 1736 1696 1704
f 1746 1736 1704
f 1757 1736 1746
f 1776 1757 1746
f 2441 2400 2402
f 2460 2441 2402
f 2458 2441 2460
f 2480 2458 2460
f 2446 2458 2480
f 2467 2446 2480
f 2397 2446 2467
f 2418 2397 2467
f 2324 2397 2418
f 2347 2324 2418
f 2262 2324 2347
f 2279 2262 2347
f 2192 2262 2279
f 2200 2192 2279
f 2054 2192 2200
f 2069 2054 2200
f 1954 2054 2069
f 1968 1954 2069
f 1851 1954 1968
f 1876 1851 1968
f 1784 1851 1876
f 1791 1784 1876
f 1717 1784 1791
f 1726 1717 1791
f 1682 1717 1726
f 1690 1682 1726
f 1647 1682 1690
f 1657 1647 1690
f 1615 1647 1657
f 1625 1615 1657
f 1577 1615 1625
f 1592 1577 1625
f 1544 1577 1592
f 1554 1544 1592
f 1522 1544 1554
f 1534 1522 1554
f 1510 1522 1534
f 1520 1510 1534
f 1506 1510 1520
f 1515 1506 1520
f 1509 1506 1515
f 1519 1509 1515
f 1518 1509 1519
f 1527 1518 1519
f 1535 1518 1527
f 1547 1535 1527
f 1559 1535 1547
f 1574 1559 1547
f 1600 1559 1574
f 1612 1600 1574
f 1635 1600 1612
f 1644 1635 1612
f 1670 1635 1644
f 1678 1670 1644
f 1704 1670 1678
f 1709 1704 1678
f 1746 1704 1709
f 1766 1746 1709
f 1780 1746 1766
f 1792 1780 1766
f 2460 2403 2417
f 2476 2460 2417
f 2480 2460 2476
f 2500 2480 2476
f 2467 2480 2500
f 2483 2467 2500
f 2418 2467 2483
f 2443 2418 2483
f 2347 2418 2443
f 2364 2347 2443
f 2279 2347 2364
f 2291 2279 2364
f 2200 2279 2291
f 2212 2200 2291
f 2069 2200 2212
f 2085 2069 2212
f 1968 2069 2085
f 1988 1968 2085
f 1876 1968 1988
f 1894 1876 1988
f 1791 1876 1894
f 1797 1791 1894
f 1726 1791 1797
f 1735 1726 1797
f 1690 1726 1735
f 1698 1690 1735
f 1657 1690 1698
f 1665 1657 1698
f 1625 1657 1665
f 1633 1625 1665
f 1592 1625 1633
f 1602 1592 1633
f 1554 1592 1602
f 1567 1554 1602
f 1534 1554 1567
f 1546 1534 1567
f 1520 1534 1546
f 1531 1520 1546
f 1515 1520 1531
f 1525 1515 1531
f 1519 1515 1525
f 1528 1519 1525
f 1527 1519 1528
f 1540 1527 1528
f 1547 1527 1540
f 1556 1547 1540
f 1574 1547 1556
f 1591 1574 1556
f 1612 1574 1591
f 1622 1612 1591
f 1644 1612 1622
f 1651 1644 1622
f 1678 1644 1651
f 1685 1678 1651
f 1709 1678 1685
f 1716 1709 1685
f 1766 1709 1716
f 1783 1766 1716
f 1792 1766 1783
f 1804 1792 1783
f 2476 2429 2433
f 2485 2476 2433
f 2500 2476 2485
f 2506 2500 2485
f 2483 2500 2506
f 2497 2483 2506
f 2443 2483 2497
f 2452 2443 2497
f 2364 2443 2452
f 2376 2364 2452
f 2291 2364 2376
f 2300 2291 2376
f 2212 2291 2300
f 2222 2212 2300
f 2085 2212 2222
f 2099 2085 2222
f 1988 2085 2099
f 2002 1988 2099
f 1894 1988 2002
f 1902 1894 2002
f 1797 1894 1902
f 1809 1797 1902
f 1735 1797 1809
f 1743 1735 1809
f 1698 1735 1743
f 1703 1698 1743
f 1665 1698 1703
f 1672 1665 1703
f 1633 1665 1672
f 1640 1633 1672
f 1602 1633 1640
f 1613 1602 1640
f 1567 1602 1613
f 1585 1567 1613
f 1546 1567 1585
f 1555 1546 1585
f 1531 1546 1555
f 1543 1531 1555
f 1525 1531 1543
f 1538 1525 1543
f 1528 1525 1538
f 1542 1528 1538
f 1540 1528 1542
f 1551 1540 1542
f 1556 1540 1551
f 1569 1556 1551
f 1591 1556 1569
f 1601 1591 1569
f 1622 1591 1601
f 1631 1622 1601
f 1651 1622 1631
f 1662 1651 1631
f 1685 1651 1662
f 1691 1685 1662
f 1716 1685 1691
f 1723 1716 1691
f 1783 1716 1723
f 1788 1783 1723
f 1808 1783 1788
f 1825 1808 1788
f 2485 2438 2435
f 2487 2485 2435
f 2506 2485 2487
f 2508 2506 2487
f 2497 2506 2508
f 2499 2497 2508
f 2452 2497 2499
f 2455 2452 2499
f 2376 2452 2455
f 2386 2376 2455
f 2300 2376 2386
f 2304 2300 2386
f 2222 2300 2304
f 2229 2222 2304
f 2099 2222 2229
f 2110 2099 2229
f 2002 2099 2110
f 2010 2002 2110
f 1902 2002 2010
f 1912 1902 2010
f 1809 1902 1912
f 1816 1809 1912
f 1743 1809 1816
f 1749 1743 1816
f 1703 1743 1749
f 1707 1703 1749
f 1672 1703 1707
f 1679 1672 1707
f 1640 1672 1679
f 1646 1640 1679
f 1613 1640 1646
f 1621 1613 1646
f 1585 1613 1621
f 1596 1585 1621
f 1555 1585 1596
f 1568 1555 1596
f 1543 1555 1568
f 1553 1543 1568
f 1538 1543 1553
f 1548 1538 1553
f 1542 1538 1548
f 1552 1542 1548
f 1551 1542 1552
f 1562 1551 1552
f 1569 1551 1562
f 1587 1569 1562
f 1601 1569 1587
f 1610 1601 1587
f 1631 1601 1610
f 1636 1631 1610
f 1662 1631 1636
f 1667 1662 1636
f 1691 1662 1667
f 1697 1691 1667
f 1723 1691 1697
f 1732 1723 1697
f 1788 1723 1732
f 1793 1788 1732
f 1838 1788 1793
f 1849 1838 1793
f 2442 2431 2420
f 2430 2442 2420
f 2487 2442 2430
f 2481 2487 2430
f 2508 2487 2481
f 2503 2508 2481
f 2499 2508 2503
f 2489 2499 2503
f 2455 2499 2489
f 2447 2455 2489
f 2386 2455 2447
f 2377 2386 2447
f 2304 2386 2377
f 2303 2304 2377
f 2229 2304 2303
f 2231 2229 2303
f 2110 2229 2231
f 2118 2110 2231
f 2010 2110 2118
f 2016 2010 2118
f 1912 2010 2016
f 1917 1912 2016
f 1816 1912 1917
f 1822 1816 1917
f 1749 1816 1822
f 1761 1749 1822
f 1707 1749 1761
f 1710 1707 1761
f 1679 1707 1710
f 1683 1679 1710
f 1646 1679 1683
f 1654 1646 1683
f 1621 1646 1654
f 1629 1621 1654
f 1596 1621 1629
f 1605 1596 1629
f 1568 1596 1605
f 1583 1568 1605
f 1553 1568 1583
f 1564 1553 1583
f 1548 1553 1564
f 1557 1548 1564
f 1552 1548 1557
f 1560 1552 1557
f 1562 1552 1560
f 1573 1562 1560
f 1587 1562 1573
f 1597 1587 1573
f 1610 1587 1597
f 1618 1610 1597
f 1636 1610 1618
f 1642 1636 1618
f 1667 1636 1642
f 1671 1667 1642
f 1697 1667 1671
f 1700 1697 1671
f 1732 1697 1700
f 1737 1732 1700
f 1793 1732 1737
f 1796 1793 1737
f 1849 1793 1796
f 1846 1849 1796
f 1853 1849 1846
f 2430 2419 2404
f 2416 2430 2404
f 2481 2430 2416
f 2466 2481 2416
f 2503 2481 2466
f 2486 2503 2466
f 2489 2503 2486
f 2475 2489 2486
f 2447 2489 2475
f 2437 2447 2475
f 2377 2447 2437
f 2365 2377 2437
f 2303 2377 2365
f 2297 2303 2365
f 2231 2303 2297
f 2226 2231 2297
f 2118 2231 2226
f 2113 2118 2226
f 2016 2118 2113
f 2017 2016 2113
f 1917 2016 2017
f 1922 1917 2017
f 1822 1917 1922
f 1829 1822 1922
f 1761 1822 1829
f 1772 1761 1829
f 1710 1761 1772
f 1713 1710 1772
f 1683 1710 1713
f 1686 1683 1713
f 1654 1683 1686
f 1661 1654 1686
f 1629 1654 1661
f 1634 1629 1661
f 1605 1629 1634
f 1611 1605 1634
f 1583 1605 1611
f 1593 1583 1611
f 1564 1583 1593
f 1575 1564 1593
f 1557 1564 1575
f 1566 1557 1575
f 1560 1557 1566
f 1570 1560 1566
f 1573 1560 1570
f 1586 1573 1570
f 1597 1573 1586
f 1603 1597 1586
f 1618 1597 1603
f 1626 1618 1603
f 1642 1618 1626
f 1648 1642 1626
f 1671 1642 1648
f 1677 1671 1648
f 1700 1671 1677
f 1705 1700 1677
f 1737 1700 1705
f 1741 1737 1705
f 1796 1737 1741
f 1801 1796 1741
f 1836 1796 1801
f 1834 1836 1801
f 2416 2383 2344
f 2399 2416 2344
f 2466 2416 2399
f 2448 2466 2399
f 2486 2466 2448
f 2465 2486 2448
f 2475 2486 2465
f 2456 2475 2465
f 2437 2475 2456
f 2410 2437 2456
f 2365 2437 2410
f 2348 2365 2410
f 2297 2365 2348
f 2288 2297 2348
f 2226 2297 2288
f 2216 2226 2288
f 2113 2226 2216
f 2102 2113 2216
f 2017 2113 2102
f 2011 2017 2102
f 1922 2017 2011
f 1921 1922 2011
f 1829 1922 1921
f 1832 1829 1921
f 1772 1829 1832
f 1775 1772 1832
f 1713 1772 1775
f 1718 1713 1775
f 1686 1713 1718
f 1689 1686 1718
f 1661 1686 1689
f 1664 1661 1689
f 1634 1661 1664
f 1637 1634 1664
f 1611 1634 1637
f 1617 1611 1637
f 1593 1611 1617
f 1599 1593 1617
f 1575 1593 1599
f 1588 1575 1599
f 1566 1575 1588
f 1579 1566 1588
f 1570 1566 1579
f 1582 1570 1579
f 1586 1570 1582
f 1595 1586 1582
f 1603 1586 1595
f 1608 1603 1595
f 1626 1603 1608
f 1630 1626 1608
f 1648 1626 1630
f 1653 1648 1630
f 1677 1648 1653
f 1680 1677 1653
f 1705 1677 1680
f 1706 1705 1680
f 1741 1705 1706
f 1742 1741 1706
f 1801 1741 1742
f 1803 1801 1742
f 1818 1801 1803
f 668 686 691
f 692 701 717
f 732 728 750
f 776 761 788
f 840 818 851
f 887 867 900
f 952 923 974
f 886 945 885
f 1315 1311 1305
f 1320 1307 1311
f 1317 1291 1307
f 1302 1266 1291
f 1272 1230 1266
f 1242 1199 1230
f 1202 1172 1199
f 1175 1136 1172
f 1142 1103 1136
f 1105 1042 1103
f 1046 979 1042
f 978 908 979
f 905 862 908
f 858 799 862
f 793 751 799
f 746 704 751
f 693 661 704
f 653 628 661
f 609 610 628
f 1071 1099 1090
f 1058 1085 1082
f 1047 1080 1078
f 1048 1019 1050
f 1036 1077 1075
f 1079 1036 1075
f 1083 1108 1107
f 1106 1083 1107
f 1101 1083 1106
f 1100 1118 1113
f 1420 1410 1415
f 1419 1420 1415
f 1440 1420 1419
f 1430 1440 1419
f 1435 1440 1430
f 1398 1410 1420
f 1399 1398 1420
f 1391 1398 1399
f 1386 1391 1399
f 1385 1386 1399
f 1372 1386 1385
f 1369 1372 1385
f 1355 1372 1369
f 1321 1318 1329
f 1338 1321 1329
f 1339 1321 1338
f 1306 1318 1321
f 1308 1306 1321
f 1300 1306 1308
f 1296 1300 1308
f 1277 1300 1296
f 1271 1277 1296
f 1281 1271 1296
f 1264 1271 1281
f 946 890 885
f 945 946 885
f 1018 946 945
f 838 842 886
f 885 838 886
f 841 838 885
f 890 841 885
f 843 841 890
f 772 775 842
f 838 772 842
f 771 772 838
f 841 771 838
f 774 771 841
f 843 774 841
f 779 774 843
f 1352 1355 1369
f 1354 1352 1369
f 1339 1352 1354
f 1343 1339 1354
f 1321 1339 1343
f 1323 1321 1343
f 1308 1321 1323
f 1315 1308 1323
f 1296 1308 1315
f 1305 1296 1315
f 1281 1296 1305
f 724 731 775
f 772 724 775
f 721 724 772
f 771 721 772
f 723 721 771
f 774 723 771
f 727 723 774
f 779 727 774
f 733 727 779
f 676 679 731
f 724 676 731
f 666 676 724
f 721 666 724
f 665 666 721
f 723 665 721
f 667 665 723
f 727 667 723
f 677 667 727
f 733 677 727
f 682 677 733
f 641 657 679
f 676 641 679
f 629 641 676
f 666 629 676
f 618 629 666
f 665 618 666
f 615 618 665
f 667 615 665
f 622 615 667
f 677 622 667
f 635 622 677
f 682 635 677
f 651 635 682
f 624 652 657
f 641 624 657
f 607 624 641
f 629 607 641
f 593 607 629
f 618 593 629
f 587 593 618
f 615 587 618
f 583 587 615
f 622 583 615
f 588 583 622
f 635 588 622
f 602 588 635
f 651 602 635
f 616 602 651
f 643 663 652
f 624 643 652
f 614 643 624
f 607 614 624
f 598 614 607
f 593 598 607
f 584 598 593
f 587 584 593
f 580 584 587
f 583 580 587
f 579 580 583
f 588 579 583
f 582 579 588
f 602 582 588
f 594 582 602
f 616 594 602
f 610 594 616
f 1100 1113 1108
f 1083 1100 1108
f 1028 1100 1083
f 1028 992 1045
f 1069 1028 1045
f 1100 1028 1069
f 1111 1100 1069
f 1118 1100 1111
f 952 974 992
f 1028 952 992
f 1010 952 1028
f 1083 1010 1028
f 1071 1010 1083
f 1101 1071 1083
f 1099 1071 1101
f 887 900 923
f 952 887 923
f 933 887 952
f 1010 933 952
f 995 933 1010
f 1071 995 1010
f 1058 995 1071
f 1090 1058 1071
f 1085 1058 1090
f 840 851 867
f 887 840 867
f 878 840 887
f 933 878 887
f 924 878 933
f 995 924 933
f 988 924 995
f 1058 988 995
f 1047 988 1058
f 1082 1047 1058
f 1080 1047 1082
f 776 788 818
f 840 776 818
f 825 776 840
f 878 825 840
f 866 825 878
f 924 866 878
f 909 866 924
f 988 909 924
f 977 909 988
f 1047 977 988
f 1036 977 1047
f 1078 1036 1047
f 1077 1036 1078
f 732 750 761
f 776 732 761
f 759 732 776
f 825 759 776
f 807 759 825
f 866 807 825
f 854 807 866
f 909 854 866
f 901 854 909
f 977 901 909
f 957 901 977
f 1036 957 977
f 1027 957 1036
f 1079 1027 1036
f 1066 1027 1079
f 1081 1066 1079
f 692 717 728
f 732 692 728
f 716 692 732
f 759 716 732
f 747 716 759
f 807 747 759
f 785 747 807
f 854 785 807
f 850 785 854
f 901 850 854
f 892 850 901
f 957 892 901
f 954 892 957
f 1027 954 957
f 1023 954 1027
f 1066 1023 1027
f 1056 1023 1066
f 668 691 701
f 692 668 701
f 674 668 692
f 716 674 692
f 699 674 716
f 747 699 716
f 739 699 747
f 785 739 747
f 782 739 785
f 850 782 785
f 844 782 850
f 892 844 850
f 891 844 892
f 954 891 892
f 948 891 954
f 1023 948 954
f 1019 948 1023
f 1056 1019 1023
f 1050 1019 1056
f 663 683 686
f 668 663 686
f 652 663 668
f 674 652 668
f 657 652 674
f 699 657 674
f 679 657 699
f 739 679 699
f 731 679 739
f 782 731 739
f 775 731 782
f 844 775 782
f 842 775 844
f 891 842 844
f 886 842 891
f 948 886 891
f 945 886 948
f 1019 945 948
f 1018 945 1019
f 1048 1018 1019
f 1034 1018 1048
f 694 678 700
f 594 610 609
f 601 594 609
f 582 594 601
f 595 582 601
f 579 582 595
f 596 579 595
f 580 579 596
f 604 580 596
f 584 580 604
f 613 584 604
f 598 584 613
f 638 598 613
f 614 598 638
f 656 614 638
f 643 614 656
f 678 643 656
f 663 643 678
f 694 663 678
f 683 663 694
f 720 711 730
f 609 628 653
f 642 609 653
f 601 609 642
f 639 601 642
f 595 601 639
f 640 595 639
f 596 595 640
f 649 596 640
f 604 596 649
f 659 604 649
f 613 604 659
f 669 613 659
f 638 613 669
f 689 638 669
f 656 638 689
f 711 656 689
f 678 656 711
f 720 678 711
f 700 678 720
f 753 748 764
f 653 661 693
f 688 653 693
f 642 653 688
f 684 642 688
f 639 642 684
f 690 639 684
f 640 639 690
f 696 640 690
f 649 640 696
f 709 649 696
f 659 649 709
f 719 659 709
f 669 659 719
f 734 669 719
f 689 669 734
f 748 689 734
f 711 689 748
f 753 711 748
f 730 711 753
f 795 794 821
f 693 704 746
f 742 693 746
f 688 693 742
f 741 688 742
f 684 688 741
f 745 684 741
f 690 684 745
f 749 690 745
f 696 690 749
f 756 696 749
f 709 696 756
f 768 709 756
f 719 709 768
f 780 719 768
f 734 719 780
f 794 734 780
f 748 734 794
f 795 748 794
f 764 748 795
f 855 857 872
f 746 751 793
f 789 746 793
f 742 746 789
f 791 742 789
f 741 742 791
f 796 741 791
f 745 741 796
f 813 745 796
f 749 745 813
f 822 749 813
f 756 749 822
f 836 756 822
f 768 756 836
f 845 768 836
f 780 768 845
f 857 780 845
f 794 780 857
f 855 794 857
f 821 794 855
f 904 907 927
f 793 799 858
f 856 793 858
f 789 793 856
f 860 789 856
f 791 789 860
f 865 791 860
f 796 791 865
f 869 796 865
f 813 796 869
f 879 813 869
f 822 813 879
f 884 822 879
f 836 822 884
f 893 836 884
f 845 836 893
f 907 845 893
f 857 845 907
f 904 857 907
f 872 857 904
f 980 986 1000
f 858 862 905
f 906 858 905
f 856 858 906
f 910 856 906
f 860 856 910
f 917 860 910
f 865 860 917
f 929 865 917
f 869 865 929
f 935 869 929
f 879 869 935
f 949 879 935
f 884 879 949
f 964 884 949
f 893 884 964
f 986 893 964
f 907 893 986
f 980 907 986
f 927 907 980
f 1051 1057 1072
f 905 908 978
f 982 905 978
f 906 905 982
f 989 906 982
f 910 906 989
f 990 910 989
f 917 910 990
f 1004 917 990
f 929 917 1004
f 1013 929 1004
f 935 929 1013
f 1025 935 1013
f 949 935 1025
f 1040 949 1025
f 964 949 1040
f 1057 964 1040
f 986 964 1057
f 1051 986 1057
f 1000 986 1051
f 1115 1121 1128
f 978 979 1046
f 1049 978 1046
f 982 978 1049
f 1055 982 1049
f 989 982 1055
f 1062 989 1055
f 990 989 1062
f 1073 990 1062
f 1004 990 1073
f 1084 1004 1073
f 1013 1004 1084
f 1096 1013 1084
f 1025 1013 1096
f 1110 1025 1096
f 1040 1025 1110
f 1121 1040 1110
f 1057 1040 1121
f 1115 1057 1121
f 1072 1057 1115
f 1157 1161 1169
f 1046 1042 1105
f 1109 1046 1105
f 1049 1046 1109
f 1114 1049 1109
f 1055 1049 1114
f 1122 1055 1114
f 1062 1055 1122
f 1126 1062 1122
f 1073 1062 1126
f 1132 1073 1126
f 1084 1073 1132
f 1143 1084 1132
f 1096 1084 1143
f 1152 1096 1143
f 1110 1096 1152
f 1161 1110 1152
f 1121 1110 1161
f 1157 1121 1161
f 1128 1121 1157
f 1195 1198 1211
f 1105 1103 1142
f 1147 1105 1142
f 1109 1105 1147
f 1154 1109 1147
f 1114 1109 1154
f 1158 1114 1154
f 1122 1114 1158
f 1165 1122 1158
f 1126 1122 1165
f 1173 1126 1165
f 1132 1126 1173
f 1181 1132 1173
f 1143 1132 1181
f 1190 1143 1181
f 1152 1143 1190
f 1198 1152 1190
f 1161 1152 1198
f 1195 1161 1198
f 1169 1161 1195
f 1246 1248 1268
f 1142 1136 1175
f 1178 1142 1175
f 1147 1142 1178
f 1187 1147 1178
f 1154 1147 1187
f 1192 1154 1187
f 1158 1154 1192
f 1200 1158 1192
f 1165 1158 1200
f 1213 1165 1200
f 1173 1165 1213
f 1222 1173 1213
f 1181 1173 1222
f 1237 1181 1222
f 1190 1181 1237
f 1248 1190 1237
f 1198 1190 1248
f 1246 1198 1248
f 1211 1198 1246
f 1309 1312 1325
f 1175 1172 1202
f 1215 1175 1202
f 1178 1175 1215
f 1221 1178 1215
f 1187 1178 1221
f 1228 1187 1221
f 1192 1187 1228
f 1245 1192 1228
f 1200 1192 1245
f 1258 1200 1245
f 1213 1200 1258
f 1275 1213 1258
f 1222 1213 1275
f 1295 1222 1275
f 1237 1222 1295
f 1312 1237 1295
f 1248 1237 1312
f 1309 1248 1312
f 1268 1248 1309
f 1361 1360 1374
f 1202 1199 1242
f 1247 1202 1242
f 1215 1202 1247
f 1262 1215 1247
f 1221 1215 1262
f 1276 1221 1262
f 1228 1221 1276
f 1293 1228 1276
f 1245 1228 1293
f 1310 1245 1293
f 1258 1245 1310
f 1324 1258 1310
f 1275 1258 1324
f 1346 1275 1324
f 1295 1275 1346
f 1360 1295 1346
f 1312 1295 1360
f 1361 1312 1360
f 1325 1312 1361
f 1397 1395 1413
f 1242 1230 1272
f 1282 1242 1272
f 1247 1242 1282
f 1301 1247 1282
f 1262 1247 1301
f 1316 1262 1301
f 1276 1262 1316
f 1332 1276 1316
f 1293 1276 1332
f 1349 1293 1332
f 1310 1293 1349
f 1366 1310 1349
f 1324 1310 1366
f 1380 1324 1366
f 1346 1324 1380
f 1395 1346 1380
f 1360 1346 1395
f 1397 1360 1395
f 1374 1360 1397
f 1432 1425 1441
f 1272 1266 1302
f 1314 1272 1302
f 1282 1272 1314
f 1326 1282 1314
f 1301 1282 1326
f 1344 1301 1326
f 1316 1301 1344
f 1359 1316 1344
f 1332 1316 1359
f 1375 1332 1359
f 1349 1332 1375
f 1388 1349 1375
f 1366 1349 1388
f 1407 1366 1388
f 1380 1366 1407
f 1425 1380 1407
f 1395 1380 1425
f 1432 1395 1425
f 1413 1395 1432
f 1454 1442 1458
f 1302 1291 1317
f 1327 1302 1317
f 1314 1302 1327
f 1345 1314 1327
f 1326 1314 1345
f 1357 1326 1345
f 1344 1326 1357
f 1373 1344 1357
f 1359 1344 1373
f 1387 1359 1373
f 1375 1359 1387
f 1403 1375 1387
f 1388 1375 1403
f 1424 1388 1403
f 1407 1388 1424
f 1442 1407 1424
f 1425 1407 1442
f 1454 1425 1442
f 1441 1425 1454
f 1461 1449 1462
f 1317 1307 1320
f 1333 1317 1320
f 1327 1317 1333
f 1348 1327 1333
f 1345 1327 1348
f 1362 1345 1348
f 1357 1345 1362
f 1378 1357 1362
f 1373 1357 1378
f 1393 1373 1378
f 1387 1373 1393
f 1412 1387 1393
f 1403 1387 1412
f 1431 1403 1412
f 1424 1403 1431
f 1449 1424 1431
f 1442 1424 1449
f 1461 1442 1449
f 1458 1442 1461
f 1456 1457 1440
f 1435 1456 1440
f 1447 1456 1435
f 1320 1311 1315
f 1323 1320 1315
f 1333 1320 1323
f 1343 1333 1323
f 1348 1333 1343
f 1354 1348 1343
f 1362 1348 1354
f 1369 1362 1354
f 1378 1362 1369
f 1385 1378 1369
f 1393 1378 1385
f 1399 1393 1385
f 1412 1393 1399
f 1420 1412 1399
f 1431 1412 1420
f 1440 1431 1420
f 1449 1431 1440
f 1457 1449 1440
f 1462 1449 1457
f 4368 4371 4378
f 4394 4397 4402
f 4415 4418 4427
f 4459 4460 4452
f 4444 4459 4452
f 4437 4442 4451
f 4453 4437 4451
f 4444 4437 4453
f 4458 4444 4453
f 4459 4444 4458
f 4415 4427 4431
f 4432 4415 4431
f 4425 4415 4432
f 4439 4425 4432
f 4442 4425 4439
f 4394 4402 4406
f 4409 4394 4406
f 4404 4394 4409
f 4416 4404 4409
f 4418 4404 4416
f 4368 4378 4383
f 4384 4368 4383
f 4379 4368 4384
f 4392 4379 4384
f 4397 4379 4392
f 4371 4360 4366
f 4359 4368 4361
f 4360 4371 4368
f 4359 4360 4368
f 4356 4360 4359
f 4365 4361 4368
f 4379 4365 4368
f 4367 4365 4379
f 4379 4397 4394
f 4377 4379 4394
f 4367 4379 4377
f 4404 4395 4391
f 4388 4404 4391
f 4394 4404 4388
f 4381 4394 4388
f 4377 4394 4381
f 4404 4418 4415
f 4401 4404 4415
f 4395 4404 4401
f 4425 4414 4411
f 4410 4425 4411
f 4415 4425 4410
f 4403 4415 4410
f 4401 4415 4403
f 4425 4442 4437
f 4421 4425 4437
f 4414 4425 4421
f 4444 4433 4430
f 4429 4444 4430
f 4437 4444 4429
f 4424 4437 4429
f 4421 4437 4424
f 4436 4433 4444
f 4452 4436 4444
f 4438 4436 4452
f 4509 4496 4498
f 4530 4528 4541
f 4542 4530 4541
f 4539 4524 4526
f 4527 4539 4526
f 4542 4539 4527
f 4529 4542 4527
f 4530 4542 4529
f 4535 4516 4518
f 4519 4535 4518
f 4538 4535 4519
f 4522 4538 4519
f 4524 4538 4522
f 4516 4532 4514
f 4511 4514 4532
f 4521 4511 4532
f 4510 4511 4521
f 4521 4517 4506
f 4508 4521 4506
f 4510 4521 4508
f 4509 4498 4500
f 4501 4509 4500
f 4517 4509 4501
f 4504 4517 4501
f 4506 4517 4504
f 4496 4503 4493
f 4520 4509 4523
f 4503 4496 4509
f 4520 4503 4509
f 4515 4503 4520
f 4533 4523 4509
f 4517 4533 4509
f 4534 4533 4517
f 4536 4534 4517
f 4521 4536 4517
f 4537 4536 4521
f 4543 4537 4521
f 4532 4543 4521
f 4544 4543 4532
f 4532 4516 4535
f 4545 4532 4535
f 4544 4532 4545
f 4538 4550 4548
f 4547 4538 4548
f 4535 4538 4547
f 4546 4535 4547
f 4545 4535 4546
f 4538 4524 4539
f 4551 4538 4539
f 4550 4538 4551
f 4542 4556 4555
f 4554 4542 4555
f 4539 4542 4554
f 4552 4539 4554
f 4551 4539 4552
f 4557 4556 4542
f 4541 4557 4542
f 4553 4557 4541
f 248 202 205
f 260 214 215
f 250 264 326
f 303 250 326
f 287 225 230
f 232 287 230
f 303 287 232
f 249 303 232
f 250 303 249
f 260 215 216
f 217 260 216
f 274 260 217
f 221 274 217
f 225 274 221
f 248 205 206
f 208 248 206
f 254 248 208
f 213 254 208
f 214 254 213
f 202 246 201
f 247 207 204
f 203 247 204
f 246 247 203
f 200 246 203
f 201 246 200
f 207 251 211
f 305 247 304
f 251 207 247
f 305 251 247
f 314 251 305
f 300 304 247
f 246 300 247
f 301 300 246
f 246 202 248
f 306 246 248
f 301 246 306
f 254 319 318
f 316 254 318
f 248 254 316
f 308 248 316
f 306 248 308
f 254 214 260
f 323 254 260
f 319 254 323
f 274 335 334
f 330 274 334
f 260 274 330
f 324 260 330
f 323 260 324
f 274 225 287
f 341 274 287
f 335 274 341
f 303 363 360
f 357 303 360
f 287 303 357
f 342 287 357
f 341 287 342
f 371 363 303
f 326 371 303
f 374 371 326
f 1241 1263 1278
f 1483 1498 1478
f 1471 1483 1478
f 1452 1459 1473
f 1474 1452 1473
f 1471 1452 1474
f 1481 1471 1474
f 1483 1471 1481
f 1376 1383 1418
f 1422 1376 1418
f 1411 1376 1422
f 1455 1411 1422
f 1459 1411 1455
f 1383 1341 1379
f 1353 1379 1341
f 1304 1353 1341
f 1351 1353 1304
f 1304 1269 1319
f 1347 1304 1319
f 1351 1304 1347
f 1241 1278 1284
f 1290 1241 1284
f 1269 1241 1290
f 1313 1269 1290
f 1319 1269 1313
f 1263 1220 1254
f 1203 1241 1205
f 1220 1263 1241
f 1203 1220 1241
f 1191 1220 1203
f 1223 1205 1241
f 1269 1223 1241
f 1226 1223 1269
f 1252 1226 1269
f 1304 1252 1269
f 1259 1252 1304
f 1286 1259 1304
f 1341 1286 1304
f 1294 1286 1341
f 1341 1383 1376
f 1328 1341 1376
f 1294 1341 1328
f 1411 1370 1367
f 1365 1411 1367
f 1376 1411 1365
f 1334 1376 1365
f 1328 1376 1334
f 1411 1459 1452
f 1396 1411 1452
f 1370 1411 1396
f 1471 1445 1436
f 1433 1471 1436
f 1452 1471 1433
f 1405 1452 1433
f 1396 1452 1405
f 1463 1445 1471
f 1478 1463 1471
f 1466 1463 1478
f 4479 4462 4482
f 4370 4423 4369
f 4465 4490 4463
f 4463 4423 4370
f 4488 4490 4465
f 4466 4488 4465
f 4489 4488 4466
f 4467 4489 4466
f 4491 4489 4467
f 4469 4491 4467
f 4492 4491 4469
f 4470 4492 4469
f 4494 4492 4470
f 4472 4494 4470
f 4497 4494 4472
f 4474 4497 4472
f 4499 4497 4474
f 4476 4499 4474
f 4502 4499 4476
f 4479 4502 4476
f 4507 4502 4479
f 4482 4507 4479
f 4512 4507 4482
f 4465 4463 4370
f 4372 4465 4370
f 4466 4465 4372
f 4375 4466 4372
f 4467 4466 4375
f 4380 4467 4375
f 4469 4467 4380
f 4386 4469 4380
f 4470 4469 4386
f 4390 4470 4386
f 4472 4470 4390
f 4399 4472 4390
f 4474 4472 4399
f 4405 4474 4399
f 4476 4474 4405
f 4412 4476 4405
f 4479 4476 4412
f 4422 4479 4412
f 4462 4479 4422
f 4445 4380 4375
f 4412 4428 4422
f 4445 4375 4372
f 4370 4445 4372
f 4440 4445 4370
f 4405 4399 4445
f 4412 4405 4445
f 4445 4399 4390
f 4386 4445 4390
f 4380 4445 4386
f 4454 4456 4457
f 4455 4454 4457
f 4450 4454 4455
f 4454 4435 4428
f 4412 4454 4428
f 4449 4454 4412
f 4445 4449 4412
f 4400 4370 4396
f 4370 4420 4426
f 4434 4370 4426
f 4440 4370 4434
f 4454 4450 4446
f 4441 4454 4446
f 4435 4454 4441
f 4373 4376 4370
f 4369 4373 4370
f 4370 4400 4407
f 4413 4370 4407
f 4420 4370 4413
f 4370 4376 4382
f 4387 4370 4382
f 4396 4370 4387
f 947 555 953
f 552 555 947
f 934 552 947
f 549 552 934
f 919 549 934
f 537 549 919
f 894 537 919
f 520 537 894
f 876 520 894
f 499 520 876
f 846 499 876
f 494 499 846
f 803 494 846
f 477 494 803
f 757 477 803
f 457 477 757
f 712 457 757
f 439 457 712
f 646 439 712
f 421 439 646
f 573 757 803
f 573 803 846
f 876 573 846
f 894 573 876
f 573 894 919
f 934 573 919
f 947 573 934
f 712 757 573
f 562 712 573
f 542 712 562
f 532 550 542
f 573 947 953
f 939 573 953
f 608 573 939
f 673 608 939
f 550 532 523
f 515 550 523
f 513 550 515
f 550 513 517
f 526 550 517
f 540 550 526
f 578 646 712
f 542 578 712
f 569 578 542
f 550 569 542
f 812 765 895
f 877 812 895
f 848 812 877
f 673 939 920
f 895 673 920
f 725 673 895
f 765 725 895
f 2892 2879 2880
f 2893 2892 2880
f 2941 2892 2893
f 2942 2941 2893
f 2965 2941 2942
f 2966 2965 2942
f 3022 2965 2966
f 3023 3022 2966
f 3035 3022 3023
f 3036 3035 3023
f 3051 3035 3036
f 3052 3051 3036
f 3073 3051 3052
f 3074 3073 3052
f 3123 3073 3074
f 3124 3123 3074
f 3142 3123 3124
f 3143 3142 3124
f 3169 3142 3143
f 3170 3169 3143
f 3197 3169 3170
f 3198 3197 3170
f 3233 3197 3198
f 3234 3233 3198
f 3263 3233 3234
f 3264 3263 3234
f 3287 3263 3264
f 3288 3287 3264
f 3324 3287 3288
f 3325 3324 3288
f 3357 3324 3325
f 3358 3357 3325
f 3376 3357 3358
f 3377 3376 3358
f 3387 3376 3377
f 3388 3387 3377
f 3416 3387 3388
f 3417 3416 3388
f 3422 3416 3417
f 3423 3422 3417
f 3436 3422 3423
f 3437 3436 3423
f 3446 3436 3437
f 3447 3446 3437
f 3463 3446 3447
f 3464 3463 3447
f 3467 3463 3464
f 3468 3467 3464
f 3496 3467 3468
f 3497 3496 3468
f 3493 3496 3497
f 3494 3493 3497
f 2672 2708 2706
f 2704 2672 2706
f 2672 2704 2685
f 2680 2672 2685
f 2671 2672 2680
f 2710 2720 2724
f 2708 2710 2724
f 2709 2710 2708
f 2672 2709 2708
f 2764 2753 2750
f 2750 2747 2737
f 2741 2750 2737
f 2750 2741 2742
f 2762 2750 2742
f 2764 2750 2762
f 2737 2747 2738
f 2736 2737 2738
f 2720 2737 2736
f 2734 2720 2736
f 2724 2720 2734
f 2801 2821 2826
f 2809 2821 2801
f 2795 2809 2801
f 2774 2809 2795
f 2775 2774 2795
f 2764 2774 2775
f 2760 2764 2775
f 2753 2764 2760
f 2846 2844 2837
f 2801 2846 2837
f 2843 2846 2801
f 2826 2843 2801
f 2873 2874 2871
f 2852 2873 2871
f 2846 2873 2852
f 2845 2846 2852
f 2844 2846 2845
f 2936 2926 2943
f 2926 2936 2906
f 2905 2926 2906
f 2918 2926 2905
f 2902 2874 2873
f 2903 2902 2873
f 2905 2902 2903
f 2908 2905 2903
f 2918 2905 2908
f 2976 2963 2947
f 2989 2963 2976
f 2943 2926 2938
f 2944 2943 2938
f 2947 2943 2944
f 2967 2947 2944
f 2976 2947 2967
f 2992 2989 2976
f 2990 2992 2976
f 2993 2992 2990
f 2047 2052 2046
f 2152 2147 2137
f 2139 2152 2137
f 2156 2152 2139
f 2160 2142 2153
f 2160 2156 2139
f 2140 2160 2139
f 2142 2160 2140
f 2150 2144 2155
f 2157 2150 2155
f 2150 2157 2159
f 2161 2150 2159
f 2151 2150 2161
f 2160 2153 2154
f 2158 2160 2154
f 2161 2160 2158
f 2162 2161 2158
f 2151 2161 2162
f 2126 2149 2117
f 2149 2126 2131
f 2133 2149 2131
f 2150 2149 2133
f 2143 2150 2133
f 2144 2150 2143
f 2117 2149 2132
f 2121 2117 2132
f 2108 2117 2121
f 2120 2108 2121
f 2098 2108 2120
f 2090 2098 2120
f 2081 2090 2120
f 2112 2081 2120
f 2103 2081 2112
f 2081 2103 2089
f 2083 2081 2089
f 2067 2081 2083
f 2051 2067 2083
f 2068 2052 2047
f 2047 2051 2083
f 2080 2047 2083
f 2068 2047 2080
f 2136 2107 2123
f 2127 2136 2123
f 2138 2136 2127
f 2137 2138 2127
f 2141 2138 2137
f 2147 2141 2137
f 2074 2073 2086
f 2101 2074 2086
f 2105 2074 2101
f 2104 2105 2101
f 2107 2105 2104
f 2106 2107 2104
f 2123 2107 2106
f 3494 3592 3582
f 3592 3494 3497
f 3468 3592 3497
f 3579 3592 3468
f 3579 3468 3464
f 3447 3579 3464
f 3562 3579 3447
f 3562 3447 3437
f 3423 3562 3437
f 3528 3562 3423
f 3528 3423 3417
f 3388 3528 3417
f 3503 3528 3388
f 3503 3388 3377
f 3358 3503 3377
f 3408 3503 3358
f 3408 3358 3325
f 3288 3408 3325
f 3336 3408 3288
f 3336 3288 3264
f 3234 3336 3264
f 3248 3336 3234
f 3248 3234 3198
f 3170 3248 3198
f 3157 3248 3170
f 3157 3170 3143
f 3124 3157 3143
f 3077 3157 3124
f 3077 3124 3074
f 3052 3077 3074
f 3019 3077 3052
f 3019 3052 3036
f 3023 3019 3036
f 2922 3019 3023
f 2893 2880 2715
f 2800 2893 2715
f 2942 2893 2800
f 2922 2942 2800
f 2966 2942 2922
f 3023 2966 2922
f 2914 2896 2910
f 2919 2944 2938
f 2593 2742 2741
f 2267 2152 2156
f 2159 2157 2175
f 2191 2155 2144
f 2198 2143 2133
f 2135 2117 2108
f 2167 2098 2090
f 2063 2051 2047
f 2067 2051 2063
f 2180 2067 2063
f 2081 2067 2180
f 2135 2211 2131
f 2126 2135 2131
f 2117 2135 2126
f 2161 2159 2175
f 2286 2161 2175
f 2160 2161 2286
f 2743 2764 2762
f 2742 2743 2762
f 2617 2743 2742
f 2749 2821 2809
f 2774 2749 2809
f 2764 2749 2774
f 2756 2846 2843
f 2826 2756 2843
f 2821 2756 2826
f 2761 2903 2873
f 2846 2761 2873
f 2903 2766 2908
f 2908 2768 2919
f 2919 2938 2926
f 2918 2919 2926
f 2908 2919 2918
f 2910 2993 2990
f 2976 2910 2990
f 2914 2910 2976
f 2967 2914 2976
f 2944 2914 2967
f 2767 2896 2914
f 2770 2767 2914
f 2692 2767 2770
f 2660 2692 2770
f 2661 2692 2660
f 2526 2661 2660
f 2528 2661 2526
f 2617 2742 2593
f 2422 2617 2593
f 2454 2617 2422
f 2255 2454 2422
f 2267 2454 2255
f 2147 2267 2255
f 2152 2267 2147
f 2749 2764 2743
f 2617 2749 2743
f 2626 2749 2617
f 2454 2626 2617
f 2473 2626 2454
f 2267 2473 2454
f 2286 2473 2267
f 2156 2286 2267
f 2160 2286 2156
f 2756 2821 2749
f 2626 2756 2749
f 2636 2756 2626
f 2473 2636 2626
f 2498 2636 2473
f 2286 2498 2473
f 2302 2498 2286
f 2175 2302 2286
f 2191 2302 2175
f 2157 2191 2175
f 2155 2191 2157
f 2761 2846 2756
f 2636 2761 2756
f 2648 2761 2636
f 2498 2648 2636
f 2510 2648 2498
f 2302 2510 2498
f 2313 2510 2302
f 2191 2313 2302
f 2198 2313 2191
f 2144 2198 2191
f 2143 2198 2144
f 2766 2903 2761
f 2648 2766 2761
f 2654 2766 2648
f 2510 2654 2648
f 2515 2654 2510
f 2313 2515 2510
f 2322 2515 2313
f 2198 2322 2313
f 2211 2322 2198
f 2133 2211 2198
f 2131 2211 2133
f 2768 2908 2766
f 2654 2768 2766
f 2657 2768 2654
f 2515 2657 2654
f 2523 2657 2515
f 2322 2523 2515
f 2331 2523 2322
f 2211 2331 2322
f 2220 2331 2211
f 2135 2220 2211
f 2167 2220 2135
f 2108 2167 2135
f 2098 2167 2108
f 2914 2944 2919
f 2768 2914 2919
f 2770 2914 2768
f 2657 2770 2768
f 2660 2770 2657
f 2523 2660 2657
f 2526 2660 2523
f 2331 2526 2523
f 2340 2526 2331
f 2220 2340 2331
f 2230 2340 2220
f 2167 2230 2220
f 2180 2230 2167
f 2090 2180 2167
f 2081 2180 2090
f 2180 2063 2185
f 2233 2180 2185
f 2230 2180 2233
f 2254 2230 2233
f 2340 2230 2254
f 2343 2340 2254
f 2526 2340 2343
f 2490 2526 2343
f 2528 2526 2490
f 2688 2691 2689
f 2366 2491 2367
f 2245 2251 2246
f 2240 2112 2238
f 2645 2750 2753
f 2881 2871 2874
f 2895 2989 2992
f 2886 2963 2989
f 2895 2886 2989
f 2890 2886 2895
f 2886 2936 2943
f 2947 2886 2943
f 2963 2886 2947
f 2936 2886 2883
f 2881 2936 2883
f 2906 2936 2881
f 2881 2874 2902
f 2905 2881 2902
f 2906 2881 2905
f 2791 2780 2837
f 2844 2791 2837
f 2845 2791 2844
f 2769 2760 2775
f 2795 2769 2775
f 2780 2769 2795
f 2801 2780 2795
f 2837 2780 2801
f 2655 2645 2753
f 2724 2734 2627
f 2614 2724 2627
f 2708 2724 2614
f 2627 2734 2736
f 2738 2627 2736
f 2645 2627 2738
f 2747 2645 2738
f 2750 2645 2747
f 2680 2589 2559
f 2589 2680 2685
f 2704 2589 2685
f 2614 2589 2704
f 2706 2614 2704
f 2708 2614 2706
f 2101 2086 2215
f 2239 2101 2215
f 2257 2127 2123
f 2106 2257 2123
f 2239 2257 2106
f 2104 2239 2106
f 2101 2239 2104
f 2137 2127 2257
f 2269 2137 2257
f 2139 2137 2269
f 2269 2290 2142
f 2140 2269 2142
f 2139 2269 2140
f 2153 2186 2154
f 2158 2154 2186
f 2195 2158 2186
f 2162 2158 2195
f 2207 2162 2195
f 2151 2162 2207
f 2150 2151 2207
f 2224 2150 2207
f 2149 2150 2224
f 2238 2112 2120
f 2121 2238 2120
f 2224 2238 2121
f 2132 2224 2121
f 2149 2224 2132
f 2115 2125 2083
f 2089 2115 2083
f 2103 2115 2089
f 2062 2125 2124
f 2062 2046 2052
f 2068 2062 2052
f 2125 2062 2068
f 2080 2125 2068
f 2083 2125 2080
f 2245 2246 2124
f 2125 2245 2124
f 2240 2245 2125
f 2115 2240 2125
f 2112 2240 2115
f 2103 2112 2115
f 2366 2367 2251
f 2245 2366 2251
f 2361 2366 2245
f 2240 2361 2245
f 2349 2361 2240
f 2238 2349 2240
f 2336 2349 2238
f 2224 2336 2238
f 2319 2336 2224
f 2207 2319 2224
f 2307 2319 2207
f 2195 2307 2207
f 2290 2307 2195
f 2186 2290 2195
f 2142 2290 2186
f 2153 2142 2186
f 2539 2541 2491
f 2366 2539 2491
f 2535 2539 2366
f 2361 2535 2366
f 2529 2535 2361
f 2349 2529 2361
f 2522 2529 2349
f 2336 2522 2349
f 2512 2522 2336
f 2319 2512 2336
f 2494 2512 2319
f 2307 2494 2319
f 2468 2494 2307
f 2290 2468 2307
f 2445 2468 2290
f 2269 2445 2290
f 2414 2445 2269
f 2257 2414 2269
f 2390 2414 2257
f 2239 2390 2257
f 2362 2390 2239
f 2215 2362 2239
f 2550 2552 2541
f 2539 2550 2541
f 2548 2550 2539
f 2535 2548 2539
f 2545 2548 2535
f 2529 2545 2535
f 2542 2545 2529
f 2522 2542 2529
f 2531 2542 2522
f 2512 2531 2522
f 2519 2531 2512
f 2494 2519 2512
f 2505 2519 2494
f 2468 2505 2494
f 2479 2505 2468
f 2445 2479 2468
f 2457 2479 2445
f 2414 2457 2445
f 2423 2457 2414
f 2390 2423 2414
f 2401 2423 2390
f 2362 2401 2390
f 2688 2689 2552
f 2550 2688 2552
f 2686 2688 2550
f 2548 2686 2550
f 2681 2686 2548
f 2545 2681 2548
f 2678 2681 2545
f 2542 2678 2545
f 2668 2678 2542
f 2531 2668 2542
f 2655 2668 2531
f 2519 2655 2531
f 2645 2655 2519
f 2505 2645 2519
f 2627 2645 2505
f 2479 2627 2505
f 2614 2627 2479
f 2457 2614 2479
f 2589 2614 2457
f 2423 2589 2457
f 2559 2589 2423
f 2401 2559 2423
f 2819 2822 2691
f 2688 2819 2691
f 2817 2819 2688
f 2686 2817 2688
f 2802 2817 2686
f 2681 2802 2686
f 2791 2802 2681
f 2678 2791 2681
f 2780 2791 2678
f 2668 2780 2678
f 2769 2780 2668
f 2655 2769 2668
f 2760 2769 2655
f 2753 2760 2655
f 2886 2890 2822
f 2819 2886 2822
f 2883 2886 2819
f 2817 2883 2819
f 2881 2883 2817
f 2802 2881 2817
f 2871 2881 2802
f 2791 2871 2802
f 2852 2871 2791
f 2845 2852 2791
f 2713 2891 2878
f 3590 3580 3492
f 3495 3590 3492
f 3588 3590 3495
f 3471 3588 3495
f 3577 3588 3471
f 3462 3577 3471
f 3575 3577 3462
f 3451 3575 3462
f 3560 3575 3451
f 3435 3560 3451
f 3556 3560 3435
f 3427 3556 3435
f 3526 3556 3427
f 3415 3526 3427
f 3524 3526 3415
f 3389 3524 3415
f 3501 3524 3389
f 3375 3501 3389
f 3498 3501 3375
f 3361 3498 3375
f 3406 3498 3361
f 3323 3406 3361
f 3403 3406 3323
f 3290 3403 3323
f 3334 3403 3290
f 2891 2713 2798
f 2811 2891 2798
f 2935 2891 2811
f 2920 2935 2811
f 2964 2935 2920
f 2924 2964 2920
f 3001 2964 2924
f 3017 3001 2924
f 3034 3001 3017
f 3025 3034 3017
f 3045 3034 3025
f 3075 3045 3025
f 3072 3045 3075
f 3081 3072 3075
f 3115 3072 3081
f 3155 3115 3081
f 3141 3115 3155
f 3158 3141 3155
f 3167 3141 3158
f 3246 3167 3158
f 3196 3167 3246
f 3250 3196 3246
f 3230 3196 3250
f 3334 3230 3250
f 3262 3230 3334
f 3290 3262 3334
f 3581 3496 3493
f 2799 2714 2879
f 2892 2799 2879
f 2812 2799 2892
f 2941 2812 2892
f 2921 2812 2941
f 2965 2921 2941
f 2925 2921 2965
f 3022 2925 2965
f 3018 2925 3022
f 3035 3018 3022
f 3026 3018 3035
f 3051 3026 3035
f 3076 3026 3051
f 3073 3076 3051
f 3082 3076 3073
f 3123 3082 3073
f 3156 3082 3123
f 3142 3156 3123
f 3159 3156 3142
f 3169 3159 3142
f 3247 3159 3169
f 3197 3247 3169
f 3251 3247 3197
f 3233 3251 3197
f 3335 3251 3233
f 3496 3581 3591
f 3589 3496 3591
f 3467 3496 3589
f 3578 3467 3589
f 3463 3467 3578
f 3576 3463 3578
f 3446 3463 3576
f 3561 3446 3576
f 3436 3446 3561
f 3557 3436 3561
f 3422 3436 3557
f 3527 3422 3557
f 3416 3422 3527
f 3525 3416 3527
f 3387 3416 3525
f 3502 3387 3525
f 3376 3387 3502
f 3499 3376 3502
f 3357 3376 3499
f 3407 3357 3499
f 3324 3357 3407
f 3404 3324 3407
f 3287 3324 3404
f 3335 3287 3404
f 3263 3287 3335
f 3233 3263 3335
f 2798 2713 2714
f 2799 2798 2714
f 2811 2798 2799
f 2812 2811 2799
f 2920 2811 2812
f 2921 2920 2812
f 2924 2920 2921
f 2925 2924 2921
f 3017 2924 2925
f 3018 3017 2925
f 3025 3017 3018
f 3026 3025 3018
f 3075 3025 3026
f 3076 3075 3026
f 3081 3075 3076
f 3082 3081 3076
f 3155 3081 3082
f 3156 3155 3082
f 3158 3155 3156
f 3159 3158 3156
f 3246 3158 3159
f 3247 3246 3159
f 3250 3246 3247
f 3250 3247 3251
f 3335 3250 3251
f 3334 3250 3335
f 3404 3334 3335
f 3591 3581 3580
f 3590 3591 3580
f 3589 3591 3590
f 3588 3589 3590
f 3578 3589 3588
f 3577 3578 3588
f 3576 3578 3577
f 3575 3576 3577
f 3561 3576 3575
f 3560 3561 3575
f 3557 3561 3560
f 3556 3557 3560
f 3527 3557 3556
f 3526 3527 3556
f 3525 3527 3526
f 3524 3525 3526
f 3502 3525 3524
f 3501 3502 3524
f 3499 3502 3501
f 3498 3499 3501
f 3407 3499 3498
f 3406 3407 3498
f 3404 3407 3406
f 3403 3404 3406
f 3334 3404 3403
f 3286 2998 2932
f 2763 1963 2056
f 2618 1900 1963
f 2763 2618 1963
f 2587 2618 2763
f 2763 2857 3481
f 3454 2763 3481
f 2716 2662 2848
f 2752 2716 2848
f 3771 3750 3353
f 3454 3771 3353
f 3885 3771 3454
f 3905 3885 3454
f 2848 2587 2763
f 3454 2848 2763
f 2932 2848 3454
f 3353 2932 3454
f 3286 2932 3353
f 3042 3166 3114
f 2848 2662 2621
f 2590 2848 2621
f 2587 2848 2590
f 3481 2857 2934
f 3000 3481 2934
f 3044 3481 3000
f 3042 2998 3286
f 3227 3042 3286
f 3166 3042 3227
f 3481 3044 3117
f 3168 3481 3117
f 3231 3481 3168
f 3481 3231 3291
f 3362 3481 3291
f 3391 3481 3362
f 3481 3391 3429
f 3452 3481 3429
f 3479 3481 3452
f 2934 2857 2858
f 2859 2934 2858
f 2862 2934 2859
f 2934 2862 2863
f 2866 2934 2863
f 2868 2934 2866
f 2934 2868 2869
f 2872 2934 2869
f 2875 2934 2872
f 2877 2878 2891
f 2934 2877 2891
f 2876 2877 2934
f 2875 2876 2934
f 2857 2763 2781
f 2782 2857 2781
f 2807 2857 2782
f 2857 2807 2808
f 2810 2857 2808
f 2823 2857 2810
f 2857 2823 2827
f 2833 2857 2827
f 2840 2857 2833
f 2857 2840 2847
f 2853 2857 2847
f 2858 2857 2853
f 3477 3481 3478
f 3481 3477 3475
f 3472 3481 3475
f 3469 3481 3472
f 3481 3469 3466
f 3461 3481 3466
f 3460 3481 3461
f 3481 3460 3458
f 3457 3481 3458
f 3454 3481 3457
f 3479 3491 3490
f 3479 3490 3489
f 3488 3479 3489
f 3487 3479 3488
f 3479 3487 3486
f 3485 3479 3486
f 3484 3479 3485
f 3479 3484 3483
f 3482 3479 3483
f 3481 3479 3482
f 3480 3481 3482
f 3478 3481 3480
f 2934 2891 2935
f 2964 2934 2935
f 3000 2934 2964
f 3000 2964 3001
f 3034 3000 3001
f 3044 3000 3034
f 3044 3034 3045
f 3072 3044 3045
f 3117 3044 3072
f 3117 3072 3115
f 3141 3117 3115
f 3168 3117 3141
f 3168 3141 3167
f 3196 3168 3167
f 3231 3168 3196
f 3231 3196 3230
f 3262 3231 3230
f 3291 3231 3262
f 3291 3262 3290
f 3323 3291 3290
f 3362 3291 3323
f 3362 3323 3361
f 3375 3362 3361
f 3391 3362 3375
f 3391 3375 3389
f 3415 3391 3389
f 3429 3391 3415
f 3429 3415 3427
f 3435 3429 3427
f 3452 3429 3435
f 3452 3435 3451
f 3462 3452 3451
f 3479 3452 3462
f 3471 3479 3462
f 3491 3479 3471
f 3495 3491 3471
f 3492 3491 3495
f 2618 1897 1900
f 1897 2618 2613
f 2612 1897 2613
f 1896 1897 2612
f 2607 1896 2612
f 1893 1896 2607
f 2606 1893 2607
f 1892 1893 2606
f 2598 2595 1882
f 1884 2598 1882
f 2601 2598 1884
f 2601 1884 1886
f 1887 2601 1886
f 2606 2601 1887
f 1890 2606 1887
f 1892 2606 1890
f 1871 2588 2586
f 2591 2588 1871
f 1873 2591 1871
f 2592 2591 1873
f 1875 2592 1873
f 2594 2592 1875
f 1878 2594 1875
f 2595 2594 1878
f 1880 2595 1878
f 1882 2595 1880
f 1860 2582 2581
f 1859 1860 2581
f 2582 1860 1861
f 1862 2582 1861
f 2583 2582 1862
f 1865 2583 1862
f 2584 2583 1865
f 1867 2584 1865
f 2585 2584 1867
f 1868 2585 1867
f 2586 2585 1868
f 1869 2586 1868
f 1871 2586 1869
f 2578 2574 1856
f 1858 2578 1856
f 2579 2578 1858
f 1859 2579 1858
f 2580 2579 1859
f 2581 2580 1859
f 2060 2066 2781
f 2763 2060 2781
f 2056 2060 2763
f 2088 2823 2810
f 2808 2088 2810
f 2084 2088 2808
f 2807 2084 2808
f 2075 2084 2807
f 2782 2075 2807
f 2071 2075 2782
f 2781 2071 2782
f 2070 2071 2781
f 2066 2070 2781
f 2823 2088 2091
f 2096 2823 2091
f 2827 2823 2096
f 2100 2827 2096
f 2833 2827 2100
f 2116 2833 2100
f 2840 2833 2116
f 2122 2840 2116
f 2847 2840 2122
f 2130 2847 2122
f 2853 2847 2130
f 2134 2853 2130
f 2145 2148 2862
f 2859 2145 2862
f 2134 2145 2859
f 2858 2134 2859
f 2853 2134 2858
f 2163 2164 2868
f 2866 2163 2868
f 2148 2163 2866
f 2863 2148 2866
f 2862 2148 2863
f 2171 2172 2877
f 2876 2171 2877
f 2170 2171 2876
f 2875 2170 2876
f 2165 2170 2875
f 2872 2165 2875
f 2164 2165 2872
f 2869 2164 2872
f 2868 2164 2869
f 3454 3911 3905
f 3911 3454 3457
f 3458 3911 3457
f 3912 3911 3458
f 3460 3912 3458
f 3917 3912 3460
f 3461 3917 3460
f 3918 3917 3461
f 3469 3472 3931
f 3930 3469 3931
f 3466 3469 3930
f 3927 3466 3930
f 3461 3466 3927
f 3920 3461 3927
f 3918 3461 3920
f 3942 3480 3482
f 3478 3480 3942
f 3941 3478 3942
f 3477 3478 3941
f 3938 3477 3941
f 3475 3477 3938
f 3934 3475 3938
f 3472 3475 3934
f 3932 3472 3934
f 3931 3472 3932
f 3954 3486 3487
f 3955 3954 3487
f 3486 3954 3953
f 3951 3486 3953
f 3485 3486 3951
f 3950 3485 3951
f 3484 3485 3950
f 3949 3484 3950
f 3483 3484 3949
f 3948 3483 3949
f 3482 3483 3948
f 3946 3482 3948
f 3942 3482 3946
f 3490 3491 3958
f 3957 3490 3958
f 3489 3490 3957
f 3955 3489 3957
f 3488 3489 3955
f 3487 3488 3955
f 3744 3738 3343
f 3353 3744 3343
f 3750 3744 3353
f 3730 3729 3320
f 3322 3730 3320
f 3732 3730 3322
f 3342 3732 3322
f 3735 3732 3342
f 3343 3735 3342
f 3736 3735 3343
f 3738 3736 3343
f 3707 3706 3289
f 3292 3707 3289
f 3714 3707 3292
f 3293 3714 3292
f 3715 3714 3293
f 3298 3715 3293
f 3721 3715 3298
f 3307 3721 3298
f 3724 3721 3307
f 3310 3724 3307
f 3729 3724 3310
f 3319 3729 3310
f 3320 3729 3319
f 3703 3701 3279
f 3284 3703 3279
f 3706 3703 3284
f 3285 3706 3284
f 3289 3706 3285
f 3698 3697 3274
f 3275 3698 3274
f 3701 3698 3275
f 3278 3701 3275
f 3279 3701 3278
f 3693 3691 3266
f 3270 3693 3266
f 3694 3693 3270
f 3271 3694 3270
f 3696 3694 3271
f 3272 3696 3271
f 3697 3696 3272
f 3273 3697 3272
f 3274 3697 3273
f 3805 3773 3774
f 3810 3805 3774
f 3809 3805 3810
f 3820 3809 3810
f 3818 3820 3810
f 3814 3820 3818
f 3795 3814 3818
f 3789 3795 3818
f 3786 3795 3789
f 3755 3786 3789
f 3749 3755 3789
f 3746 3755 3749
f 3689 3746 3749
f 3684 3689 3749
f 3683 3689 3684
f 3637 3683 3684
f 3630 3637 3684
f 3627 3637 3630
f 3549 3627 3630
f 3545 3549 3630
f 3544 3549 3545
f 3434 3544 3545
f 3433 3544 3434
f 3340 3433 3434
f 3339 3433 3340
f 3330 3339 3340
f 3212 3330 3340
f 3211 3330 3212
f 3200 3211 3212
f 3109 3200 3212
f 3108 3200 3109
f 3083 3108 3109
f 3003 3083 3109
f 3004 3083 3003
f 2987 3004 3003
f 2864 2987 3003
f 2865 2987 2864
f 2838 2865 2864
f 2705 2838 2864
f 2707 2838 2705
f 2677 2707 2705
f 2538 2677 2705
f 2540 2677 2538
f 2511 2540 2538
f 2334 2511 2538
f 2333 2511 2334
f 2396 2237 2173
f 2281 2396 2173
f 2616 2396 2281
f 2530 2616 2281
f 2793 2616 2530
f 2727 2793 2530
f 2968 2793 2727
f 2927 2968 2727
f 3093 2968 2927
f 3049 3093 2927
f 3221 3093 3049
f 3189 3221 3049
f 3366 3221 3189
f 3347 3366 3189
f 3509 3366 3347
f 3506 3509 3347
f 3593 3509 3506
f 3595 3593 3506
f 3679 3593 3595
f 3688 3679 3595
f 3763 3679 3688
f 3791 3763 3688
f 3854 3763 3791
f 3897 3854 3791
f 3906 3854 3897
f 3976 3906 3897
f 3933 3906 3976
f 4006 3933 3976
f 3919 3933 4006
f 4004 3919 4006
f 3878 3919 4004
f 3965 3878 4004
f 3959 3878 3965
f 1828 1857 1925
f 1891 1828 1925
f 1810 1828 1891
f 1879 1810 1891
f 1819 1810 1879
f 1899 1819 1879
f 1870 1819 1899
f 1947 1870 1899
f 1944 1870 1947
f 2036 1944 1947
f 2061 1944 2036
f 2196 2061 2036
f 2250 2061 2196
f 2346 2250 2196
f 2488 2250 2346
f 2556 2488 2346
f 2690 2488 2556
f 2748 2690 2556
f 2894 2690 2748
f 2940 2894 2748
f 3038 2894 2940
f 3053 3038 2940
f 3161 3038 3053
f 3190 3161 3053
f 3305 3161 3190
f 3332 3305 3190
f 3445 3305 3332
f 3455 3445 3332
f 3572 3445 3455
f 3570 3572 3455
f 3674 3572 3570
f 3661 3674 3570
f 3692 3674 3661
f 1987 2021 2022
f 1981 1987 2022
f 1983 1987 1981
f 1974 1983 1981
f 1977 1974 1981
f 1979 1974 1977
f 1998 1979 1977
f 2004 1998 1977
f 2006 1998 2004
f 2045 2006 2004
f 2057 2045 2004
f 2058 2045 2057
f 2178 2058 2057
f 2188 2178 2057
f 2189 2178 2188
f 2276 2189 2188
f 2283 2276 2188
f 2287 2276 2283
f 2463 2287 2283
f 2471 2463 2283
f 2472 2463 2471
f 2643 2472 2471
f 2642 2472 2643
f 2785 2642 2643
f 2786 2642 2785
f 2797 2786 2785
f 2951 2797 2785
f 2952 2797 2951
f 2959 2952 2951
f 3047 2959 2951
f 3048 2959 3047
f 3063 3048 3047
f 3164 3063 3047
f 3163 3063 3164
f 3173 3163 3164
f 3277 3173 3164
f 3276 3173 3277
f 3295 3276 3277
f 3401 3295 3277
f 3399 3295 3401
f 3418 3399 3401
f 3518 3418 3401
f 3517 3418 3518
f 3532 3517 3518
f 3597 3532 3518
f 3596 3532 3597
f 3565 3654 3655
f 1901 1927 1937
f 1916 1942 1948
f 1928 1958 1961
f 1941 1969 1973
f 1955 1985 1989
f 1965 1997 2001
f 1972 2007 2008
f 1980 2012 2014
f 1987 2019 2021
f 2018 2019 1987
f 3643 3654 3565
f 3559 3636 3642
f 3553 3625 3634
f 3547 3620 3624
f 3543 3615 3617
f 3538 3608 3611
f 3612 3538 3611
f 3536 3603 3604
f 3534 3599 3600
f 3601 3534 3600
f 3598 3532 3596
f 3533 3532 3598
f 1986 2018 1987
f 1983 1986 1987
f 1970 1986 1983
f 1970 1983 1974
f 1979 1970 1974
f 1995 1970 1979
f 1995 1979 1998
f 2006 1995 1998
f 2044 1995 2006
f 2044 2006 2045
f 2058 2044 2045
f 2176 2044 2058
f 2176 2058 2178
f 2189 2176 2178
f 2275 2176 2189
f 2275 2189 2276
f 2287 2275 2276
f 2462 2275 2287
f 2462 2287 2463
f 2472 2462 2463
f 2637 2462 2472
f 2637 2472 2642
f 2786 2637 2642
f 2794 2637 2786
f 2797 2794 2786
f 2958 2794 2797
f 2958 2797 2952
f 2959 2958 2952
f 3062 2958 2959
f 3062 2959 3048
f 3063 3062 3048
f 3174 3062 3063
f 3174 3063 3163
f 3173 3174 3163
f 3296 3174 3173
f 3296 3173 3276
f 3295 3296 3276
f 3419 3296 3295
f 3419 3295 3399
f 3418 3419 3399
f 3533 3419 3418
f 3517 3533 3418
f 3532 3533 3517
f 3533 3598 3599
f 3534 3533 3599
f 3419 3533 3534
f 3421 3419 3534
f 3296 3419 3421
f 3297 3296 3421
f 3174 3296 3297
f 3175 3174 3297
f 3062 3174 3175
f 3061 3062 3175
f 2958 3062 3061
f 2957 2958 3061
f 2794 2958 2957
f 2792 2794 2957
f 2637 2794 2792
f 2635 2637 2792
f 2462 2637 2635
f 2459 2462 2635
f 2275 2462 2459
f 2273 2275 2459
f 2176 2275 2273
f 2166 2176 2273
f 2044 2176 2166
f 2041 2044 2166
f 1995 2044 2041
f 1991 1995 2041
f 1970 1995 1991
f 1967 1970 1991
f 1986 1970 1967
f 1980 1986 1967
f 2018 1986 1980
f 2014 2018 1980
f 3534 3601 3603
f 3536 3534 3603
f 3421 3534 3536
f 3425 3421 3536
f 3297 3421 3425
f 3299 3297 3425
f 3175 3297 3299
f 3176 3175 3299
f 3061 3175 3176
f 3060 3061 3176
f 2957 3061 3060
f 2956 2957 3060
f 2792 2957 2956
f 2787 2792 2956
f 2635 2792 2787
f 2632 2635 2787
f 2459 2635 2632
f 2453 2459 2632
f 2273 2459 2453
f 2266 2273 2453
f 2166 2273 2266
f 2146 2166 2266
f 2041 2166 2146
f 2038 2041 2146
f 1991 2041 2038
f 1984 1991 2038
f 1967 1991 1984
f 1962 1967 1984
f 1980 1967 1962
f 1972 1980 1962
f 2012 1980 1972
f 2008 2012 1972
f 3536 3604 3608
f 3538 3536 3608
f 3425 3536 3538
f 3428 3425 3538
f 3299 3425 3428
f 3304 3299 3428
f 3176 3299 3304
f 3177 3176 3304
f 3060 3176 3177
f 3059 3060 3177
f 2956 3060 3059
f 2955 2956 3059
f 2787 2956 2955
f 2783 2787 2955
f 2632 2787 2783
f 2625 2632 2783
f 2453 2632 2625
f 2444 2453 2625
f 2266 2453 2444
f 2260 2266 2444
f 2146 2266 2260
f 2129 2146 2260
f 2038 2146 2129
f 2030 2038 2129
f 1984 2038 2030
f 1975 1984 2030
f 1962 1984 1975
f 1956 1962 1975
f 1972 1962 1956
f 1965 1972 1956
f 2007 1972 1965
f 2001 2007 1965
f 3538 3612 3615
f 3543 3538 3615
f 3428 3538 3543
f 3430 3428 3543
f 3304 3428 3430
f 3306 3304 3430
f 3177 3304 3306
f 3178 3177 3306
f 3059 3177 3178
f 3058 3059 3178
f 2955 3059 3058
f 2954 2955 3058
f 2783 2955 2954
f 2777 2783 2954
f 2625 2783 2777
f 2619 2625 2777
f 2444 2625 2619
f 2424 2444 2619
f 2260 2444 2424
f 2258 2260 2424
f 2129 2260 2258
f 2109 2129 2258
f 2030 2129 2109
f 2023 2030 2109
f 1975 2030 2023
f 1964 1975 2023
f 1956 1975 1964
f 1943 1956 1964
f 1965 1956 1943
f 1955 1965 1943
f 1997 1965 1955
f 1989 1997 1955
f 3543 3617 3620
f 3547 3543 3620
f 3430 3543 3547
f 3431 3430 3547
f 3306 3430 3431
f 3309 3306 3431
f 3178 3306 3309
f 3179 3178 3309
f 3058 3178 3179
f 3057 3058 3179
f 2954 3058 3057
f 2953 2954 3057
f 2777 2954 2953
f 2773 2777 2953
f 2619 2777 2773
f 2611 2619 2773
f 2424 2619 2611
f 2412 2424 2611
f 2258 2424 2412
f 2242 2258 2412
f 2109 2258 2242
f 2094 2109 2242
f 2023 2109 2094
f 2009 2023 2094
f 1964 2023 2009
f 1953 1964 2009
f 1943 1964 1953
f 1932 1943 1953
f 1955 1943 1932
f 1941 1955 1932
f 1985 1955 1941
f 1973 1985 1941
f 3547 3624 3625
f 3553 3547 3625
f 3431 3547 3553
f 3432 3431 3553
f 3309 3431 3432
f 3311 3309 3432
f 3179 3309 3311
f 3180 3179 3311
f 3057 3179 3180
f 3056 3057 3180
f 2953 3057 3056
f 2950 2953 3056
f 2773 2953 2950
f 2765 2773 2950
f 2611 2773 2765
f 2597 2611 2765
f 2412 2611 2597
f 2398 2412 2597
f 2242 2412 2398
f 2235 2242 2398
f 2094 2242 2235
f 2076 2094 2235
f 2009 2094 2076
f 1992 2009 2076
f 1953 2009 1992
f 1939 1953 1992
f 1932 1953 1939
f 1923 1932 1939
f 1941 1932 1923
f 1928 1941 1923
f 1969 1941 1928
f 1961 1969 1928
f 3553 3634 3636
f 3559 3553 3636
f 3432 3553 3559
f 3442 3432 3559
f 3311 3432 3442
f 3316 3311 3442
f 3180 3311 3316
f 3183 3180 3316
f 3056 3180 3183
f 3055 3056 3183
f 2950 3056 3055
f 2949 2950 3055
f 2765 2950 2949
f 2757 2765 2949
f 2597 2765 2757
f 2567 2597 2757
f 2398 2597 2567
f 2388 2398 2567
f 2235 2398 2388
f 2218 2235 2388
f 2076 2235 2218
f 2064 2076 2218
f 1992 2076 2064
f 1978 1992 2064
f 1939 1992 1978
f 1926 1939 1978
f 1923 1939 1926
f 1907 1923 1926
f 1928 1923 1907
f 1916 1928 1907
f 1958 1928 1916
f 1948 1958 1916
f 3559 3642 3643
f 3565 3559 3643
f 3442 3559 3565
f 3450 3442 3565
f 3316 3442 3450
f 3326 3316 3450
f 3183 3316 3326
f 3186 3183 3326
f 3055 3183 3186
f 3054 3055 3186
f 2949 3055 3054
f 2946 2949 3054
f 2757 2949 2946
f 2751 2757 2946
f 2567 2757 2751
f 2558 2567 2751
f 2388 2567 2558
f 2363 2388 2558
f 2218 2388 2363
f 2205 2218 2363
f 2064 2218 2205
f 2049 2064 2205
f 1978 2064 2049
f 1960 1978 2049
f 1926 1978 1960
f 1914 1926 1960
f 1907 1926 1914
f 1895 1907 1914
f 1916 1907 1895
f 1901 1916 1895
f 1942 1916 1901
f 1937 1942 1901
f 3565 3655 3661
f 3570 3565 3661
f 3450 3565 3570
f 3455 3450 3570
f 3326 3450 3455
f 3332 3326 3455
f 3186 3326 3332
f 3190 3186 3332
f 3054 3186 3190
f 3053 3054 3190
f 2946 3054 3053
f 2940 2946 3053
f 2751 2946 2940
f 2748 2751 2940
f 2558 2751 2748
f 2556 2558 2748
f 2363 2558 2556
f 2346 2363 2556
f 2205 2363 2346
f 2196 2205 2346
f 2049 2205 2196
f 2036 2049 2196
f 1960 2049 2036
f 1947 1960 2036
f 1914 1960 1947
f 1899 1914 1947
f 1895 1914 1899
f 1879 1895 1899
f 1901 1895 1879
f 1891 1901 1879
f 1927 1901 1891
f 1925 1927 1891
f 2413 2249 2248
f 3902 3873 3865
f 3887 3858 3853
f 3872 3844 3837
f 3859 3829 3821
f 3847 3807 3804
f 3833 3797 3793
f 3822 3784 3783
f 3811 3779 3778
f 3805 3775 3773
f 3776 3775 3805
f 2263 2249 2413
f 2432 2277 2265
f 2451 2296 2280
f 2464 2305 2299
f 2478 2314 2308
f 2492 2321 2318
f 2316 2492 2318
f 2502 2325 2323
f 2507 2330 2328
f 2327 2507 2328
f 2332 2511 2333
f 2509 2511 2332
f 3806 3776 3805
f 3809 3806 3805
f 3823 3806 3809
f 3823 3809 3820
f 3814 3823 3820
f 3798 3823 3814
f 3798 3814 3795
f 3786 3798 3795
f 3757 3798 3786
f 3757 3786 3755
f 3746 3757 3755
f 3690 3757 3746
f 3690 3746 3689
f 3683 3690 3689
f 3638 3690 3683
f 3638 3683 3637
f 3627 3638 3637
f 3550 3638 3627
f 3550 3627 3549
f 3544 3550 3549
f 3438 3550 3544
f 3438 3544 3433
f 3339 3438 3433
f 3331 3438 3339
f 3330 3331 3339
f 3201 3331 3330
f 3201 3330 3211
f 3200 3201 3211
f 3084 3201 3200
f 3084 3200 3108
f 3083 3084 3108
f 2985 3084 3083
f 2985 3083 3004
f 2987 2985 3004
f 2836 2985 2987
f 2836 2987 2865
f 2838 2836 2865
f 2676 2836 2838
f 2676 2838 2707
f 2677 2676 2707
f 2509 2676 2677
f 2540 2509 2677
f 2511 2509 2540
f 2509 2332 2330
f 2507 2509 2330
f 2676 2509 2507
f 2675 2676 2507
f 2836 2676 2675
f 2835 2836 2675
f 2985 2836 2835
f 2984 2985 2835
f 3084 2985 2984
f 3085 3084 2984
f 3201 3084 3085
f 3202 3201 3085
f 3331 3201 3202
f 3333 3331 3202
f 3438 3331 3333
f 3441 3438 3333
f 3550 3438 3441
f 3551 3550 3441
f 3638 3550 3551
f 3639 3638 3551
f 3690 3638 3639
f 3695 3690 3639
f 3757 3690 3695
f 3759 3757 3695
f 3798 3757 3759
f 3803 3798 3759
f 3823 3798 3803
f 3830 3823 3803
f 3806 3823 3830
f 3811 3806 3830
f 3776 3806 3811
f 3778 3776 3811
f 2507 2327 2325
f 2502 2507 2325
f 2675 2507 2502
f 2670 2675 2502
f 2835 2675 2670
f 2832 2835 2670
f 2984 2835 2832
f 2983 2984 2832
f 3085 2984 2983
f 3086 3085 2983
f 3202 3085 3086
f 3203 3202 3086
f 3333 3202 3203
f 3337 3333 3203
f 3441 3333 3337
f 3444 3441 3337
f 3551 3441 3444
f 3552 3551 3444
f 3639 3551 3552
f 3641 3639 3552
f 3695 3639 3641
f 3702 3695 3641
f 3759 3695 3702
f 3761 3759 3702
f 3803 3759 3761
f 3808 3803 3761
f 3830 3803 3808
f 3836 3830 3808
f 3811 3830 3836
f 3822 3811 3836
f 3779 3811 3822
f 3783 3779 3822
f 2502 2323 2321
f 2492 2502 2321
f 2670 2502 2492
f 2663 2670 2492
f 2832 2670 2663
f 2830 2832 2663
f 2983 2832 2830
f 2982 2983 2830
f 3086 2983 2982
f 3087 3086 2982
f 3203 3086 3087
f 3204 3203 3087
f 3337 3203 3204
f 3341 3337 3204
f 3444 3337 3341
f 3448 3444 3341
f 3552 3444 3448
f 3554 3552 3448
f 3641 3552 3554
f 3647 3641 3554
f 3702 3641 3647
f 3709 3702 3647
f 3761 3702 3709
f 3767 3761 3709
f 3808 3761 3767
f 3819 3808 3767
f 3836 3808 3819
f 3846 3836 3819
f 3822 3836 3846
f 3833 3822 3846
f 3784 3822 3833
f 3793 3784 3833
f 2492 2316 2314
f 2478 2492 2314
f 2663 2492 2478
f 2656 2663 2478
f 2830 2663 2656
f 2828 2830 2656
f 2982 2830 2828
f 2981 2982 2828
f 3087 2982 2981
f 3088 3087 2981
f 3204 3087 3088
f 3206 3204 3088
f 3341 3204 3206
f 3345 3341 3206
f 3448 3341 3345
f 3453 3448 3345
f 3554 3448 3453
f 3563 3554 3453
f 3647 3554 3563
f 3652 3647 3563
f 3709 3647 3652
f 3717 3709 3652
f 3767 3709 3717
f 3772 3767 3717
f 3819 3767 3772
f 3834 3819 3772
f 3846 3819 3834
f 3856 3846 3834
f 3833 3846 3856
f 3847 3833 3856
f 3797 3833 3847
f 3804 3797 3847
f 2478 2308 2305
f 2464 2478 2305
f 2656 2478 2464
f 2652 2656 2464
f 2828 2656 2652
f 2824 2828 2652
f 2981 2828 2824
f 2979 2981 2824
f 3088 2981 2979
f 3089 3088 2979
f 3206 3088 3089
f 3208 3206 3089
f 3345 3206 3208
f 3348 3345 3208
f 3453 3345 3348
f 3459 3453 3348
f 3563 3453 3459
f 3566 3563 3459
f 3652 3563 3566
f 3659 3652 3566
f 3717 3652 3659
f 3726 3717 3659
f 3772 3717 3726
f 3781 3772 3726
f 3834 3772 3781
f 3850 3834 3781
f 3856 3834 3850
f 3871 3856 3850
f 3847 3856 3871
f 3859 3847 3871
f 3807 3847 3859
f 3821 3807 3859
f 2464 2299 2296
f 2451 2464 2296
f 2652 2464 2451
f 2646 2652 2451
f 2824 2652 2646
f 2820 2824 2646
f 2979 2824 2820
f 2978 2979 2820
f 3089 2979 2978
f 3090 3089 2978
f 3208 3089 3090
f 3213 3208 3090
f 3348 3208 3213
f 3352 3348 3213
f 3459 3348 3352
f 3470 3459 3352
f 3566 3459 3470
f 3569 3566 3470
f 3659 3566 3569
f 3662 3659 3569
f 3726 3659 3662
f 3731 3726 3662
f 3781 3726 3731
f 3800 3781 3731
f 3850 3781 3800
f 3863 3850 3800
f 3871 3850 3863
f 3881 3871 3863
f 3859 3871 3881
f 3872 3859 3881
f 3829 3859 3872
f 3837 3829 3872
f 2451 2280 2277
f 2432 2451 2277
f 2646 2451 2432
f 2634 2646 2432
f 2820 2646 2634
f 2818 2820 2634
f 2978 2820 2818
f 2975 2978 2818
f 3090 2978 2975
f 3091 3090 2975
f 3213 3090 3091
f 3215 3213 3091
f 3352 3213 3215
f 3359 3352 3215
f 3470 3352 3359
f 3500 3470 3359
f 3569 3470 3500
f 3574 3569 3500
f 3662 3569 3574
f 3665 3662 3574
f 3731 3662 3665
f 3741 3731 3665
f 3800 3731 3741
f 3817 3800 3741
f 3863 3800 3817
f 3876 3863 3817
f 3881 3863 3876
f 3894 3881 3876
f 3872 3881 3894
f 3887 3872 3894
f 3844 3872 3887
f 3853 3844 3887
f 2432 2265 2263
f 2413 2432 2263
f 2634 2432 2413
f 2623 2634 2413
f 2818 2634 2623
f 2803 2818 2623
f 2975 2818 2803
f 2973 2975 2803
f 3091 2975 2973
f 3092 3091 2973
f 3215 3091 3092
f 3217 3215 3092
f 3359 3215 3217
f 3363 3359 3217
f 3500 3359 3363
f 3507 3500 3363
f 3574 3500 3507
f 3586 3574 3507
f 3665 3574 3586
f 3669 3665 3586
f 3741 3665 3669
f 3752 3741 3669
f 3817 3741 3752
f 3839 3817 3752
f 3876 3817 3839
f 3891 3876 3839
f 3894 3876 3891
f 3913 3894 3891
f 3887 3894 3913
f 3902 3887 3913
f 3858 3887 3902
f 3865 3858 3902
f 2413 2248 2237
f 2396 2413 2237
f 2623 2413 2396
f 2616 2623 2396
f 2803 2623 2616
f 2793 2803 2616
f 2973 2803 2793
f 2968 2973 2793
f 3092 2973 2968
f 3093 3092 2968
f 3217 3092 3093
f 3221 3217 3093
f 3363 3217 3221
f 3366 3363 3221
f 3507 3363 3366
f 3509 3507 3366
f 3586 3507 3509
f 3593 3586 3509
f 3669 3586 3593
f 3679 3669 3593
f 3752 3669 3679
f 3763 3752 3679
f 3839 3752 3763
f 3854 3839 3763
f 3891 3839 3854
f 3906 3891 3854
f 3913 3891 3906
f 3933 3913 3906
f 3902 3913 3933
f 3919 3902 3933
f 3873 3902 3919
f 3878 3873 3919
# 9110 faces, 0 coords texture

# End of File
